customer_id,full_name,age,gender,city,account_type,customer_segment,kyc_status,onboarding_date,age_missing_flag,city_missing_flag,kyc_status_missing_flag
CUST00001,Customer 1,18.0,Male,Bengaluru,Current,Retail,Verified,2025-12-09,False,False,False
CUST00002,Customer 2,57.0,Female,Mumbai,Savings,Retail,Verified,2023-11-19,False,False,False
CUST00003,Customer 3,52.0,Female,Pune,Savings,Retail,Verified,2026-01-10,False,False,False
CUST00004,Customer 4,21.0,Male,Kolkata,Savings,Retail,Verified,2024-07-28,False,False,False
CUST00005,Customer 5,70.0,Female,Hyderabad,Savings,Retail,Verified,2022-01-01,False,False,False
CUST00006,Customer 6,30.0,Male,Bengaluru,Savings,Retail,Verified,2025-09-15,False,False,False
CUST00007,Customer 7,32.0,Male,Pune,Savings,Retail,Expired,2025-07-24,False,False,False
CUST00008,Customer 8,28.0,Female,Vijayawada,Savings,SME,Verified,2025-06-18,False,False,False
CUST00009,Customer 9,37.0,Male,Vijayawada,Savings,Retail,Verified,2022-11-20,False,False,False
CUST00010,Customer 10,28.0,Male,Visakhapatnam,Savings,Retail,Verified,2026-06-05,False,False,False
CUST00011,Customer 11,38.0,Male,Hyderabad,Savings,Retail,Verified,2025-01-12,False,False,False
CUST00012,Customer 12,65.0,Male,Delhi,Savings,Retail,Verified,2026-06-23,False,False,False
CUST00013,Customer 13,44.0,Male,Delhi,Savings,Retail,Verified,2024-09-18,False,False,False
CUST00014,Customer 14,71.0,Male,Chennai,Savings,Premium,Verified,2025-06-11,False,False,False
CUST00015,Customer 15,44.0,Male,Kolkata,Savings,Premium,Verified,2023-06-21,False,False,False
CUST00016,Customer 16,34.0,Male,Vijayawada,Savings,Retail,Verified,2023-08-29,False,False,False
CUST00017,Customer 17,63.0,Male,Visakhapatnam,Savings,Retail,Verified,2024-05-08,False,False,False
CUST00018,Customer 18,65.0,Female,Kolkata,Savings,SME,Verified,2022-05-29,False,False,False
CUST00019,Customer 19,67.0,Male,Visakhapatnam,Savings,Retail,Verified,2024-05-13,False,False,False
CUST00020,Customer 20,69.0,Male,Hyderabad,Current,Retail,Verified,2023-07-22,False,False,False
CUST00021,Customer 21,19.0,Female,Bengaluru,Savings,SME,Pending,2024-02-21,False,False,False
CUST00022,Customer 22,45.0,Female,Vijayawada,Savings,Retail,Verified,2025-07-18,True,False,False
CUST00023,Customer 23,33.0,Other,Pune,Savings,Retail,Verified,2023-10-23,False,False,False
CUST00024,Customer 24,32.0,Male,Delhi,Savings,Premium,Verified,2023-06-18,False,False,False
CUST00025,Customer 25,31.0,Female,Pune,Savings,Retail,Verified,2025-10-09,False,False,False
CUST00026,Customer 26,65.0,Female,Pune,Savings,Corporate,Expired,2021-12-20,False,False,False
CUST00027,Customer 27,63.0,Male,Pune,Savings,Retail,Verified,2023-10-23,False,False,False
CUST00028,Customer 28,30.0,Female,Visakhapatnam,Savings,Retail,Pending,2022-10-09,False,False,False
CUST00029,Customer 29,41.0,Male,Bengaluru,Savings,Retail,Verified,2022-09-04,False,False,False
CUST00030,Customer 30,61.0,Female,Hyderabad,Savings,Retail,Verified,2024-01-06,False,False,False
CUST00031,Customer 31,26.0,Female,Kolkata,Current,Premium,Pending,2021-06-20,False,False,False
CUST00032,Customer 32,54.0,Other,Bengaluru,Savings,Retail,Verified,2021-09-14,False,False,False
CUST00033,Customer 33,43.0,Male,Hyderabad,Savings,Retail,Verified,2026-03-28,False,False,False
CUST00034,Customer 34,71.0,Male,Delhi,Savings,Retail,Verified,2025-06-29,False,False,False
CUST00035,Customer 35,60.0,Male,Hyderabad,Savings,Retail,Expired,2023-06-17,False,False,False
CUST00036,Customer 36,31.0,Female,Delhi,Savings,Retail,Verified,2024-08-11,False,False,False
CUST00037,Customer 37,66.0,Female,Kolkata,Savings,Retail,Verified,2025-05-04,False,False,False
CUST00038,Customer 38,64.0,Female,Chennai,Savings,Retail,Pending,2022-11-24,False,False,False
CUST00039,Customer 39,30.0,Male,Chennai,Savings,SME,Verified,2022-11-22,False,False,False
CUST00040,Customer 40,48.0,Female,Mumbai,Savings,Premium,Verified,2023-06-29,False,False,False
CUST00041,Customer 41,64.0,Male,Bengaluru,Current,Corporate,Unknown,2023-11-09,False,False,True
CUST00042,Customer 42,31.0,Male,Mumbai,Savings,Premium,Verified,2021-01-25,False,False,False
CUST00043,Customer 43,32.0,Male,Pune,Savings,Premium,Verified,2026-04-14,False,False,False
CUST00044,Customer 44,27.0,Male,Chennai,Savings,SME,Expired,2022-01-24,False,False,False
CUST00045,Customer 45,18.0,Male,Visakhapatnam,Savings,Retail,Verified,2024-04-27,False,False,False
CUST00046,Customer 46,46.0,Male,Chennai,Current,Retail,Pending,2021-08-05,False,False,False
CUST00047,Customer 47,18.0,Male,Bengaluru,Savings,Retail,Verified,2026-02-26,False,False,False
CUST00048,Customer 48,51.0,Female,Pune,Savings,Premium,Verified,2024-09-25,False,False,False
CUST00049,Customer 49,42.0,Female,Kolkata,Savings,Retail,Verified,2023-09-04,False,False,False
CUST00050,Customer 50,28.0,Female,Delhi,Savings,Retail,Verified,2025-04-23,False,False,False
CUST00051,Customer 51,38.0,Female,Pune,Savings,Retail,Verified,2023-05-21,False,False,False
CUST00052,Customer 52,18.0,Female,Kolkata,Current,Premium,Expired,2022-04-02,False,False,False
CUST00053,Customer 53,26.0,Female,Delhi,Savings,Retail,Pending,2025-02-23,False,False,False
CUST00054,Customer 54,45.0,Male,Hyderabad,Savings,Retail,Verified,2024-09-16,False,False,False
CUST00055,Customer 55,22.0,Male,Vijayawada,Current,SME,Pending,2022-05-24,False,False,False
CUST00056,Customer 56,60.0,Male,Chennai,Savings,Premium,Verified,2021-03-29,False,False,False
CUST00057,Customer 57,32.0,Male,Kolkata,Savings,Retail,Pending,2024-05-07,False,False,False
CUST00058,Customer 58,71.0,Male,Chennai,Savings,Premium,Verified,2025-03-07,False,False,False
CUST00059,Customer 59,27.0,Female,Visakhapatnam,Current,Retail,Verified,2021-03-18,False,False,False
CUST00060,Customer 60,54.0,Female,Vijayawada,Savings,Retail,Verified,2025-12-18,False,False,False
CUST00061,Customer 61,47.0,Male,Bengaluru,Savings,Premium,Verified,2025-05-28,False,False,False
CUST00062,Customer 62,71.0,Female,Delhi,Savings,SME,Verified,2023-01-24,False,False,False
CUST00063,Customer 63,53.0,Male,Bengaluru,Savings,Retail,Verified,2021-02-27,False,False,False
CUST00064,Customer 64,68.0,Male,Visakhapatnam,Current,Retail,Verified,2022-01-01,False,False,False
CUST00065,Customer 65,44.0,Female,Delhi,Savings,Retail,Verified,2021-04-25,False,False,False
CUST00066,Customer 66,30.0,Female,Mumbai,Savings,Retail,Verified,2025-09-13,False,False,False
CUST00067,Customer 67,28.0,Female,Visakhapatnam,Savings,Premium,Verified,2021-01-28,False,False,False
CUST00068,Customer 68,68.0,Female,Vijayawada,Current,Retail,Verified,2025-02-03,False,False,False
CUST00069,Customer 69,29.0,Female,Kolkata,Savings,Retail,Verified,2025-01-04,False,False,False
CUST00070,Customer 70,60.0,Male,Vijayawada,Savings,Retail,Verified,2025-05-14,False,False,False
CUST00071,Customer 71,48.0,Female,Mumbai,Savings,Retail,Verified,2021-02-05,False,False,False
CUST00072,Customer 72,34.0,Female,Kolkata,Savings,Premium,Verified,2024-10-18,False,False,False
CUST00073,Customer 73,41.0,Male,Pune,Savings,Retail,Expired,2025-11-27,False,False,False
CUST00074,Customer 74,64.0,Male,Bengaluru,Savings,SME,Verified,2021-01-11,False,False,False
CUST00075,Customer 75,44.0,Male,Mumbai,Current,SME,Verified,2025-03-31,False,False,False
CUST00076,Customer 76,68.0,Female,Vijayawada,Savings,Retail,Verified,2024-12-03,False,False,False
CUST00077,Customer 77,72.0,Female,Bengaluru,Savings,Premium,Pending,2023-05-20,False,False,False
CUST00078,Customer 78,35.0,Male,Hyderabad,Savings,Retail,Verified,2023-09-30,False,False,False
CUST00079,Customer 79,48.0,Female,Unknown,Savings,Premium,Verified,2021-02-21,False,True,False
CUST00080,Customer 80,48.0,Female,Pune,Savings,Premium,Verified,2024-04-08,False,False,False
CUST00081,Customer 81,49.0,Male,Kolkata,Savings,Retail,Verified,2025-04-08,False,False,False
CUST00082,Customer 82,22.0,Female,Hyderabad,Current,Retail,Verified,2024-12-18,False,False,False
CUST00083,Customer 83,39.0,Male,Chennai,Savings,Retail,Verified,2021-01-26,False,False,False
CUST00084,Customer 84,51.0,Male,Hyderabad,Savings,Retail,Verified,2021-05-19,False,False,False
CUST00085,Customer 85,71.0,Male,Bengaluru,Savings,SME,Verified,2021-02-10,False,False,False
CUST00086,Customer 86,31.0,Male,Pune,Savings,Premium,Verified,2025-10-19,False,False,False
CUST00087,Customer 87,55.0,Male,Delhi,Savings,Retail,Pending,2022-07-29,False,False,False
CUST00088,Customer 88,62.0,Female,Visakhapatnam,Savings,Retail,Unknown,2024-12-17,False,False,True
CUST00089,Customer 89,71.0,Female,Vijayawada,Savings,Retail,Verified,2024-03-30,False,False,False
CUST00090,Customer 90,28.0,Female,Bengaluru,Savings,Premium,Verified,2025-09-11,False,False,False
CUST00091,Customer 91,57.0,Male,Delhi,Savings,Retail,Verified,2025-01-14,False,False,False
CUST00092,Customer 92,36.0,Female,Vijayawada,Savings,SME,Verified,2026-01-09,False,False,False
CUST00093,Customer 93,43.0,Male,Delhi,Savings,Retail,Verified,2025-09-11,False,False,False
CUST00094,Customer 94,18.0,Male,Chennai,Savings,Retail,Verified,2025-04-20,False,False,False
CUST00095,Customer 95,59.0,Female,Visakhapatnam,Savings,Corporate,Verified,2024-09-18,False,False,False
CUST00096,Customer 96,19.0,Male,Bengaluru,Savings,Premium,Verified,2026-04-23,False,False,False
CUST00097,Customer 97,39.0,Female,Hyderabad,Savings,Retail,Unknown,2025-08-27,False,False,True
CUST00098,Customer 98,46.0,Male,Kolkata,Current,Retail,Verified,2022-07-28,False,False,False
CUST00099,Customer 99,45.0,Male,Chennai,Savings,Retail,Verified,2025-09-09,True,False,False
CUST00100,Customer 100,45.0,Female,Delhi,Savings,SME,Verified,2026-01-01,False,False,False
CUST00101,Customer 101,66.0,Female,Mumbai,Savings,Retail,Verified,2022-10-03,False,False,False
CUST00102,Customer 102,25.0,Male,Vijayawada,Savings,Retail,Pending,2023-05-02,False,False,False
CUST00103,Customer 103,33.0,Male,Pune,Savings,Premium,Verified,2023-01-04,False,False,False
CUST00104,Customer 104,32.0,Female,Pune,Savings,Retail,Verified,2024-05-09,False,False,False
CUST00105,Customer 105,40.0,Male,Pune,Savings,Retail,Verified,2021-08-14,False,False,False
CUST00106,Customer 106,18.0,Male,Pune,Savings,Premium,Verified,2025-06-15,False,False,False
CUST00107,Customer 107,42.0,Other,Delhi,Savings,Retail,Verified,2024-08-22,False,False,False
CUST00108,Customer 108,40.0,Male,Bengaluru,Savings,Retail,Verified,2023-12-21,False,False,False
CUST00109,Customer 109,51.0,Male,Visakhapatnam,Savings,Retail,Verified,2025-08-30,False,False,False
CUST00110,Customer 110,51.0,Male,Mumbai,Savings,Retail,Verified,2021-06-14,False,False,False
CUST00111,Customer 111,34.0,Female,Chennai,Savings,Premium,Verified,2023-02-01,False,False,False
CUST00112,Customer 112,42.0,Male,Visakhapatnam,Savings,Retail,Verified,2025-10-07,False,False,False
CUST00113,Customer 113,47.0,Male,Vijayawada,Savings,Retail,Verified,2024-01-12,False,False,False
CUST00114,Customer 114,66.0,Male,Chennai,Savings,Retail,Verified,2023-06-05,False,False,False
CUST00115,Customer 115,22.0,Female,Visakhapatnam,Savings,Retail,Verified,2026-03-15,False,False,False
CUST00116,Customer 116,53.0,Female,Hyderabad,Savings,Retail,Expired,2024-09-17,False,False,False
CUST00117,Customer 117,22.0,Male,Chennai,Savings,SME,Verified,2022-08-18,False,False,False
CUST00118,Customer 118,33.0,Male,Vijayawada,Savings,Retail,Pending,2021-11-29,False,False,False
CUST00119,Customer 119,43.0,Other,Kolkata,Current,Retail,Verified,2022-05-03,False,False,False
CUST00120,Customer 120,65.0,Female,Vijayawada,Savings,SME,Expired,2025-08-03,False,False,False
CUST00121,Customer 121,37.0,Female,Visakhapatnam,Current,Premium,Verified,2023-06-21,False,False,False
CUST00122,Customer 122,46.0,Male,Visakhapatnam,Current,Retail,Verified,2021-02-13,False,False,False
CUST00123,Customer 123,45.0,Female,Pune,Savings,Premium,Verified,2026-03-20,True,False,False
CUST00124,Customer 124,62.0,Female,Pune,Savings,Premium,Verified,2025-03-05,False,False,False
CUST00125,Customer 125,40.0,Female,Mumbai,Savings,Retail,Verified,2026-01-28,False,False,False
CUST00126,Customer 126,50.0,Male,Chennai,Savings,SME,Verified,2025-08-19,False,False,False
CUST00127,Customer 127,66.0,Male,Hyderabad,Savings,SME,Verified,2022-04-21,False,False,False
CUST00128,Customer 128,43.0,Male,Bengaluru,Savings,Retail,Verified,2023-02-25,False,False,False
CUST00129,Customer 129,72.0,Female,Vijayawada,Savings,Retail,Verified,2024-02-05,False,False,False
CUST00130,Customer 130,40.0,Female,Chennai,Savings,SME,Verified,2025-03-16,False,False,False
CUST00131,Customer 131,43.0,Female,Visakhapatnam,Savings,Retail,Pending,2023-03-14,False,False,False
CUST00132,Customer 132,19.0,Female,Hyderabad,Savings,Retail,Verified,2021-01-11,False,False,False
CUST00133,Customer 133,48.0,Female,Kolkata,Current,Retail,Verified,2023-05-16,False,False,False
CUST00134,Customer 134,45.0,Male,Chennai,Savings,Retail,Verified,2025-08-15,False,False,False
CUST00135,Customer 135,42.0,Female,Vijayawada,Savings,Retail,Verified,2021-04-25,False,False,False
CUST00136,Customer 136,54.0,Male,Delhi,Savings,Retail,Verified,2021-08-26,False,False,False
CUST00137,Customer 137,49.0,Male,Mumbai,Savings,Corporate,Verified,2025-08-26,False,False,False
CUST00138,Customer 138,72.0,Female,Visakhapatnam,Savings,Premium,Verified,2023-07-20,False,False,False
CUST00139,Customer 139,41.0,Female,Visakhapatnam,Savings,SME,Expired,2021-10-26,False,False,False
CUST00140,Customer 140,43.0,Male,Chennai,Savings,Retail,Verified,2021-12-27,False,False,False
CUST00141,Customer 141,65.0,Male,Visakhapatnam,Savings,Retail,Verified,2025-02-22,False,False,False
CUST00142,Customer 142,46.0,Male,Bengaluru,Current,Retail,Pending,2025-12-22,False,False,False
CUST00143,Customer 143,32.0,Female,Kolkata,Savings,Corporate,Verified,2024-02-09,False,False,False
CUST00144,Customer 144,48.0,Male,Chennai,Savings,Corporate,Verified,2021-01-16,False,False,False
CUST00145,Customer 145,47.0,Female,Kolkata,Savings,Premium,Pending,2022-01-27,False,False,False
CUST00146,Customer 146,41.0,Female,Visakhapatnam,Savings,Retail,Expired,2022-08-18,False,False,False
CUST00147,Customer 147,48.0,Male,Delhi,Savings,Premium,Unknown,2026-01-10,False,False,True
CUST00148,Customer 148,51.0,Male,Kolkata,Savings,Retail,Verified,2023-08-11,False,False,False
CUST00149,Customer 149,74.0,Male,Hyderabad,Savings,Premium,Verified,2023-07-31,False,False,False
CUST00150,Customer 150,22.0,Female,Hyderabad,Current,SME,Verified,2021-11-24,False,False,False
CUST00151,Customer 151,70.0,Female,Vijayawada,Savings,Premium,Verified,2026-01-02,False,False,False
CUST00152,Customer 152,46.0,Female,Visakhapatnam,Savings,Retail,Verified,2021-10-05,False,False,False
CUST00153,Customer 153,40.0,Male,Hyderabad,Savings,Retail,Verified,2023-04-03,False,False,False
CUST00154,Customer 154,53.0,Male,Delhi,Savings,Retail,Verified,2021-09-19,False,False,False
CUST00155,Customer 155,24.0,Male,Hyderabad,Savings,SME,Verified,2023-11-13,False,False,False
CUST00156,Customer 156,61.0,Female,Delhi,Savings,Premium,Verified,2022-06-11,False,False,False
CUST00157,Customer 157,23.0,Male,Vijayawada,Savings,Retail,Verified,2026-04-24,False,False,False
CUST00158,Customer 158,42.0,Male,Delhi,Savings,Premium,Verified,2026-01-25,False,False,False
CUST00159,Customer 159,29.0,Female,Mumbai,Savings,Retail,Verified,2025-03-02,False,False,False
CUST00160,Customer 160,35.0,Female,Vijayawada,Savings,SME,Pending,2024-06-02,False,False,False
CUST00161,Customer 161,45.0,Female,Delhi,Savings,Retail,Expired,2022-09-02,False,False,False
CUST00162,Customer 162,18.0,Male,Kolkata,Savings,Retail,Verified,2021-11-24,False,False,False
CUST00163,Customer 163,69.0,Female,Hyderabad,Savings,Retail,Verified,2023-11-25,False,False,False
CUST00164,Customer 164,61.0,Male,Bengaluru,Savings,Retail,Verified,2024-03-06,False,False,False
CUST00165,Customer 165,73.0,Female,Delhi,Savings,Retail,Verified,2023-02-08,False,False,False
CUST00166,Customer 166,22.0,Female,Chennai,Current,SME,Verified,2024-05-21,False,False,False
CUST00167,Customer 167,28.0,Male,Hyderabad,Savings,SME,Verified,2025-07-07,False,False,False
CUST00168,Customer 168,46.0,Male,Vijayawada,Savings,Retail,Pending,2022-04-13,False,False,False
CUST00169,Customer 169,67.0,Male,Chennai,Savings,Corporate,Verified,2022-02-11,False,False,False
CUST00170,Customer 170,35.0,Male,Hyderabad,Savings,Retail,Verified,2025-06-26,False,False,False
CUST00171,Customer 171,35.0,Male,Visakhapatnam,Savings,Retail,Verified,2022-07-08,False,False,False
CUST00172,Customer 172,66.0,Female,Vijayawada,Savings,Retail,Verified,2023-03-27,False,False,False
CUST00173,Customer 173,18.0,Female,Vijayawada,Savings,Retail,Verified,2023-04-04,False,False,False
CUST00174,Customer 174,73.0,Male,Delhi,Savings,Premium,Verified,2023-11-19,False,False,False
CUST00175,Customer 175,29.0,Other,Hyderabad,Savings,Retail,Verified,2022-03-25,False,False,False
CUST00176,Customer 176,36.0,Male,Delhi,Savings,Retail,Expired,2023-03-15,False,False,False
CUST00177,Customer 177,36.0,Female,Chennai,Savings,Retail,Pending,2025-04-17,False,False,False
CUST00178,Customer 178,70.0,Other,Vijayawada,Savings,SME,Verified,2025-11-24,False,False,False
CUST00179,Customer 179,65.0,Female,Vijayawada,Savings,Retail,Verified,2025-11-09,False,False,False
CUST00180,Customer 180,37.0,Male,Mumbai,Savings,Premium,Pending,2021-12-31,False,False,False
CUST00181,Customer 181,37.0,Male,Mumbai,Savings,Retail,Verified,2025-09-21,False,False,False
CUST00182,Customer 182,65.0,Female,Bengaluru,Savings,Retail,Verified,2024-08-08,False,False,False
CUST00183,Customer 183,34.0,Male,Mumbai,Savings,SME,Unknown,2022-09-26,False,False,True
CUST00184,Customer 184,64.0,Male,Pune,Savings,Retail,Pending,2022-12-29,False,False,False
CUST00185,Customer 185,65.0,Female,Bengaluru,Savings,Retail,Verified,2024-04-27,False,False,False
CUST00186,Customer 186,56.0,Male,Visakhapatnam,Current,Retail,Verified,2022-10-11,False,False,False
CUST00187,Customer 187,61.0,Female,Vijayawada,Savings,Retail,Verified,2021-02-08,False,False,False
CUST00188,Customer 188,31.0,Male,Kolkata,Savings,Premium,Verified,2025-03-29,False,False,False
CUST00189,Customer 189,50.0,Male,Chennai,Savings,Retail,Verified,2023-07-09,False,False,False
CUST00190,Customer 190,25.0,Male,Chennai,Savings,Premium,Verified,2023-09-06,False,False,False
CUST00191,Customer 191,21.0,Female,Vijayawada,Current,Retail,Verified,2021-12-14,False,False,False
CUST00192,Customer 192,42.0,Female,Vijayawada,Savings,Retail,Expired,2021-07-11,False,False,False
CUST00193,Customer 193,35.0,Male,Mumbai,Savings,Retail,Verified,2025-04-21,False,False,False
CUST00194,Customer 194,26.0,Male,Vijayawada,Current,Premium,Verified,2023-02-01,False,False,False
CUST00195,Customer 195,48.0,Male,Vijayawada,Current,Retail,Verified,2021-05-08,False,False,False
CUST00196,Customer 196,68.0,Female,Delhi,Current,Retail,Verified,2025-11-06,False,False,False
CUST00197,Customer 197,32.0,Female,Visakhapatnam,Current,Retail,Verified,2023-12-12,False,False,False
CUST00198,Customer 198,28.0,Female,Kolkata,Savings,Premium,Verified,2024-11-20,False,False,False
CUST00199,Customer 199,68.0,Male,Vijayawada,Savings,Premium,Verified,2024-03-21,False,False,False
CUST00200,Customer 200,19.0,Male,Vijayawada,Savings,Retail,Verified,2021-04-30,False,False,False
CUST00201,Customer 201,52.0,Male,Visakhapatnam,Savings,Premium,Verified,2021-03-24,False,False,False
CUST00202,Customer 202,50.0,Female,Bengaluru,Savings,Retail,Verified,2023-03-10,False,False,False
CUST00203,Customer 203,45.0,Female,Delhi,Savings,SME,Verified,2022-05-14,False,False,False
CUST00204,Customer 204,42.0,Female,Pune,Savings,SME,Verified,2022-05-22,False,False,False
CUST00205,Customer 205,19.0,Other,Bengaluru,Savings,Premium,Pending,2024-09-12,False,False,False
CUST00206,Customer 206,67.0,Female,Delhi,Savings,Retail,Verified,2022-03-30,False,False,False
CUST00207,Customer 207,21.0,Female,Unknown,Savings,Retail,Verified,2025-10-28,False,True,False
CUST00208,Customer 208,27.0,Female,Chennai,Savings,Retail,Pending,2021-05-06,False,False,False
CUST00209,Customer 209,69.0,Female,Chennai,Savings,Retail,Expired,2025-11-13,False,False,False
CUST00210,Customer 210,38.0,Female,Bengaluru,Savings,Retail,Pending,2021-11-13,False,False,False
CUST00211,Customer 211,44.0,Female,Vijayawada,Savings,Retail,Verified,2024-06-11,False,False,False
CUST00212,Customer 212,55.0,Male,Unknown,Savings,Retail,Verified,2022-11-21,False,True,False
CUST00213,Customer 213,50.0,Female,Kolkata,Savings,Retail,Expired,2023-09-08,False,False,False
CUST00214,Customer 214,72.0,Male,Kolkata,Savings,Retail,Verified,2024-12-05,False,False,False
CUST00215,Customer 215,72.0,Male,Hyderabad,Savings,Premium,Verified,2023-10-09,False,False,False
CUST00216,Customer 216,33.0,Female,Vijayawada,Savings,Retail,Verified,2021-08-15,False,False,False
CUST00217,Customer 217,62.0,Female,Hyderabad,Current,Retail,Verified,2022-03-13,False,False,False
CUST00218,Customer 218,57.0,Female,Bengaluru,Savings,Corporate,Verified,2026-01-20,False,False,False
CUST00219,Customer 219,32.0,Female,Hyderabad,Savings,Premium,Verified,2021-07-24,False,False,False
CUST00220,Customer 220,26.0,Male,Visakhapatnam,Savings,Retail,Verified,2023-11-13,False,False,False
CUST00221,Customer 221,65.0,Male,Delhi,Savings,SME,Verified,2022-04-08,False,False,False
CUST00222,Customer 222,60.0,Female,Bengaluru,Savings,Premium,Verified,2025-03-06,False,False,False
CUST00223,Customer 223,39.0,Male,Vijayawada,Savings,Retail,Verified,2023-08-31,False,False,False
CUST00224,Customer 224,35.0,Male,Visakhapatnam,Savings,Retail,Verified,2022-10-26,False,False,False
CUST00225,Customer 225,58.0,Male,Chennai,Savings,Retail,Verified,2021-10-30,False,False,False
CUST00226,Customer 226,32.0,Male,Kolkata,Current,Corporate,Verified,2025-03-18,False,False,False
CUST00227,Customer 227,44.0,Male,Kolkata,Current,Retail,Verified,2025-01-01,False,False,False
CUST00228,Customer 228,31.0,Other,Delhi,Savings,Retail,Verified,2025-12-14,False,False,False
CUST00229,Customer 229,53.0,Female,Bengaluru,Savings,Retail,Verified,2023-06-08,False,False,False
CUST00230,Customer 230,39.0,Female,Vijayawada,Savings,Premium,Verified,2021-07-24,False,False,False
CUST00231,Customer 231,56.0,Female,Vijayawada,Savings,Retail,Verified,2022-04-23,False,False,False
CUST00232,Customer 232,37.0,Male,Delhi,Savings,Retail,Expired,2023-01-14,False,False,False
CUST00233,Customer 233,54.0,Female,Vijayawada,Savings,SME,Verified,2024-04-12,False,False,False
CUST00234,Customer 234,53.0,Male,Mumbai,Current,Retail,Pending,2024-09-14,False,False,False
CUST00235,Customer 235,44.0,Female,Visakhapatnam,Savings,Retail,Verified,2025-12-18,False,False,False
CUST00236,Customer 236,49.0,Male,Delhi,Savings,Retail,Verified,2026-02-03,False,False,False
CUST00237,Customer 237,28.0,Male,Hyderabad,Savings,Retail,Verified,2024-10-14,False,False,False
CUST00238,Customer 238,61.0,Male,Mumbai,Current,Retail,Verified,2023-09-09,False,False,False
CUST00239,Customer 239,59.0,Female,Visakhapatnam,Savings,Retail,Verified,2026-02-11,False,False,False
CUST00240,Customer 240,35.0,Male,Mumbai,Savings,Retail,Pending,2024-08-04,False,False,False
CUST00241,Customer 241,42.0,Female,Vijayawada,Current,Premium,Pending,2024-01-23,False,False,False
CUST00242,Customer 242,73.0,Male,Bengaluru,Savings,Retail,Pending,2023-03-30,False,False,False
CUST00243,Customer 243,25.0,Male,Chennai,Savings,Premium,Verified,2023-09-15,False,False,False
CUST00244,Customer 244,49.0,Female,Pune,Savings,Retail,Pending,2024-05-13,False,False,False
CUST00245,Customer 245,48.0,Female,Visakhapatnam,Savings,Premium,Verified,2022-07-19,False,False,False
CUST00246,Customer 246,57.0,Male,Kolkata,Current,Retail,Verified,2024-02-16,False,False,False
CUST00247,Customer 247,43.0,Female,Hyderabad,Savings,Retail,Verified,2021-01-20,False,False,False
CUST00248,Customer 248,57.0,Female,Bengaluru,Savings,Retail,Pending,2026-02-19,False,False,False
CUST00249,Customer 249,24.0,Male,Pune,Savings,Retail,Verified,2021-11-07,False,False,False
CUST00250,Customer 250,26.0,Female,Mumbai,Current,Corporate,Verified,2024-06-01,False,False,False
CUST00251,Customer 251,48.0,Male,Kolkata,Savings,SME,Verified,2021-01-25,False,False,False
CUST00252,Customer 252,26.0,Male,Chennai,Savings,Premium,Verified,2021-12-03,False,False,False
CUST00253,Customer 253,19.0,Male,Delhi,Savings,Retail,Verified,2021-10-05,False,False,False
CUST00254,Customer 254,44.0,Male,Vijayawada,Savings,Premium,Verified,2023-10-11,False,False,False
CUST00255,Customer 255,58.0,Male,Vijayawada,Savings,Premium,Verified,2026-04-24,False,False,False
CUST00256,Customer 256,48.0,Female,Mumbai,Savings,Retail,Verified,2026-03-08,False,False,False
CUST00257,Customer 257,68.0,Female,Visakhapatnam,Savings,Retail,Verified,2023-01-09,False,False,False
CUST00258,Customer 258,33.0,Female,Hyderabad,Savings,Retail,Expired,2024-11-17,False,False,False
CUST00259,Customer 259,44.0,Male,Hyderabad,Savings,Retail,Verified,2022-11-22,False,False,False
CUST00260,Customer 260,28.0,Male,Chennai,Savings,Premium,Verified,2022-06-18,False,False,False
CUST00261,Customer 261,32.0,Female,Visakhapatnam,Savings,Retail,Verified,2023-05-03,False,False,False
CUST00262,Customer 262,47.0,Female,Unknown,Current,Retail,Verified,2025-06-14,False,True,False
CUST00263,Customer 263,52.0,Female,Hyderabad,Savings,SME,Pending,2025-11-25,False,False,False
CUST00264,Customer 264,56.0,Female,Bengaluru,Current,Retail,Verified,2024-09-15,False,False,False
CUST00265,Customer 265,33.0,Male,Hyderabad,Savings,Premium,Verified,2021-01-18,False,False,False
CUST00266,Customer 266,31.0,Male,Bengaluru,Savings,Retail,Verified,2023-03-28,False,False,False
CUST00267,Customer 267,41.0,Female,Visakhapatnam,Savings,Premium,Verified,2021-09-21,False,False,False
CUST00268,Customer 268,30.0,Male,Bengaluru,Savings,SME,Verified,2021-07-09,False,False,False
CUST00269,Customer 269,31.0,Male,Mumbai,Savings,SME,Pending,2025-01-13,False,False,False
CUST00270,Customer 270,73.0,Male,Visakhapatnam,Savings,SME,Verified,2021-03-17,False,False,False
CUST00271,Customer 271,37.0,Other,Chennai,Savings,Retail,Verified,2021-02-04,False,False,False
CUST00272,Customer 272,60.0,Female,Bengaluru,Savings,Retail,Verified,2026-05-31,False,False,False
CUST00273,Customer 273,36.0,Male,Mumbai,Current,Premium,Verified,2022-10-06,False,False,False
CUST00274,Customer 274,19.0,Female,Delhi,Savings,Retail,Verified,2024-06-09,False,False,False
CUST00275,Customer 275,20.0,Male,Unknown,Savings,SME,Verified,2021-09-08,False,True,False
CUST00276,Customer 276,74.0,Male,Mumbai,Savings,Retail,Verified,2022-03-10,False,False,False
CUST00277,Customer 277,39.0,Male,Hyderabad,Savings,Retail,Verified,2021-01-14,False,False,False
CUST00278,Customer 278,18.0,Male,Kolkata,Savings,Retail,Pending,2022-06-22,False,False,False
CUST00279,Customer 279,39.0,Male,Hyderabad,Savings,Retail,Unknown,2024-06-04,False,False,True
CUST00280,Customer 280,33.0,Female,Vijayawada,Savings,Retail,Pending,2022-07-15,False,False,False
CUST00281,Customer 281,56.0,Male,Kolkata,Savings,Retail,Verified,2025-04-17,False,False,False
CUST00282,Customer 282,71.0,Male,Delhi,Savings,Retail,Unknown,2024-12-07,False,False,True
CUST00283,Customer 283,69.0,Male,Hyderabad,Current,Retail,Pending,2025-09-30,False,False,False
CUST00284,Customer 284,22.0,Female,Kolkata,Savings,Retail,Verified,2022-10-16,False,False,False
CUST00285,Customer 285,18.0,Female,Bengaluru,Savings,Retail,Verified,2023-01-26,False,False,False
CUST00286,Customer 286,67.0,Female,Chennai,Savings,Retail,Verified,2025-02-26,False,False,False
CUST00287,Customer 287,28.0,Female,Bengaluru,Savings,Premium,Verified,2023-06-20,False,False,False
CUST00288,Customer 288,26.0,Female,Hyderabad,Savings,Retail,Verified,2025-12-17,False,False,False
CUST00289,Customer 289,72.0,Male,Delhi,Savings,Retail,Verified,2024-02-07,False,False,False
CUST00290,Customer 290,28.0,Male,Chennai,Savings,SME,Verified,2023-12-21,False,False,False
CUST00291,Customer 291,67.0,Male,Vijayawada,Savings,Retail,Verified,2021-10-25,False,False,False
CUST00292,Customer 292,63.0,Female,Delhi,Savings,Retail,Verified,2021-03-08,False,False,False
CUST00293,Customer 293,29.0,Male,Chennai,Savings,Retail,Verified,2024-04-30,False,False,False
CUST00294,Customer 294,69.0,Female,Kolkata,Current,Retail,Verified,2025-07-27,False,False,False
CUST00295,Customer 295,54.0,Male,Chennai,Savings,Retail,Verified,2023-12-12,False,False,False
CUST00296,Customer 296,44.0,Male,Mumbai,Savings,Premium,Verified,2024-01-12,False,False,False
CUST00297,Customer 297,46.0,Female,Mumbai,Savings,Corporate,Verified,2021-04-30,False,False,False
CUST00298,Customer 298,20.0,Male,Pune,Savings,Retail,Verified,2021-10-28,False,False,False
CUST00299,Customer 299,68.0,Female,Kolkata,Savings,Premium,Verified,2025-02-27,False,False,False
CUST00300,Customer 300,36.0,Male,Delhi,Current,Retail,Verified,2022-07-17,False,False,False
CUST00301,Customer 301,34.0,Female,Visakhapatnam,Savings,SME,Verified,2024-11-09,False,False,False
CUST00302,Customer 302,18.0,Female,Vijayawada,Savings,Retail,Verified,2022-05-21,False,False,False
CUST00303,Customer 303,33.0,Female,Chennai,Savings,Retail,Verified,2022-02-25,False,False,False
CUST00304,Customer 304,38.0,Male,Delhi,Savings,Retail,Verified,2024-10-24,False,False,False
CUST00305,Customer 305,20.0,Male,Vijayawada,Savings,SME,Verified,2026-05-18,False,False,False
CUST00306,Customer 306,56.0,Female,Chennai,Savings,Retail,Verified,2024-05-21,False,False,False
CUST00307,Customer 307,26.0,Male,Pune,Savings,Retail,Expired,2023-04-20,False,False,False
CUST00308,Customer 308,33.0,Female,Delhi,Savings,Premium,Verified,2025-12-16,False,False,False
CUST00309,Customer 309,45.0,Female,Chennai,Current,Premium,Verified,2024-07-31,False,False,False
CUST00310,Customer 310,55.0,Female,Mumbai,Current,Retail,Verified,2023-05-21,False,False,False
CUST00311,Customer 311,28.0,Female,Mumbai,Current,Premium,Verified,2025-10-22,False,False,False
CUST00312,Customer 312,71.0,Female,Hyderabad,Savings,Premium,Verified,2022-03-18,False,False,False
CUST00313,Customer 313,48.0,Male,Delhi,Savings,Premium,Verified,2025-07-16,False,False,False
CUST00314,Customer 314,45.0,Male,Kolkata,Savings,Premium,Pending,2021-12-23,False,False,False
CUST00315,Customer 315,61.0,Female,Pune,Current,Retail,Verified,2022-04-19,False,False,False
CUST00316,Customer 316,30.0,Male,Kolkata,Savings,SME,Verified,2023-05-06,False,False,False
CUST00317,Customer 317,34.0,Male,Visakhapatnam,Savings,Retail,Verified,2024-05-19,False,False,False
CUST00318,Customer 318,71.0,Female,Bengaluru,Savings,Retail,Verified,2023-12-13,False,False,False
CUST00319,Customer 319,58.0,Female,Delhi,Savings,Retail,Verified,2022-04-03,False,False,False
CUST00320,Customer 320,72.0,Female,Kolkata,Savings,Retail,Verified,2022-12-11,False,False,False
CUST00321,Customer 321,54.0,Male,Mumbai,Savings,Retail,Verified,2024-06-08,False,False,False
CUST00322,Customer 322,25.0,Female,Visakhapatnam,Savings,Retail,Verified,2025-01-07,False,False,False
CUST00323,Customer 323,61.0,Female,Vijayawada,Savings,Retail,Verified,2022-01-24,False,False,False
CUST00324,Customer 324,70.0,Female,Visakhapatnam,Savings,Corporate,Expired,2022-02-11,False,False,False
CUST00325,Customer 325,25.0,Female,Mumbai,Savings,SME,Verified,2025-06-28,False,False,False
CUST00326,Customer 326,34.0,Male,Vijayawada,Savings,Retail,Verified,2023-04-21,False,False,False
CUST00327,Customer 327,63.0,Female,Pune,Savings,Retail,Verified,2023-10-07,False,False,False
CUST00328,Customer 328,25.0,Male,Pune,Savings,Retail,Unknown,2024-08-30,False,False,True
CUST00329,Customer 329,74.0,Female,Bengaluru,Savings,Retail,Verified,2022-09-01,False,False,False
CUST00330,Customer 330,24.0,Other,Pune,Savings,Retail,Verified,2021-02-01,False,False,False
CUST00331,Customer 331,19.0,Male,Delhi,Current,SME,Verified,2025-09-29,False,False,False
CUST00332,Customer 332,62.0,Female,Bengaluru,Savings,Retail,Verified,2026-03-27,False,False,False
CUST00333,Customer 333,18.0,Other,Kolkata,Savings,Corporate,Verified,2025-04-21,False,False,False
CUST00334,Customer 334,23.0,Female,Kolkata,Savings,Retail,Verified,2024-05-05,False,False,False
CUST00335,Customer 335,57.0,Female,Pune,Savings,SME,Verified,2025-01-31,False,False,False
CUST00336,Customer 336,62.0,Female,Visakhapatnam,Savings,Retail,Verified,2021-11-05,False,False,False
CUST00337,Customer 337,69.0,Female,Bengaluru,Savings,Premium,Verified,2023-01-21,False,False,False
CUST00338,Customer 338,31.0,Female,Hyderabad,Savings,Retail,Verified,2021-05-23,False,False,False
CUST00339,Customer 339,65.0,Female,Kolkata,Savings,Premium,Verified,2023-12-18,False,False,False
CUST00340,Customer 340,42.0,Male,Kolkata,Savings,Retail,Verified,2022-08-10,False,False,False
CUST00341,Customer 341,62.0,Male,Mumbai,Current,Retail,Verified,2021-03-10,False,False,False
CUST00342,Customer 342,26.0,Male,Pune,Savings,Retail,Verified,2023-10-24,False,False,False
CUST00343,Customer 343,60.0,Female,Mumbai,Savings,Retail,Verified,2023-05-08,False,False,False
CUST00344,Customer 344,55.0,Female,Vijayawada,Savings,SME,Verified,2026-05-02,False,False,False
CUST00345,Customer 345,41.0,Female,Chennai,Savings,Retail,Verified,2025-11-11,False,False,False
CUST00346,Customer 346,44.0,Female,Visakhapatnam,Savings,Retail,Verified,2026-01-19,False,False,False
CUST00347,Customer 347,28.0,Female,Chennai,Savings,Premium,Verified,2024-03-13,False,False,False
CUST00348,Customer 348,40.0,Male,Chennai,Savings,Retail,Verified,2021-02-15,False,False,False
CUST00349,Customer 349,53.0,Female,Hyderabad,Current,SME,Verified,2022-05-10,False,False,False
CUST00350,Customer 350,64.0,Male,Bengaluru,Savings,Premium,Verified,2025-06-23,False,False,False
CUST00351,Customer 351,52.0,Other,Chennai,Savings,Premium,Verified,2025-08-21,False,False,False
CUST00352,Customer 352,44.0,Male,Delhi,Savings,Premium,Verified,2024-06-24,False,False,False
CUST00353,Customer 353,59.0,Male,Chennai,Savings,Retail,Verified,2024-04-23,False,False,False
CUST00354,Customer 354,58.0,Male,Delhi,Savings,SME,Verified,2026-04-26,False,False,False
CUST00355,Customer 355,72.0,Female,Bengaluru,Savings,Retail,Verified,2026-06-01,False,False,False
CUST00356,Customer 356,63.0,Female,Chennai,Savings,Premium,Verified,2021-09-20,False,False,False
CUST00357,Customer 357,22.0,Female,Mumbai,Savings,Premium,Verified,2021-12-17,False,False,False
CUST00358,Customer 358,53.0,Male,Delhi,Savings,Retail,Verified,2022-08-19,False,False,False
CUST00359,Customer 359,59.0,Male,Bengaluru,Savings,SME,Verified,2022-12-13,False,False,False
CUST00360,Customer 360,73.0,Female,Bengaluru,Savings,SME,Verified,2021-12-14,False,False,False
CUST00361,Customer 361,62.0,Female,Bengaluru,Current,Retail,Verified,2024-08-30,False,False,False
CUST00362,Customer 362,49.0,Female,Visakhapatnam,Current,Retail,Verified,2024-03-10,False,False,False
CUST00363,Customer 363,20.0,Female,Kolkata,Savings,Retail,Verified,2021-10-06,False,False,False
CUST00364,Customer 364,30.0,Female,Kolkata,Current,SME,Verified,2021-04-06,False,False,False
CUST00365,Customer 365,62.0,Male,Mumbai,Current,Retail,Verified,2026-05-22,False,False,False
CUST00366,Customer 366,49.0,Male,Hyderabad,Current,Premium,Verified,2026-06-14,False,False,False
CUST00367,Customer 367,57.0,Male,Bengaluru,Current,Retail,Verified,2021-10-02,False,False,False
CUST00368,Customer 368,32.0,Male,Chennai,Savings,SME,Verified,2021-06-10,False,False,False
CUST00369,Customer 369,63.0,Female,Mumbai,Savings,Retail,Verified,2021-01-03,False,False,False
CUST00370,Customer 370,22.0,Female,Mumbai,Savings,Retail,Verified,2022-04-05,False,False,False
CUST00371,Customer 371,74.0,Male,Hyderabad,Savings,Premium,Verified,2021-08-22,False,False,False
CUST00372,Customer 372,61.0,Female,Bengaluru,Current,Premium,Verified,2022-05-26,False,False,False
CUST00373,Customer 373,57.0,Female,Visakhapatnam,Savings,Retail,Verified,2022-04-08,False,False,False
CUST00374,Customer 374,33.0,Male,Kolkata,Savings,Retail,Pending,2024-11-25,False,False,False
CUST00375,Customer 375,64.0,Male,Vijayawada,Savings,Retail,Verified,2021-10-18,False,False,False
CUST00376,Customer 376,36.0,Female,Chennai,Savings,Retail,Verified,2023-05-21,False,False,False
CUST00377,Customer 377,67.0,Female,Chennai,Savings,SME,Unknown,2021-01-08,False,False,True
CUST00378,Customer 378,75.0,Male,Vijayawada,Savings,SME,Verified,2022-11-20,False,False,False
CUST00379,Customer 379,67.0,Female,Kolkata,Current,Retail,Verified,2025-01-08,False,False,False
CUST00380,Customer 380,41.0,Female,Mumbai,Current,Retail,Verified,2022-02-23,False,False,False
CUST00381,Customer 381,70.0,Male,Kolkata,Savings,Retail,Expired,2024-03-07,False,False,False
CUST00382,Customer 382,43.0,Male,Vijayawada,Savings,Retail,Pending,2021-07-29,False,False,False
CUST00383,Customer 383,65.0,Female,Mumbai,Savings,Retail,Verified,2026-04-25,False,False,False
CUST00384,Customer 384,71.0,Female,Hyderabad,Savings,Premium,Verified,2022-03-05,False,False,False
CUST00385,Customer 385,40.0,Female,Delhi,Savings,Premium,Verified,2026-03-03,False,False,False
CUST00386,Customer 386,63.0,Male,Chennai,Savings,Premium,Verified,2022-01-13,False,False,False
CUST00387,Customer 387,75.0,Male,Chennai,Savings,Premium,Verified,2025-09-15,False,False,False
CUST00388,Customer 388,67.0,Female,Pune,Savings,Premium,Pending,2024-05-02,False,False,False
CUST00389,Customer 389,29.0,Male,Pune,Savings,Retail,Verified,2025-04-25,False,False,False
CUST00390,Customer 390,45.0,Female,Bengaluru,Current,Premium,Verified,2024-07-25,False,False,False
CUST00391,Customer 391,43.0,Male,Chennai,Savings,SME,Verified,2022-06-04,False,False,False
CUST00392,Customer 392,30.0,Female,Mumbai,Savings,Retail,Verified,2025-05-18,False,False,False
CUST00393,Customer 393,30.0,Male,Kolkata,Savings,Retail,Verified,2026-03-06,False,False,False
CUST00394,Customer 394,21.0,Female,Kolkata,Savings,Retail,Verified,2021-07-27,False,False,False
CUST00395,Customer 395,58.0,Female,Mumbai,Savings,Retail,Pending,2026-02-10,False,False,False
CUST00396,Customer 396,22.0,Female,Pune,Current,Retail,Verified,2022-06-30,False,False,False
CUST00397,Customer 397,25.0,Male,Kolkata,Savings,Premium,Verified,2022-01-15,False,False,False
CUST00398,Customer 398,25.0,Female,Hyderabad,Savings,SME,Verified,2022-04-24,False,False,False
CUST00399,Customer 399,48.0,Female,Mumbai,Current,Retail,Verified,2026-02-22,False,False,False
CUST00400,Customer 400,33.0,Female,Unknown,Savings,Premium,Verified,2023-09-28,False,True,False
CUST00401,Customer 401,44.0,Male,Delhi,Savings,Premium,Pending,2022-02-02,False,False,False
CUST00402,Customer 402,63.0,Male,Mumbai,Savings,SME,Verified,2022-03-07,False,False,False
CUST00403,Customer 403,38.0,Female,Pune,Savings,Retail,Verified,2026-03-04,False,False,False
CUST00404,Customer 404,31.0,Female,Kolkata,Savings,Premium,Verified,2022-03-21,False,False,False
CUST00405,Customer 405,22.0,Male,Visakhapatnam,Savings,Retail,Verified,2026-05-07,False,False,False
CUST00406,Customer 406,42.0,Male,Kolkata,Savings,Retail,Verified,2021-08-12,False,False,False
CUST00407,Customer 407,65.0,Male,Delhi,Savings,Premium,Pending,2023-12-15,False,False,False
CUST00408,Customer 408,44.0,Male,Chennai,Savings,Premium,Verified,2021-02-25,False,False,False
CUST00409,Customer 409,33.0,Male,Delhi,Savings,Retail,Verified,2021-05-08,False,False,False
CUST00410,Customer 410,35.0,Female,Delhi,Savings,Retail,Verified,2024-11-24,False,False,False
CUST00411,Customer 411,18.0,Male,Pune,Savings,Retail,Verified,2026-03-18,False,False,False
CUST00412,Customer 412,28.0,Female,Vijayawada,Savings,Premium,Verified,2024-10-06,False,False,False
CUST00413,Customer 413,23.0,Male,Kolkata,Savings,SME,Verified,2024-06-17,False,False,False
CUST00414,Customer 414,33.0,Female,Kolkata,Current,Premium,Verified,2025-07-04,False,False,False
CUST00415,Customer 415,72.0,Female,Chennai,Savings,Retail,Verified,2025-06-15,False,False,False
CUST00416,Customer 416,67.0,Male,Bengaluru,Savings,Retail,Verified,2023-01-10,False,False,False
CUST00417,Customer 417,61.0,Male,Vijayawada,Current,Retail,Verified,2021-09-11,False,False,False
CUST00418,Customer 418,75.0,Male,Delhi,Savings,Corporate,Verified,2025-09-01,False,False,False
CUST00419,Customer 419,35.0,Other,Visakhapatnam,Savings,Premium,Verified,2023-03-31,False,False,False
CUST00420,Customer 420,39.0,Male, Delhi ,Current,Retail,Verified,2024-01-26,False,False,False
CUST00421,Customer 421,20.0,Female,Vijayawada,Current,Premium,Verified,2024-06-28,False,False,False
CUST00422,Customer 422,44.0,Male,Kolkata,Savings,Premium,Verified,2024-06-08,False,False,False
CUST00423,Customer 423,47.0,Female,Chennai,Savings,Premium,Pending,2023-09-25,False,False,False
CUST00424,Customer 424,37.0,Male,Mumbai,Savings,Premium,Verified,2022-10-28,False,False,False
CUST00425,Customer 425,56.0,Male,Chennai,Current,Corporate,Verified,2021-07-23,False,False,False
CUST00426,Customer 426,39.0,Female,Chennai,Savings,Premium,Verified,2022-02-08,False,False,False
CUST00427,Customer 427,43.0,Female,Vijayawada,Savings,Retail,Verified,2024-05-19,False,False,False
CUST00428,Customer 428,57.0,Male,Mumbai,Savings,SME,Verified,2025-12-10,False,False,False
CUST00429,Customer 429,58.0,Female,Vijayawada,Current,Premium,Verified,2024-12-05,False,False,False
CUST00430,Customer 430,60.0,Male,Bengaluru,Savings,Corporate,Expired,2025-04-15,False,False,False
CUST00431,Customer 431,58.0,Male,Chennai,Savings,Premium,Verified,2023-07-09,False,False,False
CUST00432,Customer 432,36.0,Female,Mumbai,Savings,Retail,Verified,2024-01-10,False,False,False
CUST00433,Customer 433,31.0,Female,Kolkata,Savings,Retail,Expired,2021-09-27,False,False,False
CUST00434,Customer 434,26.0,Other,Vijayawada,Current,Retail,Verified,2022-10-20,False,False,False
CUST00435,Customer 435,36.0,Other,Vijayawada,Savings,SME,Verified,2025-06-24,False,False,False
CUST00436,Customer 436,59.0,Female,Mumbai,Savings,Retail,Verified,2024-11-25,False,False,False
CUST00437,Customer 437,66.0,Female,Hyderabad,Savings,SME,Expired,2022-09-20,False,False,False
CUST00438,Customer 438,43.0,Male,Hyderabad,Current,Retail,Verified,2025-05-05,False,False,False
CUST00439,Customer 439,22.0,Male,Bengaluru,Savings,Retail,Verified,2025-02-02,False,False,False
CUST00440,Customer 440,71.0,Male,Bengaluru,Savings,Retail,Verified,2021-11-29,False,False,False
CUST00441,Customer 441,65.0,Male,Delhi,Savings,Corporate,Pending,2021-07-05,False,False,False
CUST00442,Customer 442,41.0,Female,Pune,Current,Retail,Verified,2023-12-28,False,False,False
CUST00443,Customer 443,53.0,Female,Vijayawada,Savings,SME,Verified,2021-10-06,False,False,False
CUST00444,Customer 444,19.0,Female,Mumbai,Savings,Retail,Verified,2023-04-05,False,False,False
CUST00445,Customer 445,41.0,Female,Mumbai,Savings,Retail,Verified,2022-05-12,False,False,False
CUST00446,Customer 446,60.0,Male,Pune,Savings,Premium,Verified,2025-01-13,False,False,False
CUST00447,Customer 447,61.0,Female,Vijayawada,Savings,Premium,Verified,2022-12-03,False,False,False
CUST00448,Customer 448,75.0,Female,Bengaluru,Savings,Retail,Verified,2024-02-26,False,False,False
CUST00449,Customer 449,47.0,Female,Chennai,Savings,SME,Verified,2023-11-30,False,False,False
CUST00450,Customer 450,45.0,Female,Mumbai,Savings,Retail,Verified,2022-07-17,False,False,False
CUST00451,Customer 451,49.0,Male,Vijayawada,Savings,Retail,Verified,2025-09-09,False,False,False
CUST00452,Customer 452,73.0,Male,Kolkata,Savings,Retail,Verified,2021-04-03,False,False,False
CUST00453,Customer 453,25.0,Female,Visakhapatnam,Current,Retail,Expired,2022-02-15,False,False,False
CUST00454,Customer 454,27.0,Female,Hyderabad,Savings,SME,Pending,2024-08-13,False,False,False
CUST00455,Customer 455,64.0,Female,Chennai,Savings,Retail,Expired,2024-05-09,False,False,False
CUST00456,Customer 456,45.0,Male,Visakhapatnam,Savings,Corporate,Pending,2022-11-13,True,False,False
CUST00457,Customer 457,54.0,Female,Mumbai,Savings,Premium,Verified,2022-09-28,False,False,False
CUST00458,Customer 458,37.0,Male,Visakhapatnam,Savings,Premium,Verified,2023-09-26,False,False,False
CUST00459,Customer 459,61.0,Male,Kolkata,Savings,Retail,Verified,2023-12-19,False,False,False
CUST00460,Customer 460,41.0,Male,Delhi,Savings,Retail,Pending,2022-07-29,False,False,False
CUST00461,Customer 461,27.0,Male,Chennai,Savings,Retail,Verified,2024-08-25,False,False,False
CUST00462,Customer 462,70.0,Male,Visakhapatnam,Savings,Retail,Verified,2024-02-06,False,False,False
CUST00463,Customer 463,18.0,Male,Bengaluru,Savings,Retail,Verified,2023-03-13,False,False,False
CUST00464,Customer 464,74.0,Female,Pune,Savings,Premium,Verified,2022-08-30,False,False,False
CUST00465,Customer 465,20.0,Female,Chennai,Savings,Retail,Verified,2025-03-04,False,False,False
CUST00466,Customer 466,47.0,Female,Bengaluru,Savings,Premium,Pending,2023-03-24,False,False,False
CUST00467,Customer 467,70.0,Male,Mumbai,Savings,Retail,Verified,2023-09-11,False,False,False
CUST00468,Customer 468,58.0,Male,Delhi,Savings,Retail,Verified,2021-03-10,False,False,False
CUST00469,Customer 469,30.0,Male,Delhi,Current,Retail,Verified,2022-02-22,False,False,False
CUST00470,Customer 470,54.0,Other,Bengaluru,Savings,Retail,Verified,2023-10-29,False,False,False
CUST00471,Customer 471,30.0,Female,Mumbai,Savings,Premium,Verified,2023-07-27,False,False,False
CUST00472,Customer 472,67.0,Female,Hyderabad,Current,Premium,Verified,2025-02-12,False,False,False
CUST00473,Customer 473,21.0,Female,Delhi,Current,Retail,Verified,2023-01-29,False,False,False
CUST00474,Customer 474,24.0,Female,Chennai,Savings,Retail,Verified,2026-03-31,False,False,False
CUST00475,Customer 475,59.0,Female,Visakhapatnam,Savings,Retail,Expired,2021-09-01,False,False,False
CUST00476,Customer 476,50.0,Female,Pune,Savings,Premium,Verified,2024-12-28,False,False,False
CUST00477,Customer 477,45.0,Female,Unknown,Savings,Retail,Pending,2024-06-03,True,True,False
CUST00478,Customer 478,64.0,Male,Chennai,Savings,Retail,Verified,2024-06-15,False,False,False
CUST00479,Customer 479,22.0,Female,Visakhapatnam,Savings,Retail,Verified,2021-01-03,False,False,False
CUST00480,Customer 480,62.0,Male,Bengaluru,Current,Retail,Verified,2023-10-23,False,False,False
CUST00481,Customer 481,39.0,Male,Vijayawada,Savings,SME,Verified,2024-08-01,False,False,False
CUST00482,Customer 482,62.0,Male,Mumbai,Savings,Retail,Verified,2021-02-12,False,False,False
CUST00483,Customer 483,29.0,Male, Kolkata ,Savings,SME,Verified,2023-02-18,False,False,False
CUST00484,Customer 484,74.0,Male,Bengaluru,Savings,Premium,Pending,2022-07-21,False,False,False
CUST00485,Customer 485,45.0,Male,Visakhapatnam,Savings,Premium,Verified,2026-04-05,False,False,False
CUST00486,Customer 486,19.0,Female,Bengaluru,Savings,Retail,Verified,2022-01-27,False,False,False
CUST00487,Customer 487,59.0,Male,Mumbai,Savings,Corporate,Pending,2024-11-17,False,False,False
CUST00488,Customer 488,24.0,Male,Mumbai,Savings,Premium,Verified,2022-10-02,False,False,False
CUST00489,Customer 489,52.0,Male,Bengaluru,Current,Retail,Verified,2022-12-17,False,False,False
CUST00490,Customer 490,26.0,Female,Hyderabad,Savings,Premium,Pending,2024-08-31,False,False,False
CUST00491,Customer 491,30.0,Female,Bengaluru,Savings,Premium,Verified,2022-06-20,False,False,False
CUST00492,Customer 492,51.0,Female,Vijayawada,Savings,Premium,Pending,2021-06-16,False,False,False
CUST00493,Customer 493,51.0,Female,Hyderabad,Savings,SME,Verified,2024-03-15,False,False,False
CUST00494,Customer 494,45.0,Female,Pune,Current,Retail,Pending,2022-04-22,True,False,False
CUST00495,Customer 495,34.0,Female,Visakhapatnam,Savings,Retail,Verified,2022-01-21,False,False,False
CUST00496,Customer 496,21.0,Male,Pune,Savings,Premium,Verified,2023-03-28,False,False,False
CUST00497,Customer 497,37.0,Female,Bengaluru,Savings,Retail,Pending,2024-01-31,False,False,False
CUST00498,Customer 498,34.0,Male,Vijayawada,Savings,Retail,Verified,2026-01-14,False,False,False
CUST00499,Customer 499,75.0,Female,Pune,Savings,Retail,Verified,2025-02-17,False,False,False
CUST00500,Customer 500,40.0,Male,Chennai,Savings,Retail,Verified,2023-11-04,False,False,False
CUST00501,Customer 501,49.0,Male,Hyderabad,Savings,Retail,Verified,2021-10-27,False,False,False
CUST00502,Customer 502,47.0,Male,Visakhapatnam,Savings,Retail,Verified,2024-10-04,False,False,False
CUST00503,Customer 503,71.0,Female,Chennai,Savings,Corporate,Verified,2024-06-25,False,False,False
CUST00504,Customer 504,61.0,Other,Chennai,Savings,Corporate,Verified,2025-08-20,False,False,False
CUST00505,Customer 505,50.0,Male,Bengaluru,Savings,Premium,Verified,2024-11-06,False,False,False
CUST00506,Customer 506,46.0,Female,Mumbai,Savings,Premium,Verified,2025-05-08,False,False,False
CUST00507,Customer 507,70.0,Female,Pune,Savings,Retail,Verified,2022-08-23,False,False,False
CUST00508,Customer 508,65.0,Male,Visakhapatnam,Savings,Premium,Verified,2022-03-21,False,False,False
CUST00509,Customer 509,58.0,Female,Vijayawada,Current,Retail,Verified,2021-04-11,False,False,False
CUST00510,Customer 510,49.0,Female,Vijayawada,Savings,Retail,Expired,2022-03-05,False,False,False
CUST00511,Customer 511,24.0,Female,Mumbai,Savings,Retail,Verified,2025-09-16,False,False,False
CUST00512,Customer 512,38.0,Male,Vijayawada,Savings,Retail,Verified,2021-07-27,False,False,False
CUST00513,Customer 513,58.0,Female,Chennai,Savings,Premium,Expired,2025-10-09,False,False,False
CUST00514,Customer 514,64.0,Female,Pune,Savings,Retail,Expired,2026-01-10,False,False,False
CUST00515,Customer 515,57.0,Female,Delhi,Savings,Retail,Verified,2021-10-29,False,False,False
CUST00516,Customer 516,28.0,Female,Mumbai,Savings,Premium,Verified,2024-12-25,False,False,False
CUST00517,Customer 517,30.0,Female,Hyderabad,Savings,Retail,Expired,2025-07-11,False,False,False
CUST00518,Customer 518,69.0,Female,Delhi,Savings,SME,Verified,2026-06-23,False,False,False
CUST00519,Customer 519,38.0,Male,Delhi,Current,Retail,Verified,2025-11-03,False,False,False
CUST00520,Customer 520,57.0,Male,Delhi,Savings,Retail,Pending,2022-04-11,False,False,False
CUST00521,Customer 521,29.0,Female,Delhi,Current,Premium,Unknown,2022-06-14,False,False,True
CUST00522,Customer 522,73.0,Female,Bengaluru,Savings,Retail,Verified,2024-04-04,False,False,False
CUST00523,Customer 523,34.0,Female,Vijayawada,Savings,Retail,Pending,2022-11-22,False,False,False
CUST00524,Customer 524,30.0,Male,Vijayawada,Savings,Premium,Verified,2023-11-10,False,False,False
CUST00525,Customer 525,33.0,Female,Pune,Savings,Retail,Verified,2025-11-03,False,False,False
CUST00526,Customer 526,31.0,Male,Vijayawada,Savings,SME,Verified,2022-02-02,False,False,False
CUST00527,Customer 527,23.0,Male,Bengaluru,Savings,SME,Verified,2023-09-14,False,False,False
CUST00528,Customer 528,44.0,Female,Mumbai,Savings,Retail,Verified,2023-05-16,False,False,False
CUST00529,Customer 529,51.0,Male,Visakhapatnam,Current,Retail,Verified,2022-10-07,False,False,False
CUST00530,Customer 530,26.0,Male,Kolkata,Savings,Retail,Verified,2022-04-20,False,False,False
CUST00531,Customer 531,44.0,Female,Hyderabad,Savings,SME,Verified,2022-03-22,False,False,False
CUST00532,Customer 532,20.0,Male,Mumbai,Savings,Retail,Verified,2022-02-04,False,False,False
CUST00533,Customer 533,49.0,Male,Kolkata,Savings,Retail,Verified,2021-04-04,False,False,False
CUST00534,Customer 534,38.0,Male,Bengaluru,Savings,Retail,Verified,2025-12-06,False,False,False
CUST00535,Customer 535,57.0,Female,Delhi,Savings,Retail,Verified,2022-05-15,False,False,False
CUST00536,Customer 536,61.0,Female,Kolkata,Current,Retail,Verified,2024-01-05,False,False,False
CUST00537,Customer 537,27.0,Male,Vijayawada,Savings,SME,Verified,2026-03-09,False,False,False
CUST00538,Customer 538,69.0,Female,Vijayawada,Savings,Retail,Verified,2021-03-17,False,False,False
CUST00539,Customer 539,63.0,Male,Kolkata,Savings,Retail,Verified,2024-10-31,False,False,False
CUST00540,Customer 540,31.0,Male,Pune,Savings,SME,Pending,2026-03-21,False,False,False
CUST00541,Customer 541,43.0,Female,Pune,Savings,Retail,Verified,2024-11-07,False,False,False
CUST00542,Customer 542,72.0,Male,Pune,Current,Corporate,Verified,2021-05-08,False,False,False
CUST00543,Customer 543,69.0,Other,Vijayawada,Savings,Retail,Verified,2021-06-15,False,False,False
CUST00544,Customer 544,22.0,Female,Chennai,Savings,Retail,Verified,2022-09-24,False,False,False
CUST00545,Customer 545,69.0,Male,Delhi,Current,SME,Verified,2024-04-24,False,False,False
CUST00546,Customer 546,22.0,Male,Pune,Current,SME,Verified,2025-11-17,False,False,False
CUST00547,Customer 547,37.0,Male,Hyderabad,Savings,Retail,Verified,2024-01-06,False,False,False
CUST00548,Customer 548,58.0,Female,Visakhapatnam,Savings,Premium,Pending,2022-05-25,False,False,False
CUST00549,Customer 549,65.0,Female,Chennai,Savings,Retail,Verified,2022-11-05,False,False,False
CUST00550,Customer 550,21.0,Female,Chennai,Savings,Retail,Pending,2022-02-24,False,False,False
CUST00551,Customer 551,73.0,Female,Vijayawada,Savings,Retail,Verified,2021-04-12,False,False,False
CUST00552,Customer 552,74.0,Male,Bengaluru,Savings,SME,Verified,2026-04-29,False,False,False
CUST00553,Customer 553,40.0,Male,Kolkata,Current,Corporate,Verified,2025-05-10,False,False,False
CUST00554,Customer 554,33.0,Male,Visakhapatnam,Savings,Premium,Verified,2022-07-25,False,False,False
CUST00555,Customer 555,24.0,Female,Pune,Savings,Premium,Verified,2026-02-24,False,False,False
CUST00556,Customer 556,25.0,Female,Vijayawada,Savings,Premium,Verified,2021-06-18,False,False,False
CUST00557,Customer 557,21.0,Female,Pune,Current,Retail,Verified,2023-04-13,False,False,False
CUST00558,Customer 558,62.0,Male,Bengaluru,Current,Premium,Verified,2022-08-03,False,False,False
CUST00559,Customer 559,42.0,Male,Chennai,Current,Premium,Verified,2025-09-01,False,False,False
CUST00560,Customer 560,42.0,Male,Vijayawada,Savings,Retail,Verified,2024-07-30,False,False,False
CUST00561,Customer 561,33.0,Female,Chennai,Savings,Retail,Verified,2024-12-04,False,False,False
CUST00562,Customer 562,70.0,Female,Vijayawada,Savings,Retail,Verified,2024-04-02,False,False,False
CUST00563,Customer 563,48.0,Female,Bengaluru,Savings,Retail,Verified,2022-04-10,False,False,False
CUST00564,Customer 564,46.0,Male,Chennai,Savings,Premium,Verified,2023-12-22,False,False,False
CUST00565,Customer 565,40.0,Male,Pune,Savings,Retail,Verified,2026-01-25,False,False,False
CUST00566,Customer 566,18.0,Male,Chennai,Savings,Premium,Verified,2021-06-09,False,False,False
CUST00567,Customer 567,27.0,Male,Mumbai,Savings,Retail,Verified,2023-05-26,False,False,False
CUST00568,Customer 568,27.0,Female,Bengaluru,Savings,SME,Verified,2022-04-04,False,False,False
CUST00569,Customer 569,42.0,Female,Pune,Savings,Retail,Verified,2021-01-28,False,False,False
CUST00570,Customer 570,23.0,Female,Pune,Savings,Retail,Verified,2024-04-22,False,False,False
CUST00571,Customer 571,70.0,Male,Mumbai,Savings,SME,Verified,2023-12-02,False,False,False
CUST00572,Customer 572,28.0,Male,Pune,Current,SME,Verified,2021-08-08,False,False,False
CUST00573,Customer 573,51.0,Female,Hyderabad,Savings,SME,Verified,2021-08-15,False,False,False
CUST00574,Customer 574,33.0,Female,Pune,Current,Corporate,Verified,2024-09-14,False,False,False
CUST00575,Customer 575,23.0,Male,Pune,Savings,Premium,Expired,2023-05-31,False,False,False
CUST00576,Customer 576,22.0,Female,Chennai,Savings,Retail,Verified,2023-03-11,False,False,False
CUST00577,Customer 577,45.0,Female,Mumbai,Savings,Retail,Verified,2026-06-18,False,False,False
CUST00578,Customer 578,68.0,Female,Delhi,Savings,Retail,Verified,2025-02-23,False,False,False
CUST00579,Customer 579,60.0,Male,Vijayawada,Savings,Retail,Verified,2025-02-05,False,False,False
CUST00580,Customer 580,57.0,Male,Chennai,Savings,Retail,Expired,2021-08-06,False,False,False
CUST00581,Customer 581,54.0,Male,Vijayawada,Savings,Retail,Verified,2022-02-04,False,False,False
CUST00582,Customer 582,43.0,Male,Mumbai,Savings,Retail,Verified,2026-03-14,False,False,False
CUST00583,Customer 583,58.0,Male,Chennai,Savings,Corporate,Pending,2021-04-22,False,False,False
CUST00584,Customer 584,70.0,Female,Mumbai,Current,SME,Verified,2022-01-09,False,False,False
CUST00585,Customer 585,48.0,Male,Bengaluru,Current,Retail,Verified,2022-09-11,False,False,False
CUST00586,Customer 586,53.0,Male,Mumbai,Savings,Retail,Verified,2022-09-19,False,False,False
CUST00587,Customer 587,29.0,Male,Chennai,Savings,Premium,Verified,2024-11-25,False,False,False
CUST00588,Customer 588,57.0,Female,Chennai,Current,Retail,Verified,2021-08-16,False,False,False
CUST00589,Customer 589,24.0,Female,Vijayawada,Savings,Premium,Verified,2023-03-01,False,False,False
CUST00590,Customer 590,59.0,Male,Mumbai,Savings,Retail,Verified,2025-04-13,False,False,False
CUST00591,Customer 591,75.0,Female,Visakhapatnam,Savings,SME,Verified,2025-03-19,False,False,False
CUST00592,Customer 592,43.0,Female,Hyderabad,Savings,Retail,Pending,2026-04-20,False,False,False
CUST00593,Customer 593,48.0,Male,Bengaluru,Savings,Retail,Verified,2023-02-28,False,False,False
CUST00594,Customer 594,35.0,Female,Bengaluru,Savings,Retail,Verified,2024-10-10,False,False,False
CUST00595,Customer 595,61.0,Female,Mumbai,Savings,SME,Pending,2026-04-17,False,False,False
CUST00596,Customer 596,69.0,Female,Kolkata,Savings,Retail,Verified,2025-07-02,False,False,False
CUST00597,Customer 597,27.0,Male,Kolkata,Savings,Retail,Verified,2026-03-16,False,False,False
CUST00598,Customer 598,39.0,Female,Pune,Savings,Corporate,Verified,2024-08-22,False,False,False
CUST00599,Customer 599,39.0,Male,Vijayawada,Savings,Premium,Verified,2022-02-21,False,False,False
CUST00600,Customer 600,43.0,Female,Delhi,Current,Retail,Verified,2022-12-05,False,False,False
CUST00601,Customer 601,19.0,Male,Delhi,Savings,Corporate,Verified,2025-05-13,False,False,False
CUST00602,Customer 602,34.0,Male,Hyderabad,Savings,Corporate,Verified,2025-07-20,False,False,False
CUST00603,Customer 603,46.0,Male,Vijayawada,Savings,Retail,Verified,2024-02-23,False,False,False
CUST00604,Customer 604,50.0,Male,Bengaluru,Savings,SME,Verified,2024-04-25,False,False,False
CUST00605,Customer 605,62.0,Female,Vijayawada,Savings,Retail,Pending,2023-03-27,False,False,False
CUST00606,Customer 606,49.0,Male,Hyderabad,Savings,Retail,Verified,2023-03-20,False,False,False
CUST00607,Customer 607,20.0,Male,Hyderabad,Savings,Retail,Verified,2023-12-01,False,False,False
CUST00608,Customer 608,43.0,Male,Chennai,Savings,Retail,Verified,2025-02-16,False,False,False
CUST00609,Customer 609,43.0,Male,Kolkata,Savings,Premium,Verified,2025-02-28,False,False,False
CUST00610,Customer 610,38.0,Female,Pune,Savings,Retail,Verified,2023-12-22,False,False,False
CUST00611,Customer 611,34.0,Other,Hyderabad,Savings,Premium,Verified,2022-09-20,False,False,False
CUST00612,Customer 612,49.0,Female,Pune,Savings,Retail,Verified,2025-04-11,False,False,False
CUST00613,Customer 613,44.0,Female,Chennai,Savings,Retail,Verified,2023-02-20,False,False,False
CUST00614,Customer 614,40.0,Male,Hyderabad,Savings,Premium,Verified,2025-04-16,False,False,False
CUST00615,Customer 615,75.0,Male,Vijayawada,Savings,Premium,Verified,2024-10-04,False,False,False
CUST00616,Customer 616,63.0,Male,Pune,Savings,SME,Verified,2021-10-19,False,False,False
CUST00617,Customer 617,26.0,Male,Unknown,Current,Retail,Pending,2021-10-10,False,True,False
CUST00618,Customer 618,26.0,Male,Hyderabad,Savings,Retail,Expired,2023-12-08,False,False,False
CUST00619,Customer 619,34.0,Other,Vijayawada,Savings,Retail,Verified,2024-01-14,False,False,False
CUST00620,Customer 620,59.0,Male,Bengaluru,Savings,SME,Verified,2023-12-09,False,False,False
CUST00621,Customer 621,30.0,Male,Kolkata,Savings,Premium,Verified,2024-10-28,False,False,False
CUST00622,Customer 622,30.0,Male,Bengaluru,Current,Premium,Verified,2022-12-31,False,False,False
CUST00623,Customer 623,75.0,Female,Vijayawada,Savings,Retail,Verified,2024-09-10,False,False,False
CUST00624,Customer 624,45.0,Male,Visakhapatnam,Savings,Retail,Verified,2025-05-21,True,False,False
CUST00625,Customer 625,58.0,Male,Vijayawada,Savings,SME,Verified,2023-09-20,False,False,False
CUST00626,Customer 626,40.0,Male,Bengaluru,Current,Retail,Verified,2026-04-05,False,False,False
CUST00627,Customer 627,55.0,Male,Pune,Savings,Premium,Pending,2022-02-05,False,False,False
CUST00628,Customer 628,36.0,Other,Visakhapatnam,Savings,Corporate,Verified,2025-01-17,False,False,False
CUST00629,Customer 629,18.0,Male,Kolkata,Savings,Premium,Verified,2023-01-11,False,False,False
CUST00630,Customer 630,70.0,Male,Pune,Savings,Retail,Verified,2023-05-31,False,False,False
CUST00631,Customer 631,75.0,Female,Bengaluru,Savings,Retail,Verified,2024-12-12,False,False,False
CUST00632,Customer 632,20.0,Female,Vijayawada,Current,Retail,Verified,2024-05-31,False,False,False
CUST00633,Customer 633,50.0,Female,Mumbai,Savings,Retail,Verified,2024-05-29,False,False,False
CUST00634,Customer 634,74.0,Male,Delhi,Savings,Retail,Verified,2022-04-19,False,False,False
CUST00635,Customer 635,65.0,Female,Kolkata,Savings,Retail,Verified,2022-06-14,False,False,False
CUST00636,Customer 636,71.0,Male,Pune,Savings,Retail,Verified,2023-09-12,False,False,False
CUST00637,Customer 637,64.0,Female,Hyderabad,Savings,Retail,Verified,2021-01-30,False,False,False
CUST00638,Customer 638,56.0,Male,Hyderabad,Savings,Retail,Verified,2024-07-10,False,False,False
CUST00639,Customer 639,47.0,Male,Vijayawada,Savings,Retail,Expired,2022-04-23,False,False,False
CUST00640,Customer 640,51.0,Male,Mumbai,Current,SME,Expired,2022-01-02,False,False,False
CUST00641,Customer 641,19.0,Female,Unknown,Savings,Retail,Verified,2026-02-15,False,True,False
CUST00642,Customer 642,48.0,Male,Chennai,Savings,Retail,Verified,2023-10-30,False,False,False
CUST00643,Customer 643,19.0,Female,Delhi,Savings,Retail,Expired,2023-02-27,False,False,False
CUST00644,Customer 644,22.0,Female,Vijayawada,Savings,Retail,Pending,2025-11-16,False,False,False
CUST00645,Customer 645,66.0,Female,Mumbai,Current,SME,Verified,2022-09-08,False,False,False
CUST00646,Customer 646,23.0,Female,Hyderabad,Savings,Retail,Pending,2022-11-12,False,False,False
CUST00647,Customer 647,50.0,Female,Bengaluru,Savings,Retail,Expired,2025-10-10,False,False,False
CUST00648,Customer 648,58.0,Female,Vijayawada,Savings,Premium,Verified,2023-04-29,False,False,False
CUST00649,Customer 649,19.0,Female,Bengaluru,Current,Retail,Verified,2024-05-13,False,False,False
CUST00650,Customer 650,73.0,Female,Hyderabad,Savings,Retail,Verified,2023-12-01,False,False,False
CUST00651,Customer 651,41.0,Male,Bengaluru,Savings,Retail,Verified,2021-04-19,False,False,False
CUST00652,Customer 652,47.0,Male,Mumbai,Savings,SME,Verified,2025-05-17,False,False,False
CUST00653,Customer 653,72.0,Female,Visakhapatnam,Savings,Retail,Verified,2023-02-08,False,False,False
CUST00654,Customer 654,18.0,Male,Delhi,Savings,Retail,Verified,2025-11-23,False,False,False
CUST00655,Customer 655,25.0,Female,Pune,Savings,Premium,Verified,2023-01-14,False,False,False
CUST00656,Customer 656,66.0,Male,Kolkata,Savings,Retail,Verified,2023-11-24,False,False,False
CUST00657,Customer 657,36.0,Male,Mumbai,Savings,Retail,Verified,2023-02-25,False,False,False
CUST00658,Customer 658,66.0,Female,Vijayawada,Savings,Retail,Verified,2022-10-13,False,False,False
CUST00659,Customer 659,71.0,Male,Chennai,Savings,Retail,Verified,2022-03-07,False,False,False
CUST00660,Customer 660,37.0,Male,Hyderabad,Current,Premium,Verified,2025-09-28,False,False,False
CUST00661,Customer 661,18.0,Male,Delhi,Savings,SME,Verified,2022-09-08,False,False,False
CUST00662,Customer 662,57.0,Male,Visakhapatnam,Savings,Retail,Verified,2025-05-19,False,False,False
CUST00663,Customer 663,64.0,Female,Chennai,Savings,Retail,Pending,2021-10-29,False,False,False
CUST00664,Customer 664,26.0,Female,Vijayawada,Savings,Retail,Verified,2023-08-28,False,False,False
CUST00665,Customer 665,32.0,Male,Chennai,Current,SME,Verified,2024-12-09,False,False,False
CUST00666,Customer 666,27.0,Female,Bengaluru,Savings,Retail,Verified,2025-05-14,False,False,False
CUST00667,Customer 667,52.0,Female,Pune,Savings,Premium,Pending,2023-05-10,False,False,False
CUST00668,Customer 668,59.0,Male,Vijayawada,Savings,Retail,Verified,2024-04-12,False,False,False
CUST00669,Customer 669,19.0,Female,Mumbai,Savings,Retail,Verified,2023-09-16,False,False,False
CUST00670,Customer 670,47.0,Female,Pune,Savings,Premium,Verified,2022-12-16,False,False,False
CUST00671,Customer 671,60.0,Male,Bengaluru,Savings,SME,Verified,2023-08-29,False,False,False
CUST00672,Customer 672,52.0,Female,Mumbai,Savings,SME,Verified,2022-05-02,False,False,False
CUST00673,Customer 673,75.0,Male,Chennai,Savings,Retail,Verified,2023-01-09,False,False,False
CUST00674,Customer 674,48.0,Male,Visakhapatnam,Savings,Retail,Verified,2022-06-30,False,False,False
CUST00675,Customer 675,71.0,Female,Kolkata,Savings,SME,Verified,2026-02-10,False,False,False
CUST00676,Customer 676,72.0,Male,Chennai,Savings,Retail,Pending,2025-01-08,False,False,False
CUST00677,Customer 677,28.0,Female,Kolkata,Savings,Premium,Verified,2021-03-23,False,False,False
CUST00678,Customer 678,63.0,Male,Hyderabad,Savings,Retail,Verified,2023-08-19,False,False,False
CUST00679,Customer 679,54.0,Female,Vijayawada,Savings,SME,Verified,2024-06-24,False,False,False
CUST00680,Customer 680,70.0,Male,Kolkata,Savings,Retail,Verified,2025-12-13,False,False,False
CUST00681,Customer 681,32.0,Male,Visakhapatnam,Savings,Retail,Verified,2021-07-04,False,False,False
CUST00682,Customer 682,34.0,Male,Visakhapatnam,Savings,Retail,Verified,2022-07-19,False,False,False
CUST00683,Customer 683,41.0,Male,Vijayawada,Savings,Retail,Verified,2021-12-23,False,False,False
CUST00684,Customer 684,74.0,Other,Visakhapatnam,Savings,Retail,Verified,2024-03-04,False,False,False
CUST00685,Customer 685,75.0,Female,Pune,Savings,Premium,Pending,2023-08-25,False,False,False
CUST00686,Customer 686,65.0,Male,Mumbai,Current,Retail,Verified,2024-10-28,False,False,False
CUST00687,Customer 687,20.0,Male,Delhi,Savings,Retail,Verified,2022-05-15,False,False,False
CUST00688,Customer 688,23.0,Female,Vijayawada,Savings,Retail,Verified,2022-07-03,False,False,False
CUST00689,Customer 689,57.0,Female,Kolkata,Savings,Retail,Verified,2022-08-26,False,False,False
CUST00690,Customer 690,23.0,Male,Bengaluru,Savings,SME,Expired,2022-02-07,False,False,False
CUST00691,Customer 691,74.0,Female,Chennai,Savings,Retail,Verified,2024-07-01,False,False,False
CUST00692,Customer 692,29.0,Male,Kolkata,Savings,Retail,Expired,2023-12-20,False,False,False
CUST00693,Customer 693,72.0,Female,Chennai,Savings,Retail,Verified,2023-08-13,False,False,False
CUST00694,Customer 694,37.0,Male,Delhi,Savings,Retail,Unknown,2023-07-07,False,False,True
CUST00695,Customer 695,33.0,Female,Visakhapatnam,Savings,Retail,Verified,2021-08-10,False,False,False
CUST00696,Customer 696,30.0,Male,Vijayawada,Savings,Retail,Verified,2023-06-19,False,False,False
CUST00697,Customer 697,62.0,Male,Chennai,Savings,Retail,Verified,2024-09-05,False,False,False
CUST00698,Customer 698,21.0,Male,Pune,Savings,SME,Verified,2021-05-24,False,False,False
CUST00699,Customer 699,52.0,Female,Delhi,Current,SME,Verified,2024-03-31,False,False,False
CUST00700,Customer 700,43.0,Female,Chennai,Savings,Retail,Expired,2024-07-28,False,False,False
CUST00701,Customer 701,49.0,Male,Bengaluru,Savings,Retail,Verified,2023-12-16,False,False,False
CUST00702,Customer 702,33.0,Female,Unknown,Savings,Retail,Pending,2022-09-01,False,True,False
CUST00703,Customer 703,21.0,Female,Visakhapatnam,Savings,SME,Verified,2024-03-18,False,False,False
CUST00704,Customer 704,44.0,Male,Pune,Savings,Retail,Verified,2023-06-29,False,False,False
CUST00705,Customer 705,36.0,Female,Pune,Savings,Retail,Verified,2021-04-16,False,False,False
CUST00706,Customer 706,63.0,Female, Hyderabad ,Savings,Retail,Verified,2025-04-07,False,False,False
CUST00707,Customer 707,37.0,Male,Chennai,Savings,Retail,Verified,2025-06-28,False,False,False
CUST00708,Customer 708,36.0,Male,Delhi,Savings,Retail,Verified,2025-08-27,False,False,False
CUST00709,Customer 709,40.0,Male,Chennai,Savings,Retail,Verified,2024-04-27,False,False,False
CUST00710,Customer 710,20.0,Female,Delhi,Savings,SME,Verified,2024-02-23,False,False,False
CUST00711,Customer 711,46.0,Male,Vijayawada,Savings,Retail,Verified,2026-05-20,False,False,False
CUST00712,Customer 712,66.0,Male,Bengaluru,Savings,Premium,Verified,2021-08-09,False,False,False
CUST00713,Customer 713,47.0,Male,Bengaluru,Savings,Retail,Verified,2023-01-24,False,False,False
CUST00714,Customer 714,46.0,Male,Kolkata,Savings,Retail,Verified,2024-01-18,False,False,False
CUST00715,Customer 715,46.0,Female,Hyderabad,Savings,Retail,Verified,2024-04-18,False,False,False
CUST00716,Customer 716,32.0,Male,Visakhapatnam,Savings,Retail,Verified,2024-09-27,False,False,False
CUST00717,Customer 717,24.0,Female,Delhi,Savings,Retail,Verified,2023-01-18,False,False,False
CUST00718,Customer 718,71.0,Male,Mumbai,Savings,SME,Pending,2024-10-18,False,False,False
CUST00719,Customer 719,63.0,Female,Bengaluru,Savings,Retail,Verified,2024-11-29,False,False,False
CUST00720,Customer 720,60.0,Female,Kolkata,Savings,Retail,Verified,2021-08-04,False,False,False
CUST00721,Customer 721,21.0,Male,Delhi,Savings,Retail,Verified,2022-10-13,False,False,False
CUST00722,Customer 722,42.0,Female,Chennai,Savings,Retail,Pending,2023-04-08,False,False,False
CUST00723,Customer 723,18.0,Male,Hyderabad,Current,Retail,Verified,2023-09-12,False,False,False
CUST00724,Customer 724,38.0,Male,Kolkata,Savings,SME,Verified,2026-06-06,False,False,False
CUST00725,Customer 725,23.0,Female,Vijayawada,Current,SME,Verified,2021-05-24,False,False,False
CUST00726,Customer 726,22.0,Male,Hyderabad,Savings,SME,Verified,2022-05-10,False,False,False
CUST00727,Customer 727,44.0,Male,Mumbai,Savings,Retail,Verified,2025-01-27,False,False,False
CUST00728,Customer 728,34.0,Male,Pune,Savings,Retail,Verified,2025-06-07,False,False,False
CUST00729,Customer 729,74.0,Female,Mumbai,Savings,Retail,Verified,2022-09-04,False,False,False
CUST00730,Customer 730,59.0,Male,Visakhapatnam,Savings,Retail,Verified,2022-05-11,False,False,False
CUST00731,Customer 731,38.0,Male,Chennai,Current,Premium,Verified,2022-07-24,False,False,False
CUST00732,Customer 732,22.0,Female,Bengaluru,Savings,Retail,Verified,2021-06-09,False,False,False
CUST00733,Customer 733,55.0,Male,Delhi,Savings,Retail,Pending,2023-11-28,False,False,False
CUST00734,Customer 734,39.0,Female,Pune,Savings,Retail,Pending,2026-02-11,False,False,False
CUST00735,Customer 735,39.0,Female,Visakhapatnam,Savings,SME,Verified,2023-02-26,False,False,False
CUST00736,Customer 736,52.0,Female, Chennai ,Savings,Retail,Verified,2024-11-07,False,False,False
CUST00737,Customer 737,41.0,Male,Visakhapatnam,Current,Retail,Verified,2023-05-15,False,False,False
CUST00738,Customer 738,60.0,Female,Mumbai,Savings,SME,Verified,2025-07-22,False,False,False
CUST00739,Customer 739,68.0,Male,Mumbai,Savings,Retail,Pending,2023-01-05,False,False,False
CUST00740,Customer 740,61.0,Female,Delhi,Savings,Corporate,Verified,2023-04-09,False,False,False
CUST00741,Customer 741,74.0,Male,Bengaluru,Savings,Premium,Verified,2021-09-03,False,False,False
CUST00742,Customer 742,34.0,Female,Mumbai,Current,Retail,Verified,2021-10-10,False,False,False
CUST00743,Customer 743,35.0,Other,Visakhapatnam,Current,Retail,Verified,2025-07-02,False,False,False
CUST00744,Customer 744,37.0,Female,Vijayawada,Savings,Retail,Verified,2026-06-09,False,False,False
CUST00745,Customer 745,29.0,Female,Bengaluru,Savings,Retail,Pending,2026-06-12,False,False,False
CUST00746,Customer 746,27.0,Female,Bengaluru,Savings,Retail,Pending,2024-07-16,False,False,False
CUST00747,Customer 747,29.0,Male,Kolkata,Savings,Retail,Verified,2025-02-26,False,False,False
CUST00748,Customer 748,60.0,Male,Mumbai,Savings,Retail,Verified,2023-01-13,False,False,False
CUST00749,Customer 749,47.0,Female,Hyderabad,Current,Retail,Verified,2021-07-25,False,False,False
CUST00750,Customer 750,33.0,Male,Mumbai,Savings,Retail,Pending,2021-10-15,False,False,False
CUST00751,Customer 751,56.0,Male,Vijayawada,Current,Premium,Verified,2022-09-20,False,False,False
CUST00752,Customer 752,45.0,Male,Delhi,Savings,Retail,Verified,2023-05-03,False,False,False
CUST00753,Customer 753,18.0,Male,Kolkata,Savings,Retail,Verified,2021-05-10,False,False,False
CUST00754,Customer 754,70.0,Male,Mumbai,Savings,Retail,Verified,2026-04-27,False,False,False
CUST00755,Customer 755,39.0,Male,Hyderabad,Savings,Retail,Verified,2023-04-08,False,False,False
CUST00756,Customer 756,18.0,Female,Pune,Savings,Retail,Verified,2023-01-06,False,False,False
CUST00757,Customer 757,28.0,Female,Mumbai,Savings,Premium,Verified,2026-05-22,False,False,False
CUST00758,Customer 758,67.0,Female,Kolkata,Current,Premium,Verified,2024-10-17,False,False,False
CUST00759,Customer 759,55.0,Female,Hyderabad,Savings,Premium,Verified,2021-04-16,False,False,False
CUST00760,Customer 760,60.0,Male,Visakhapatnam,Current,Premium,Pending,2022-03-07,False,False,False
CUST00761,Customer 761,37.0,Female,Vijayawada,Savings,Retail,Verified,2025-11-03,False,False,False
CUST00762,Customer 762,55.0,Male,Kolkata,Savings,Retail,Verified,2024-01-16,False,False,False
CUST00763,Customer 763,35.0,Female,Chennai,Savings,SME,Verified,2024-03-23,False,False,False
CUST00764,Customer 764,41.0,Male,Delhi,Current,Retail,Verified,2021-06-17,False,False,False
CUST00765,Customer 765,27.0,Female,Pune,Savings,Retail,Verified,2022-09-17,False,False,False
CUST00766,Customer 766,54.0,Male,Hyderabad,Savings,Retail,Verified,2024-08-07,False,False,False
CUST00767,Customer 767,53.0,Male,Hyderabad,Savings,Retail,Unknown,2022-08-12,False,False,True
CUST00768,Customer 768,73.0,Other,Vijayawada,Current,Retail,Pending,2024-04-15,False,False,False
CUST00769,Customer 769,56.0,Male,Unknown,Savings,Retail,Verified,2025-09-15,False,True,False
CUST00770,Customer 770,23.0,Female,Delhi,Savings,Premium,Verified,2022-06-24,False,False,False
CUST00771,Customer 771,33.0,Female,Bengaluru,Current,Retail,Verified,2022-09-09,False,False,False
CUST00772,Customer 772,21.0,Female,Pune,Savings,Retail,Verified,2021-01-14,False,False,False
CUST00773,Customer 773,34.0,Male,Hyderabad,Savings,Retail,Verified,2021-08-30,False,False,False
CUST00774,Customer 774,37.0,Male,Hyderabad,Savings,Retail,Verified,2022-12-02,False,False,False
CUST00775,Customer 775,72.0,Male,Vijayawada,Savings,Premium,Verified,2025-02-25,False,False,False
CUST00776,Customer 776,23.0,Male,Pune,Savings,Retail,Verified,2025-09-21,False,False,False
CUST00777,Customer 777,47.0,Female,Vijayawada,Savings,Premium,Verified,2022-06-11,False,False,False
CUST00778,Customer 778,71.0,Female,Bengaluru,Savings,SME,Verified,2024-07-19,False,False,False
CUST00779,Customer 779,35.0,Male,Pune,Savings,Retail,Verified,2022-04-11,False,False,False
CUST00780,Customer 780,63.0,Male,Vijayawada,Current,Premium,Verified,2025-02-22,False,False,False
CUST00781,Customer 781,37.0,Male,Delhi,Savings,Premium,Verified,2021-09-10,False,False,False
CUST00782,Customer 782,27.0,Male,Bengaluru,Current,Retail,Verified,2022-03-01,False,False,False
CUST00783,Customer 783,51.0,Female,Kolkata,Savings,Retail,Verified,2025-11-16,False,False,False
CUST00784,Customer 784,39.0,Male,Hyderabad,Savings,SME,Pending,2021-10-24,False,False,False
CUST00785,Customer 785,18.0,Male,Hyderabad,Savings,Retail,Verified,2022-09-02,False,False,False
CUST00786,Customer 786,42.0,Female,Bengaluru,Savings,Premium,Verified,2024-11-02,False,False,False
CUST00787,Customer 787,45.0,Male,Kolkata,Current,SME,Verified,2024-08-30,True,False,False
CUST00788,Customer 788,73.0,Female,Delhi,Savings,Retail,Pending,2025-02-26,False,False,False
CUST00789,Customer 789,67.0,Female,Chennai,Current,SME,Verified,2023-05-03,False,False,False
CUST00790,Customer 790,37.0,Female,Mumbai,Savings,SME,Verified,2023-05-30,False,False,False
CUST00791,Customer 791,60.0,Female,Mumbai,Savings,Premium,Verified,2022-12-21,False,False,False
CUST00792,Customer 792,45.0,Male,Pune,Savings,Retail,Verified,2022-08-14,False,False,False
CUST00793,Customer 793,70.0,Male,Mumbai,Savings,Premium,Verified,2024-09-26,False,False,False
CUST00794,Customer 794,48.0,Male,Mumbai,Savings,Retail,Verified,2024-08-23,False,False,False
CUST00795,Customer 795,22.0,Male,Chennai,Savings,Retail,Verified,2025-07-03,False,False,False
CUST00796,Customer 796,63.0,Female,Visakhapatnam,Savings,Premium,Pending,2024-03-26,False,False,False
CUST00797,Customer 797,56.0,Male,Kolkata,Savings,Premium,Verified,2025-09-11,False,False,False
CUST00798,Customer 798,68.0,Female,Vijayawada,Savings,Retail,Verified,2026-06-18,False,False,False
CUST00799,Customer 799,59.0,Female,Vijayawada,Current,Retail,Verified,2026-06-04,False,False,False
CUST00800,Customer 800,56.0,Male,Delhi,Savings,Retail,Verified,2025-05-10,False,False,False
CUST00801,Customer 801,38.0,Female,Delhi,Current,Retail,Verified,2025-09-14,False,False,False
CUST00802,Customer 802,39.0,Male,Vijayawada,Savings,SME,Verified,2024-11-14,False,False,False
CUST00803,Customer 803,40.0,Female,Mumbai,Savings,Retail,Verified,2023-04-26,False,False,False
CUST00804,Customer 804,31.0,Female,Delhi,Savings,Retail,Verified,2025-01-27,False,False,False
CUST00805,Customer 805,59.0,Female,Vijayawada,Savings,Premium,Pending,2022-03-08,False,False,False
CUST00806,Customer 806,41.0,Female,Hyderabad,Current,Retail,Verified,2021-07-22,False,False,False
CUST00807,Customer 807,73.0,Female,Chennai,Savings,Retail,Pending,2021-12-08,False,False,False
CUST00808,Customer 808,51.0,Male,Hyderabad,Savings,Retail,Verified,2023-04-18,False,False,False
CUST00809,Customer 809,35.0,Male,Bengaluru,Savings,Retail,Verified,2022-09-11,False,False,False
CUST00810,Customer 810,62.0,Male,Chennai,Savings,Retail,Verified,2025-11-17,False,False,False
CUST00811,Customer 811,44.0,Male,Chennai,Savings,Retail,Verified,2024-11-18,False,False,False
CUST00812,Customer 812,73.0,Male,Kolkata,Savings,Corporate,Pending,2022-07-07,False,False,False
CUST00813,Customer 813,64.0,Male,Chennai,Savings,Retail,Pending,2023-12-19,False,False,False
CUST00814,Customer 814,68.0,Female,Unknown,Savings,Premium,Verified,2021-06-05,False,True,False
CUST00815,Customer 815,74.0,Male,Kolkata,Savings,Retail,Verified,2024-04-19,False,False,False
CUST00816,Customer 816,63.0,Male,Mumbai,Savings,Retail,Verified,2021-03-05,False,False,False
CUST00817,Customer 817,72.0,Female,Chennai,Savings,Premium,Verified,2022-02-15,False,False,False
CUST00818,Customer 818,70.0,Male,Kolkata,Current,Retail,Unknown,2023-12-26,False,False,True
CUST00819,Customer 819,26.0,Female,Delhi,Savings,Retail,Verified,2022-06-30,False,False,False
CUST00820,Customer 820,58.0,Male,Hyderabad,Savings,Retail,Verified,2022-12-01,False,False,False
CUST00821,Customer 821,50.0,Male,Bengaluru,Current,Retail,Verified,2021-01-21,False,False,False
CUST00822,Customer 822,72.0,Female,Unknown,Savings,SME,Verified,2021-05-24,False,True,False
CUST00823,Customer 823,61.0,Female,Hyderabad,Savings,SME,Verified,2023-09-30,False,False,False
CUST00824,Customer 824,47.0,Male,Bengaluru,Savings,Premium,Verified,2024-09-24,False,False,False
CUST00825,Customer 825,54.0,Other,Delhi,Savings,Retail,Verified,2025-06-06,False,False,False
CUST00826,Customer 826,23.0,Male, Hyderabad ,Savings,Premium,Verified,2024-05-08,False,False,False
CUST00827,Customer 827,38.0,Female,Visakhapatnam,Savings,Retail,Verified,2021-01-11,False,False,False
CUST00828,Customer 828,60.0,Male,Hyderabad,Savings,Premium,Verified,2021-12-29,False,False,False
CUST00829,Customer 829,42.0,Male,Mumbai,Savings,Retail,Pending,2023-08-12,False,False,False
CUST00830,Customer 830,73.0,Male,Pune,Savings,Retail,Verified,2026-03-04,False,False,False
CUST00831,Customer 831,56.0,Male,Bengaluru,Savings,Retail,Verified,2023-10-12,False,False,False
CUST00832,Customer 832,19.0,Male,Pune,Savings,Premium,Verified,2026-04-06,False,False,False
CUST00833,Customer 833,27.0,Female,Chennai,Current,Corporate,Verified,2023-01-04,False,False,False
CUST00834,Customer 834,54.0,Male,Visakhapatnam,Current,SME,Verified,2022-01-24,False,False,False
CUST00835,Customer 835,64.0,Male,Pune,Savings,Retail,Expired,2021-11-23,False,False,False
CUST00836,Customer 836,35.0,Female,Delhi,Savings,Retail,Verified,2025-06-08,False,False,False
CUST00837,Customer 837,40.0,Male,Vijayawada,Savings,Retail,Pending,2021-09-22,False,False,False
CUST00838,Customer 838,41.0,Male,Visakhapatnam,Savings,Retail,Verified,2024-05-17,False,False,False
CUST00839,Customer 839,32.0,Female,Hyderabad,Savings,Retail,Verified,2022-06-02,False,False,False
CUST00840,Customer 840,71.0,Male,Visakhapatnam,Current,Retail,Verified,2025-01-01,False,False,False
CUST00841,Customer 841,47.0,Female,Vijayawada,Savings,Retail,Pending,2023-10-01,False,False,False
CUST00842,Customer 842,37.0,Female,Delhi,Savings,Retail,Verified,2024-03-13,False,False,False
CUST00843,Customer 843,72.0,Male,Bengaluru,Savings,Premium,Verified,2023-12-04,False,False,False
CUST00844,Customer 844,54.0,Male,Delhi,Savings,Retail,Verified,2026-03-18,False,False,False
CUST00845,Customer 845,18.0,Female,Mumbai,Savings,Corporate,Verified,2021-04-06,False,False,False
CUST00846,Customer 846,42.0,Male,Mumbai,Savings,Premium,Verified,2021-05-27,False,False,False
CUST00847,Customer 847,57.0,Male,Pune,Current,SME,Verified,2023-12-17,False,False,False
CUST00848,Customer 848,71.0,Male,Vijayawada,Savings,Retail,Pending,2025-02-11,False,False,False
CUST00849,Customer 849,47.0,Male,Pune,Current,Retail,Verified,2021-04-27,False,False,False
CUST00850,Customer 850,39.0,Male,Pune,Savings,Retail,Verified,2025-09-15,False,False,False
CUST00851,Customer 851,36.0,Female,Bengaluru,Savings,Premium,Verified,2022-08-14,False,False,False
CUST00852,Customer 852,23.0,Other,Vijayawada,Savings,Retail,Verified,2021-06-19,False,False,False
CUST00853,Customer 853,23.0,Male,Visakhapatnam,Savings,Retail,Verified,2024-08-12,False,False,False
CUST00854,Customer 854,42.0,Male,Pune,Savings,Premium,Verified,2023-03-23,False,False,False
CUST00855,Customer 855,63.0,Male,Delhi,Savings,Retail,Verified,2022-03-08,False,False,False
CUST00856,Customer 856,41.0,Female,Chennai,Savings,Retail,Verified,2021-06-23,False,False,False
CUST00857,Customer 857,26.0,Male,Vijayawada,Current,Retail,Verified,2026-01-31,False,False,False
CUST00858,Customer 858,69.0,Female,Visakhapatnam,Savings,SME,Verified,2021-03-27,False,False,False
CUST00859,Customer 859,65.0,Male,Vijayawada,Savings,SME,Verified,2026-03-04,False,False,False
CUST00860,Customer 860,37.0,Male,Vijayawada,Savings,Retail,Verified,2024-01-02,False,False,False
CUST00861,Customer 861,37.0,Male,Pune,Current,Retail,Verified,2021-03-26,False,False,False
CUST00862,Customer 862,35.0,Female,Bengaluru,Savings,SME,Verified,2021-01-21,False,False,False
CUST00863,Customer 863,26.0,Male,Bengaluru,Savings,Retail,Verified,2023-11-30,False,False,False
CUST00864,Customer 864,41.0,Male,Pune,Savings,Retail,Verified,2022-12-23,False,False,False
CUST00865,Customer 865,45.0,Female,Chennai,Current,Retail,Verified,2025-01-24,False,False,False
CUST00866,Customer 866,58.0,Male,Vijayawada,Savings,Retail,Verified,2021-12-13,False,False,False
CUST00867,Customer 867,28.0,Female,Hyderabad,Savings,Retail,Verified,2023-05-22,False,False,False
CUST00868,Customer 868,42.0,Male,Chennai,Savings,Retail,Verified,2024-02-04,False,False,False
CUST00869,Customer 869,18.0,Male,Chennai,Savings,Retail,Verified,2025-12-09,False,False,False
CUST00870,Customer 870,48.0,Female,Hyderabad,Savings,Retail,Verified,2026-05-02,False,False,False
CUST00871,Customer 871,42.0,Male,Hyderabad,Savings,Retail,Verified,2024-06-28,False,False,False
CUST00872,Customer 872,59.0,Male,Hyderabad,Savings,Retail,Verified,2024-03-14,False,False,False
CUST00873,Customer 873,51.0,Male,Delhi,Savings,Premium,Verified,2025-07-05,False,False,False
CUST00874,Customer 874,45.0,Female,Vijayawada,Savings,Retail,Verified,2024-03-07,True,False,False
CUST00875,Customer 875,25.0,Female,Kolkata,Current,Retail,Verified,2024-08-08,False,False,False
CUST00876,Customer 876,25.0,Female,Visakhapatnam,Savings,Retail,Verified,2023-01-17,False,False,False
CUST00877,Customer 877,65.0,Male,Delhi,Savings,Premium,Verified,2024-10-20,False,False,False
CUST00878,Customer 878,60.0,Female,Vijayawada,Savings,Retail,Verified,2023-03-28,False,False,False
CUST00879,Customer 879,27.0,Male,Visakhapatnam,Current,Retail,Verified,2026-06-25,False,False,False
CUST00880,Customer 880,70.0,Male,Bengaluru,Savings,Retail,Verified,2022-03-15,False,False,False
CUST00881,Customer 881,48.0,Female, Bengaluru ,Savings,Retail,Verified,2024-02-12,False,False,False
CUST00882,Customer 882,68.0,Female,Pune,Savings,Retail,Verified,2025-01-26,False,False,False
CUST00883,Customer 883,29.0,Female,Bengaluru,Savings,Retail,Verified,2022-11-06,False,False,False
CUST00884,Customer 884,59.0,Male,Delhi,Savings,Retail,Unknown,2024-05-02,False,False,True
CUST00885,Customer 885,55.0,Female,Unknown,Savings,Retail,Verified,2025-10-01,False,True,False
CUST00886,Customer 886,74.0,Female,Visakhapatnam,Savings,Retail,Verified,2022-08-09,False,False,False
CUST00887,Customer 887,42.0,Male,Visakhapatnam,Savings,Retail,Pending,2023-10-07,False,False,False
CUST00888,Customer 888,67.0,Female,Mumbai,Savings,Corporate,Verified,2023-11-14,False,False,False
CUST00889,Customer 889,21.0,Female,Chennai,Current,Retail,Verified,2024-01-09,False,False,False
CUST00890,Customer 890,58.0,Female,Hyderabad,Savings,Premium,Verified,2023-11-15,False,False,False
CUST00891,Customer 891,50.0,Male,Bengaluru,Savings,Retail,Verified,2025-04-04,False,False,False
CUST00892,Customer 892,55.0,Male,Chennai,Savings,Retail,Verified,2026-02-17,False,False,False
CUST00893,Customer 893,64.0,Female,Hyderabad,Savings,Premium,Verified,2024-01-24,False,False,False
CUST00894,Customer 894,67.0,Female,Visakhapatnam,Savings,Retail,Verified,2021-03-31,False,False,False
CUST00895,Customer 895,22.0,Female,Visakhapatnam,Savings,Retail,Verified,2022-07-17,False,False,False
CUST00896,Customer 896,69.0,Female,Unknown,Savings,SME,Verified,2025-06-12,False,True,False
CUST00897,Customer 897,44.0,Female,Vijayawada,Savings,Retail,Verified,2021-06-02,False,False,False
CUST00898,Customer 898,33.0,Female,Delhi,Savings,Retail,Verified,2026-01-10,False,False,False
CUST00899,Customer 899,21.0,Female,Vijayawada,Savings,Premium,Verified,2025-02-11,False,False,False
CUST00900,Customer 900,67.0,Female,Visakhapatnam,Savings,Premium,Verified,2025-10-08,False,False,False
CUST00901,Customer 901,59.0,Female,Kolkata,Savings,Premium,Verified,2025-08-03,False,False,False
CUST00902,Customer 902,52.0,Female,Bengaluru,Savings,Retail,Verified,2021-07-24,False,False,False
CUST00903,Customer 903,20.0,Female,Visakhapatnam,Savings,Retail,Verified,2024-01-17,False,False,False
CUST00904,Customer 904,18.0,Female,Delhi,Savings,Retail,Verified,2023-01-24,False,False,False
CUST00905,Customer 905,35.0,Male,Delhi,Savings,Retail,Verified,2023-12-07,False,False,False
CUST00906,Customer 906,29.0,Female,Hyderabad,Savings,Premium,Verified,2024-11-20,False,False,False
CUST00907,Customer 907,61.0,Male,Visakhapatnam,Savings,Retail,Verified,2023-02-19,False,False,False
CUST00908,Customer 908,63.0,Male,Delhi,Savings,Retail,Pending,2021-07-24,False,False,False
CUST00909,Customer 909,29.0,Female,Delhi,Savings,Corporate,Verified,2021-05-06,False,False,False
CUST00910,Customer 910,37.0,Female,Kolkata,Current,Retail,Verified,2025-08-06,False,False,False
CUST00911,Customer 911,21.0,Male,Pune,Savings,Retail,Verified,2023-12-14,False,False,False
CUST00912,Customer 912,66.0,Male,Bengaluru,Current,Retail,Verified,2022-09-26,False,False,False
CUST00913,Customer 913,20.0,Female,Visakhapatnam,Savings,Premium,Pending,2021-10-22,False,False,False
CUST00914,Customer 914,52.0,Female,Delhi,Savings,Premium,Pending,2023-08-02,False,False,False
CUST00915,Customer 915,53.0,Female,Mumbai,Savings,Retail,Verified,2024-04-17,False,False,False
CUST00916,Customer 916,75.0,Male,Chennai,Savings,Premium,Verified,2022-10-15,False,False,False
CUST00917,Customer 917,44.0,Male,Kolkata,Savings,Retail,Verified,2021-12-04,False,False,False
CUST00918,Customer 918,62.0,Other,Visakhapatnam,Savings,Retail,Verified,2023-01-26,False,False,False
CUST00919,Customer 919,33.0,Male,Kolkata,Savings,Retail,Pending,2021-06-26,False,False,False
CUST00920,Customer 920,23.0,Male,Vijayawada,Savings,Retail,Verified,2021-11-11,False,False,False
CUST00921,Customer 921,66.0,Male,Chennai,Current,Premium,Expired,2026-03-23,False,False,False
CUST00922,Customer 922,66.0,Male,Delhi,Savings,Retail,Verified,2022-02-08,False,False,False
CUST00923,Customer 923,71.0,Female,Bengaluru,Savings,Retail,Verified,2026-02-23,False,False,False
CUST00924,Customer 924,56.0,Male,Bengaluru,Savings,Retail,Verified,2024-08-10,False,False,False
CUST00925,Customer 925,24.0,Male,Chennai,Savings,Premium,Verified,2024-12-17,False,False,False
CUST00926,Customer 926,30.0,Female,Delhi,Savings,Retail,Verified,2022-10-18,False,False,False
CUST00927,Customer 927,50.0,Male,Chennai,Savings,Retail,Verified,2024-10-07,False,False,False
CUST00928,Customer 928,47.0,Male,Mumbai,Savings,Retail,Verified,2021-01-29,False,False,False
CUST00929,Customer 929,23.0,Female,Unknown,Current,Premium,Verified,2026-04-28,False,True,False
CUST00930,Customer 930,27.0,Male,Chennai,Savings,Retail,Verified,2024-09-24,False,False,False
CUST00931,Customer 931,54.0,Male,Pune,Savings,Retail,Verified,2024-12-29,False,False,False
CUST00932,Customer 932,39.0,Female,Chennai,Current,Premium,Verified,2021-01-05,False,False,False
CUST00933,Customer 933,70.0,Male,Kolkata,Savings,Retail,Verified,2025-02-10,False,False,False
CUST00934,Customer 934,61.0,Male,Chennai,Current,Retail,Pending,2021-05-21,False,False,False
CUST00935,Customer 935,45.0,Male,Mumbai,Savings,Premium,Verified,2022-02-22,False,False,False
CUST00936,Customer 936,44.0,Female,Pune,Savings,Premium,Verified,2026-04-09,False,False,False
CUST00937,Customer 937,23.0,Female,Vijayawada,Savings,SME,Verified,2023-06-12,False,False,False
CUST00938,Customer 938,56.0,Male,Delhi,Current,Retail,Verified,2024-09-01,False,False,False
CUST00939,Customer 939,65.0,Male,Bengaluru,Current,Retail,Verified,2024-02-12,False,False,False
CUST00940,Customer 940,70.0,Female,Chennai,Savings,Premium,Verified,2024-11-20,False,False,False
CUST00941,Customer 941,31.0,Female,Pune,Savings,Retail,Verified,2022-10-22,False,False,False
CUST00942,Customer 942,58.0,Female,Visakhapatnam,Savings,Retail,Verified,2022-12-25,False,False,False
CUST00943,Customer 943,39.0,Male,Chennai,Savings,Retail,Expired,2021-05-02,False,False,False
CUST00944,Customer 944,23.0,Male,Chennai,Current,Retail,Verified,2024-12-09,False,False,False
CUST00945,Customer 945,26.0,Male,Mumbai,Savings,Premium,Verified,2022-10-29,False,False,False
CUST00946,Customer 946,41.0,Female,Delhi,Savings,Retail,Verified,2026-03-22,False,False,False
CUST00947,Customer 947,18.0,Female,Visakhapatnam,Current,Retail,Verified,2023-11-23,False,False,False
CUST00948,Customer 948,36.0,Male,Visakhapatnam,Savings,Retail,Verified,2024-10-31,False,False,False
CUST00949,Customer 949,46.0,Male,Mumbai,Savings,Premium,Verified,2023-03-18,False,False,False
CUST00950,Customer 950,45.0,Male,Pune,Savings,SME,Verified,2023-10-27,False,False,False
CUST00951,Customer 951,68.0,Male,Pune,Current,Premium,Verified,2021-03-27,False,False,False
CUST00952,Customer 952,70.0,Male,Kolkata,Savings,Retail,Verified,2024-08-06,False,False,False
CUST00953,Customer 953,40.0,Female,Pune,Savings,Retail,Verified,2023-12-04,False,False,False
CUST00954,Customer 954,37.0,Female,Kolkata,Savings,Premium,Verified,2023-03-16,False,False,False
CUST00955,Customer 955,74.0,Male,Hyderabad,Savings,Corporate,Verified,2024-04-25,False,False,False
CUST00956,Customer 956,61.0,Male,Hyderabad,Current,Retail,Verified,2024-11-17,False,False,False
CUST00957,Customer 957,27.0,Female,Chennai,Savings,Corporate,Expired,2023-02-27,False,False,False
CUST00958,Customer 958,45.0,Male,Chennai,Savings,Retail,Verified,2022-09-05,False,False,False
CUST00959,Customer 959,51.0,Male,Chennai,Current,Retail,Verified,2023-08-01,False,False,False
CUST00960,Customer 960,66.0,Male,Mumbai,Current,Retail,Verified,2025-09-13,False,False,False
CUST00961,Customer 961,47.0,Female,Unknown,Savings,Premium,Pending,2024-04-14,False,True,False
CUST00962,Customer 962,31.0,Male,Mumbai,Savings,Retail,Verified,2024-02-09,False,False,False
CUST00963,Customer 963,73.0,Female,Delhi,Current,Retail,Verified,2022-03-21,False,False,False
CUST00964,Customer 964,48.0,Male,Kolkata,Savings,Retail,Verified,2021-05-07,False,False,False
CUST00965,Customer 965,50.0,Female,Delhi,Savings,Retail,Verified,2022-09-25,False,False,False
CUST00966,Customer 966,54.0,Female,Chennai,Savings,Retail,Verified,2025-04-22,False,False,False
CUST00967,Customer 967,72.0,Male,Delhi,Savings,Retail,Verified,2022-04-29,False,False,False
CUST00968,Customer 968,39.0,Other,Chennai,Savings,Corporate,Verified,2023-09-14,False,False,False
CUST00969,Customer 969,68.0,Female,Hyderabad,Savings,Premium,Verified,2023-06-26,False,False,False
CUST00970,Customer 970,50.0,Male,Visakhapatnam,Savings,Premium,Verified,2021-11-27,False,False,False
CUST00971,Customer 971,69.0,Male,Hyderabad,Savings,Retail,Pending,2022-06-14,False,False,False
CUST00972,Customer 972,35.0,Male,Vijayawada,Current,Retail,Pending,2022-03-03,False,False,False
CUST00973,Customer 973,68.0,Female,Vijayawada,Savings,Retail,Verified,2021-12-04,False,False,False
CUST00974,Customer 974,75.0,Female,Delhi,Savings,SME,Verified,2022-02-24,False,False,False
CUST00975,Customer 975,47.0,Male,Delhi,Savings,SME,Verified,2024-09-03,False,False,False
CUST00976,Customer 976,57.0,Female,Kolkata,Current,Retail,Verified,2021-12-31,False,False,False
CUST00977,Customer 977,66.0,Female,Mumbai,Savings,Retail,Verified,2025-06-02,False,False,False
CUST00978,Customer 978,54.0,Male,Unknown,Savings,Retail,Verified,2022-06-04,False,True,False
CUST00979,Customer 979,71.0,Male,Chennai,Savings,Retail,Verified,2024-04-02,False,False,False
CUST00980,Customer 980,72.0,Other,Vijayawada,Savings,Retail,Verified,2021-03-16,False,False,False
CUST00981,Customer 981,28.0,Female,Bengaluru,Savings,Retail,Verified,2024-10-20,False,False,False
CUST00982,Customer 982,43.0,Male,Delhi,Savings,Retail,Expired,2024-09-13,False,False,False
CUST00983,Customer 983,45.0,Female,Bengaluru,Savings,Premium,Verified,2021-06-14,True,False,False
CUST00984,Customer 984,74.0,Male,Hyderabad,Savings,SME,Verified,2024-09-15,False,False,False
CUST00985,Customer 985,70.0,Female,Mumbai,Current,Retail,Verified,2023-04-17,False,False,False
CUST00986,Customer 986,23.0,Male,Visakhapatnam,Current,Retail,Verified,2023-12-17,False,False,False
CUST00987,Customer 987,65.0,Male,Visakhapatnam,Savings,Premium,Verified,2025-07-25,False,False,False
CUST00988,Customer 988,75.0,Male,Kolkata,Savings,Retail,Verified,2025-06-04,False,False,False
CUST00989,Customer 989,25.0,Male,Hyderabad,Savings,Retail,Pending,2025-07-28,False,False,False
CUST00990,Customer 990,59.0,Female,Hyderabad,Savings,Retail,Verified,2023-04-15,False,False,False
CUST00991,Customer 991,45.0,Male,Pune,Savings,Retail,Verified,2021-08-07,False,False,False
CUST00992,Customer 992,51.0,Male,Vijayawada,Savings,Corporate,Verified,2021-05-30,False,False,False
CUST00993,Customer 993,74.0,Female,Pune,Savings,Retail,Verified,2021-03-12,False,False,False
CUST00994,Customer 994,38.0,Female,Bengaluru,Savings,Premium,Verified,2021-12-13,False,False,False
CUST00995,Customer 995,33.0,Female,Bengaluru,Savings,Premium,Pending,2022-07-29,False,False,False
CUST00996,Customer 996,29.0,Female,Bengaluru,Savings,Retail,Verified,2023-04-23,False,False,False
CUST00997,Customer 997,29.0,Female,Bengaluru,Savings,Retail,Verified,2023-07-16,False,False,False
CUST00998,Customer 998,74.0,Female,Delhi,Savings,Retail,Verified,2026-03-25,False,False,False
CUST00999,Customer 999,32.0,Male,Vijayawada,Savings,Retail,Verified,2021-01-03,False,False,False
CUST01000,Customer 1000,31.0,Female,Hyderabad,Savings,SME,Expired,2023-09-16,False,False,False
CUST01001,Customer 1001,47.0,Male,Pune,Savings,Retail,Verified,2022-12-15,False,False,False
CUST01002,Customer 1002,69.0,Male,Hyderabad,Savings,SME,Verified,2024-03-12,False,False,False
CUST01003,Customer 1003,66.0,Male,Delhi,Savings,Retail,Pending,2022-11-16,False,False,False
CUST01004,Customer 1004,21.0,Female,Vijayawada,Current,Retail,Verified,2023-05-24,False,False,False
CUST01005,Customer 1005,24.0,Male,Bengaluru,Savings,Retail,Verified,2024-12-03,False,False,False
CUST01006,Customer 1006,64.0,Female,Mumbai,Savings,Retail,Verified,2023-04-20,False,False,False
CUST01007,Customer 1007,60.0,Female,Chennai,Savings,SME,Verified,2024-07-10,False,False,False
CUST01008,Customer 1008,68.0,Female,Kolkata,Current,Retail,Verified,2023-12-15,False,False,False
CUST01009,Customer 1009,28.0,Male,Mumbai,Savings,Retail,Pending,2025-05-17,False,False,False
CUST01010,Customer 1010,32.0,Male,Vijayawada,Savings,Retail,Verified,2024-12-07,False,False,False
CUST01011,Customer 1011,75.0,Female,Hyderabad,Savings,Retail,Verified,2022-04-04,False,False,False
CUST01012,Customer 1012,74.0,Female,Pune,Savings,Premium,Verified,2023-01-16,False,False,False
CUST01013,Customer 1013,56.0,Female,Hyderabad,Savings,Premium,Verified,2022-06-28,False,False,False
CUST01014,Customer 1014,39.0,Female,Bengaluru,Savings,Premium,Verified,2023-03-18,False,False,False
CUST01015,Customer 1015,62.0,Female,Mumbai,Savings,Premium,Verified,2025-11-30,False,False,False
CUST01016,Customer 1016,27.0,Male,Bengaluru,Savings,Retail,Pending,2022-08-05,False,False,False
CUST01017,Customer 1017,55.0,Female,Vijayawada,Savings,Retail,Verified,2021-12-16,False,False,False
CUST01018,Customer 1018,42.0,Female,Pune,Savings,Retail,Verified,2025-01-05,False,False,False
CUST01019,Customer 1019,67.0,Female,Visakhapatnam,Savings,Retail,Verified,2024-12-29,False,False,False
CUST01020,Customer 1020,74.0,Male,Delhi,Savings,Retail,Verified,2025-03-04,False,False,False
CUST01021,Customer 1021,42.0,Male,Kolkata,Savings,SME,Verified,2025-11-14,False,False,False
CUST01022,Customer 1022,24.0,Male,Kolkata,Current,Retail,Verified,2023-03-26,False,False,False
CUST01023,Customer 1023,75.0,Male,Delhi,Savings,Retail,Verified,2026-04-17,False,False,False
CUST01024,Customer 1024,58.0,Male,Chennai,Savings,Premium,Verified,2021-10-08,False,False,False
CUST01025,Customer 1025,33.0,Female,Vijayawada,Savings,Retail,Verified,2021-12-28,False,False,False
CUST01026,Customer 1026,25.0,Female,Pune,Savings,Retail,Verified,2023-01-31,False,False,False
CUST01027,Customer 1027,39.0,Female,Kolkata,Savings,Retail,Verified,2024-05-06,False,False,False
CUST01028,Customer 1028,57.0,Male,Delhi,Savings,Premium,Verified,2022-05-10,False,False,False
CUST01029,Customer 1029,35.0,Male,Vijayawada,Savings,Retail,Verified,2021-07-25,False,False,False
CUST01030,Customer 1030,26.0,Male,Bengaluru,Savings,Retail,Unknown,2021-12-20,False,False,True
CUST01031,Customer 1031,39.0,Male,Vijayawada,Savings,Retail,Verified,2021-10-08,False,False,False
CUST01032,Customer 1032,72.0,Male,Kolkata,Savings,SME,Unknown,2025-03-29,False,False,True
CUST01033,Customer 1033,36.0,Female,Kolkata,Savings,SME,Verified,2023-12-23,False,False,False
CUST01034,Customer 1034,70.0,Male,Mumbai,Savings,Retail,Verified,2023-05-05,False,False,False
CUST01035,Customer 1035,41.0,Male,Hyderabad,Savings,Retail,Verified,2025-01-22,False,False,False
CUST01036,Customer 1036,75.0,Female,Chennai,Savings,Premium,Verified,2023-07-26,False,False,False
CUST01037,Customer 1037,72.0,Male,Visakhapatnam,Savings,Retail,Verified,2022-08-03,False,False,False
CUST01038,Customer 1038,68.0,Male,Chennai,Current,Retail,Verified,2024-11-21,False,False,False
CUST01039,Customer 1039,21.0,Female,Mumbai,Savings,Retail,Verified,2025-10-16,False,False,False
CUST01040,Customer 1040,40.0,Female,Pune,Savings,Retail,Verified,2022-11-18,False,False,False
CUST01041,Customer 1041,65.0,Female,Chennai,Savings,Retail,Pending,2026-06-22,False,False,False
CUST01042,Customer 1042,45.0,Female,Delhi,Savings,Retail,Verified,2021-06-10,False,False,False
CUST01043,Customer 1043,53.0,Male,Unknown,Savings,Retail,Verified,2025-07-04,False,True,False
CUST01044,Customer 1044,36.0,Male,Visakhapatnam,Savings,SME,Verified,2026-05-30,False,False,False
CUST01045,Customer 1045,54.0,Male,Vijayawada,Savings,SME,Verified,2023-09-27,False,False,False
CUST01046,Customer 1046,46.0,Female,Chennai,Savings,Retail,Verified,2023-06-09,False,False,False
CUST01047,Customer 1047,66.0,Female,Visakhapatnam,Savings,Premium,Verified,2023-06-20,False,False,False
CUST01048,Customer 1048,31.0,Female,Delhi,Current,Retail,Verified,2024-08-05,False,False,False
CUST01049,Customer 1049,29.0,Female,Bengaluru,Savings,Retail,Verified,2025-11-13,False,False,False
CUST01050,Customer 1050,73.0,Male,Vijayawada,Savings,Premium,Verified,2021-04-01,False,False,False
CUST01051,Customer 1051,47.0,Female,Hyderabad,Savings,Retail,Pending,2022-06-30,False,False,False
CUST01052,Customer 1052,42.0,Male,Hyderabad,Savings,Premium,Verified,2021-01-29,False,False,False
CUST01053,Customer 1053,25.0,Male,Hyderabad,Savings,SME,Verified,2022-07-14,False,False,False
CUST01054,Customer 1054,37.0,Female,Pune,Savings,Retail,Verified,2023-06-08,False,False,False
CUST01055,Customer 1055,64.0,Male,Visakhapatnam,Savings,Retail,Verified,2025-08-26,False,False,False
CUST01056,Customer 1056,72.0,Male,Bengaluru,Savings,SME,Expired,2021-01-19,False,False,False
CUST01057,Customer 1057,22.0,Male,Chennai,Savings,Retail,Verified,2026-01-05,False,False,False
CUST01058,Customer 1058,38.0,Female,Visakhapatnam,Savings,Premium,Verified,2023-04-28,False,False,False
CUST01059,Customer 1059,24.0,Other,Pune,Current,Premium,Verified,2023-09-26,False,False,False
CUST01060,Customer 1060,42.0,Female,Mumbai,Savings,Premium,Verified,2021-08-17,False,False,False
CUST01061,Customer 1061,21.0,Male,Delhi,Savings,Premium,Verified,2023-11-18,False,False,False
CUST01062,Customer 1062,54.0,Male,Pune,Savings,Retail,Pending,2021-10-03,False,False,False
CUST01063,Customer 1063,45.0,Female,Kolkata,Savings,Retail,Verified,2025-01-26,False,False,False
CUST01064,Customer 1064,60.0,Male,Mumbai,Savings,Retail,Verified,2025-05-30,False,False,False
CUST01065,Customer 1065,24.0,Male,Delhi,Savings,Premium,Verified,2024-01-05,False,False,False
CUST01066,Customer 1066,42.0,Female,Kolkata,Savings,SME,Verified,2022-12-03,False,False,False
CUST01067,Customer 1067,62.0,Male,Bengaluru,Savings,Retail,Verified,2022-11-15,False,False,False
CUST01068,Customer 1068,30.0,Female,Delhi,Current,SME,Verified,2025-02-25,False,False,False
CUST01069,Customer 1069,34.0,Female,Hyderabad,Savings,Retail,Verified,2024-12-05,False,False,False
CUST01070,Customer 1070,54.0,Male, Hyderabad ,Savings,Premium,Verified,2023-08-09,False,False,False
CUST01071,Customer 1071,63.0,Male,Hyderabad,Savings,Retail,Expired,2022-08-11,False,False,False
CUST01072,Customer 1072,27.0,Male,Pune,Current,Retail,Verified,2021-11-21,False,False,False
CUST01073,Customer 1073,41.0,Female,Unknown,Savings,Retail,Verified,2024-01-05,False,True,False
CUST01074,Customer 1074,53.0,Female,Delhi,Savings,Retail,Verified,2021-10-21,False,False,False
CUST01075,Customer 1075,71.0,Female,Kolkata,Current,SME,Verified,2024-06-08,False,False,False
CUST01076,Customer 1076,55.0,Other,Pune,Savings,Retail,Expired,2026-01-26,False,False,False
CUST01077,Customer 1077,48.0,Male,Visakhapatnam,Savings,SME,Unknown,2023-10-31,False,False,True
CUST01078,Customer 1078,55.0,Male,Delhi,Savings,Retail,Verified,2023-07-12,False,False,False
CUST01079,Customer 1079,23.0,Female,Pune,Savings,Retail,Verified,2025-05-03,False,False,False
CUST01080,Customer 1080,38.0,Male,Vijayawada,Savings,Premium,Verified,2022-05-20,False,False,False
CUST01081,Customer 1081,50.0,Female,Visakhapatnam,Savings,Retail,Verified,2022-03-15,False,False,False
CUST01082,Customer 1082,40.0,Female,Hyderabad,Savings,Retail,Verified,2022-05-25,False,False,False
CUST01083,Customer 1083,23.0,Female,Mumbai,Savings,Corporate,Verified,2023-08-26,False,False,False
CUST01084,Customer 1084,33.0,Female,Delhi,Savings,SME,Verified,2022-03-06,False,False,False
CUST01085,Customer 1085,20.0,Female,Visakhapatnam,Savings,Retail,Verified,2022-04-24,False,False,False
CUST01086,Customer 1086,63.0,Female,Vijayawada,Current,Corporate,Verified,2026-06-13,False,False,False
CUST01087,Customer 1087,52.0,Female,Visakhapatnam,Savings,Retail,Verified,2025-04-04,False,False,False
CUST01088,Customer 1088,59.0,Male,Vijayawada,Savings,Corporate,Expired,2024-11-18,False,False,False
CUST01089,Customer 1089,49.0,Female,Visakhapatnam,Current,Retail,Verified,2026-04-01,False,False,False
CUST01090,Customer 1090,58.0,Male,Bengaluru,Savings,SME,Pending,2022-09-01,False,False,False
CUST01091,Customer 1091,52.0,Male,Pune,Current,Retail,Expired,2023-07-25,False,False,False
CUST01092,Customer 1092,74.0,Female,Pune,Current,Retail,Verified,2023-02-06,False,False,False
CUST01093,Customer 1093,36.0,Male,Hyderabad,Current,SME,Verified,2022-03-09,False,False,False
CUST01094,Customer 1094,69.0,Male,Chennai,Savings,Retail,Verified,2021-11-22,False,False,False
CUST01095,Customer 1095,23.0,Female,Pune,Savings,Retail,Verified,2022-09-14,False,False,False
CUST01096,Customer 1096,42.0,Female,Visakhapatnam,Savings,Premium,Expired,2025-01-13,False,False,False
CUST01097,Customer 1097,45.0,Male,Kolkata,Savings,Retail,Verified,2026-04-17,True,False,False
CUST01098,Customer 1098,61.0,Male,Bengaluru,Current,Retail,Verified,2023-01-20,False,False,False
CUST01099,Customer 1099,48.0,Male,Hyderabad,Savings,Retail,Verified,2026-03-28,False,False,False
CUST01100,Customer 1100,55.0,Female,Kolkata,Savings,Retail,Verified,2024-05-27,False,False,False
CUST01101,Customer 1101,61.0,Male,Chennai,Current,Premium,Verified,2025-10-24,False,False,False
CUST01102,Customer 1102,49.0,Male,Vijayawada,Savings,Retail,Verified,2024-02-26,False,False,False
CUST01103,Customer 1103,65.0,Male,Hyderabad,Savings,SME,Verified,2022-02-01,False,False,False
CUST01104,Customer 1104,26.0,Female,Chennai,Savings,Premium,Verified,2024-02-26,False,False,False
CUST01105,Customer 1105,58.0,Male,Bengaluru,Savings,Retail,Verified,2023-09-10,False,False,False
CUST01106,Customer 1106,46.0,Male,Pune,Savings,Retail,Verified,2025-08-21,False,False,False
CUST01107,Customer 1107,59.0,Male,Bengaluru,Savings,Premium,Expired,2023-07-24,False,False,False
CUST01108,Customer 1108,30.0,Female,Bengaluru,Savings,Premium,Verified,2022-07-27,False,False,False
CUST01109,Customer 1109,19.0,Female,Kolkata,Savings,Retail,Verified,2025-09-02,False,False,False
CUST01110,Customer 1110,64.0,Other,Delhi,Savings,Retail,Verified,2024-07-12,False,False,False
CUST01111,Customer 1111,20.0,Female,Delhi,Savings,Premium,Expired,2025-03-10,False,False,False
CUST01112,Customer 1112,60.0,Female,Mumbai,Savings,Retail,Verified,2021-03-14,False,False,False
CUST01113,Customer 1113,36.0,Male,Chennai,Savings,Retail,Verified,2023-12-04,False,False,False
CUST01114,Customer 1114,28.0,Female,Pune,Savings,SME,Verified,2023-12-29,False,False,False
CUST01115,Customer 1115,45.0,Male,Delhi,Current,Retail,Verified,2025-06-18,True,False,False
CUST01116,Customer 1116,23.0,Male,Visakhapatnam,Savings,Retail,Verified,2024-03-30,False,False,False
CUST01117,Customer 1117,60.0,Male,Kolkata,Savings,Retail,Pending,2024-10-02,False,False,False
CUST01118,Customer 1118,24.0,Male,Bengaluru,Savings,Retail,Pending,2024-12-31,False,False,False
CUST01119,Customer 1119,61.0,Male,Kolkata,Savings,Retail,Verified,2025-02-26,False,False,False
CUST01120,Customer 1120,63.0,Female,Mumbai,Savings,Retail,Verified,2025-02-05,False,False,False
CUST01121,Customer 1121,42.0,Male,Kolkata,Savings,Retail,Verified,2023-11-17,False,False,False
CUST01122,Customer 1122,72.0,Male,Mumbai,Savings,Retail,Verified,2024-03-22,False,False,False
CUST01123,Customer 1123,67.0,Male,Unknown,Savings,Retail,Verified,2024-09-08,False,True,False
CUST01124,Customer 1124,34.0,Male,Visakhapatnam,Current,Retail,Verified,2025-07-10,False,False,False
CUST01125,Customer 1125,71.0,Male,Delhi,Savings,Retail,Verified,2026-05-24,False,False,False
CUST01126,Customer 1126,24.0,Male,Delhi,Savings,Retail,Verified,2024-01-17,False,False,False
CUST01127,Customer 1127,69.0,Male,Visakhapatnam,Savings,Premium,Verified,2022-10-16,False,False,False
CUST01128,Customer 1128,59.0,Male,Chennai,Savings,Retail,Verified,2024-08-28,False,False,False
CUST01129,Customer 1129,37.0,Female,Visakhapatnam,Savings,Retail,Verified,2023-04-16,False,False,False
CUST01130,Customer 1130,48.0,Female,Kolkata,Savings,Retail,Verified,2025-02-03,False,False,False
CUST01131,Customer 1131,31.0,Female,Pune,Savings,SME,Expired,2021-01-30,False,False,False
CUST01132,Customer 1132,53.0,Male,Mumbai,Savings,Retail,Verified,2023-08-06,False,False,False
CUST01133,Customer 1133,21.0,Female,Visakhapatnam,Current,Premium,Verified,2023-11-02,False,False,False
CUST01134,Customer 1134,47.0,Male,Bengaluru,Savings,SME,Verified,2024-08-21,False,False,False
CUST01135,Customer 1135,58.0,Male,Chennai,Savings,Premium,Verified,2026-02-13,False,False,False
CUST01136,Customer 1136,64.0,Female,Visakhapatnam,Current,Retail,Verified,2021-08-11,False,False,False
CUST01137,Customer 1137,20.0,Female,Delhi,Savings,Premium,Verified,2025-10-14,False,False,False
CUST01138,Customer 1138,51.0,Male,Mumbai,Savings,Retail,Expired,2022-04-12,False,False,False
CUST01139,Customer 1139,45.0,Male,Kolkata,Savings,Premium,Expired,2023-09-02,True,False,False
CUST01140,Customer 1140,64.0,Male,Delhi,Savings,Retail,Verified,2022-04-01,False,False,False
CUST01141,Customer 1141,71.0,Male,Bengaluru,Current,Retail,Verified,2022-12-21,False,False,False
CUST01142,Customer 1142,56.0,Female,Bengaluru,Savings,Retail,Verified,2021-03-24,False,False,False
CUST01143,Customer 1143,38.0,Male,Bengaluru,Savings,Retail,Verified,2023-02-20,False,False,False
CUST01144,Customer 1144,57.0,Male,Mumbai,Savings,SME,Verified,2023-04-05,False,False,False
CUST01145,Customer 1145,31.0,Male, Visakhapatnam ,Current,Retail,Verified,2024-07-20,False,False,False
CUST01146,Customer 1146,60.0,Male,Pune,Savings,Retail,Verified,2024-03-26,False,False,False
CUST01147,Customer 1147,31.0,Other,Mumbai,Savings,Retail,Verified,2022-01-19,False,False,False
CUST01148,Customer 1148,51.0,Male,Bengaluru,Savings,Premium,Verified,2023-09-28,False,False,False
CUST01149,Customer 1149,43.0,Female,Vijayawada,Current,Premium,Verified,2024-06-07,False,False,False
CUST01150,Customer 1150,38.0,Male,Pune,Savings,Retail,Verified,2026-04-20,False,False,False
CUST01151,Customer 1151,68.0,Male,Vijayawada,Savings,SME,Pending,2022-06-20,False,False,False
CUST01152,Customer 1152,40.0,Female,Visakhapatnam,Savings,Retail,Verified,2021-07-10,False,False,False
CUST01153,Customer 1153,54.0,Female,Bengaluru,Savings,Retail,Verified,2021-08-18,False,False,False
CUST01154,Customer 1154,19.0,Male,Mumbai,Savings,Premium,Verified,2023-07-25,False,False,False
CUST01155,Customer 1155,59.0,Female,Hyderabad,Savings,Premium,Verified,2023-10-13,False,False,False
CUST01156,Customer 1156,20.0,Male,Bengaluru,Savings,SME,Verified,2025-01-19,False,False,False
CUST01157,Customer 1157,50.0,Female,Bengaluru,Savings,Premium,Verified,2022-05-02,False,False,False
CUST01158,Customer 1158,44.0,Male,Hyderabad,Savings,Retail,Verified,2025-01-30,False,False,False
CUST01159,Customer 1159,64.0,Male,Bengaluru,Savings,Retail,Unknown,2023-03-02,False,False,True
CUST01160,Customer 1160,64.0,Female,Bengaluru,Savings,Retail,Verified,2026-02-08,False,False,False
CUST01161,Customer 1161,47.0,Female,Hyderabad,Current,Retail,Verified,2025-09-13,False,False,False
CUST01162,Customer 1162,59.0,Female,Visakhapatnam,Savings,SME,Verified,2023-01-12,False,False,False
CUST01163,Customer 1163,24.0,Male,Delhi,Savings,Retail,Verified,2024-11-10,False,False,False
CUST01164,Customer 1164,40.0,Female,Chennai,Current,Retail,Pending,2025-08-31,False,False,False
CUST01165,Customer 1165,51.0,Female,Mumbai,Savings,Retail,Verified,2024-03-31,False,False,False
CUST01166,Customer 1166,45.0,Male,Hyderabad,Savings,Retail,Verified,2021-02-05,False,False,False
CUST01167,Customer 1167,36.0,Male,Hyderabad,Savings,Retail,Verified,2025-06-01,False,False,False
CUST01168,Customer 1168,66.0,Male,Vijayawada,Savings,Premium,Verified,2024-11-30,False,False,False
CUST01169,Customer 1169,27.0,Male,Bengaluru,Savings,Retail,Verified,2024-06-08,False,False,False
CUST01170,Customer 1170,63.0,Female,Vijayawada,Savings,SME,Verified,2026-06-04,False,False,False
CUST01171,Customer 1171,30.0,Female,Vijayawada,Current,Premium,Verified,2025-01-19,False,False,False
CUST01172,Customer 1172,53.0,Female,Mumbai,Savings,Retail,Verified,2021-04-15,False,False,False
CUST01173,Customer 1173,49.0,Other,Delhi,Savings,Corporate,Verified,2024-06-26,False,False,False
CUST01174,Customer 1174,67.0,Male,Chennai,Current,Corporate,Verified,2024-07-08,False,False,False
CUST01175,Customer 1175,42.0,Male,Chennai,Savings,Premium,Verified,2024-11-20,False,False,False
CUST01176,Customer 1176,74.0,Male,Hyderabad,Savings,SME,Verified,2022-08-17,False,False,False
CUST01177,Customer 1177,23.0,Female,Kolkata,Savings,Retail,Verified,2024-02-15,False,False,False
CUST01178,Customer 1178,54.0,Female,Delhi,Savings,Retail,Verified,2021-09-01,False,False,False
CUST01179,Customer 1179,27.0,Male,Hyderabad,Savings,SME,Verified,2025-10-05,False,False,False
CUST01180,Customer 1180,74.0,Male,Hyderabad,Savings,Retail,Verified,2023-08-31,False,False,False
CUST01181,Customer 1181,61.0,Female,Visakhapatnam,Savings,SME,Pending,2024-02-03,False,False,False
CUST01182,Customer 1182,22.0,Male,Kolkata,Savings,Retail,Verified,2021-11-02,False,False,False
CUST01183,Customer 1183,65.0,Male,Mumbai,Savings,Retail,Pending,2023-04-21,False,False,False
CUST01184,Customer 1184,62.0,Male,Chennai,Savings,Retail,Verified,2025-02-05,False,False,False
CUST01185,Customer 1185,32.0,Female,Visakhapatnam,Current,Retail,Verified,2023-08-18,False,False,False
CUST01186,Customer 1186,23.0,Female,Visakhapatnam,Savings,SME,Verified,2021-01-05,False,False,False
CUST01187,Customer 1187,23.0,Female,Bengaluru,Savings,SME,Verified,2023-10-02,False,False,False
CUST01188,Customer 1188,30.0,Female,Visakhapatnam,Savings,Retail,Pending,2025-06-20,False,False,False
CUST01189,Customer 1189,24.0,Male,Hyderabad,Savings,Retail,Pending,2023-07-30,False,False,False
CUST01190,Customer 1190,37.0,Male,Mumbai,Savings,SME,Verified,2025-02-15,False,False,False
CUST01191,Customer 1191,53.0,Other,Bengaluru,Current,Retail,Verified,2026-05-17,False,False,False
CUST01192,Customer 1192,24.0,Female,Visakhapatnam,Current,Premium,Verified,2023-06-19,False,False,False
CUST01193,Customer 1193,50.0,Female,Delhi,Savings,Premium,Verified,2025-10-21,False,False,False
CUST01194,Customer 1194,59.0,Female,Delhi,Savings,Retail,Verified,2025-11-12,False,False,False
CUST01195,Customer 1195,27.0,Male,Vijayawada,Savings,SME,Verified,2024-05-28,False,False,False
CUST01196,Customer 1196,38.0,Male,Kolkata,Savings,Retail,Verified,2024-07-04,False,False,False
CUST01197,Customer 1197,69.0,Female,Bengaluru,Current,SME,Pending,2024-04-07,False,False,False
CUST01198,Customer 1198,27.0,Female,Visakhapatnam,Savings,SME,Verified,2023-10-14,False,False,False
CUST01199,Customer 1199,45.0,Female,Delhi,Savings,Retail,Verified,2022-11-02,True,False,False
CUST01200,Customer 1200,30.0,Male,Bengaluru,Savings,SME,Verified,2022-12-19,False,False,False
