case_id,customer_id,transaction_id,created_at,case_type,priority,status,resolution_time_hours,sla_breached,channel,customer_query,priority_missing_flag,customer_query_missing_flag,negative_resolution_flag,resolution_time_missing_flag
CASE000001,CUST00226,TXN0002346,2026-06-21,Card Issue,Low,In Progress,14.08,False,App,My card transaction is not working.,False,False,False,False
CASE000002,CUST00083,TXN0002212,2026-04-28,Transaction Dispute,Medium,Resolved,7.86,False,Chat,I do not recognize this transaction.,False,False,False,False
CASE000003,CUST00214,TXN0006604,2025-10-20,Card Issue,High,Resolved,18.4,False,Email,My card transaction is not working.,False,False,False,False
CASE000004,CUST00577,TXN0003732,2026-01-19,General Enquiry,Unknown,Resolved,28.13,True,Email,I need information about my account.,True,False,False,False
CASE000005,CUST00913,TXN0000554,2025-01-15,Refund,High,Resolved,21.36,False,App,When will I receive my refund?,False,False,False,False
CASE000006,CUST01014,TXN0005113,2026-08-05,Transaction Dispute,Medium,Resolved,14.48,False,Chat,I do not recognize this transaction.,False,False,False,False
CASE000007,CUST00557,TXN0006792,2025-07-13,Payment Failure,Medium,Resolved,18.75,False,Chat,My payment failed and the amount was deducted.,False,False,False,False
CASE000008,CUST00568,TXN0005977,2026-08-15,Transaction Dispute,Low,Open,32.03,True,Email,I do not recognize this transaction.,False,False,False,False
CASE000009,CUST00865,TXN0000337,2025-11-07,Transaction Dispute,High,In Progress,18.51,False,Chat,I do not recognize this transaction.,False,False,False,False
CASE000010,CUST00869,TXN0002746,2026-02-22,Refund,Medium,Resolved,9.96,False,Branch,When will I receive my refund?,False,False,False,False
CASE000011,CUST00767,TXN0001758,2026-08-08,Card Issue,Medium,In Progress,31.87,True,Phone,My card transaction is not working.,False,False,False,False
CASE000012,CUST00158,TXN0002978,2026-05-10,Account Issue,Medium,Resolved,4.4,False,App,I am unable to access my account.,False,False,False,False
CASE000013,CUST00409,TXN0004913,2026-08-03,KYC,Low,Resolved,13.16,False,Branch,I need help updating my KYC documents.,False,False,False,False
CASE000014,CUST00610,TXN0005848,2025-02-15,Account Issue,Critical,In Progress,33.42,True,Email,I am unable to access my account.,False,False,False,False
CASE000015,CUST00288,TXN0000399,2026-01-06,Refund,Low,Resolved,11.39,False,Phone,When will I receive my refund?,False,False,False,False
CASE000016,CUST00776,TXN0005968,2025-05-18,KYC,Low,In Progress,27.66,True,Chat,I need help updating my KYC documents.,False,False,False,False
CASE000017,CUST00942,TXN0001037,2025-09-05,KYC,Low,In Progress,9.6,False,Phone,I need help updating my KYC documents.,False,False,False,False
CASE000018,CUST00088,TXN0002609,2025-01-22,Transaction Dispute,Medium,Resolved,1.08,False,Phone,I do not recognize this transaction.,False,False,False,False
CASE000019,CUST00088,TXN0002830,2026-01-11,Account Issue,Low,Resolved,2.59,False,Branch,I am unable to access my account.,False,False,False,False
CASE000020,CUST00011,TXN0006113,2025-04-13,Account Issue,Medium,Resolved,13.46,False,Branch,I am unable to access my account.,False,False,False,False
CASE000021,CUST00950,TXN0004587,2026-06-04,Card Issue,Low,Open,4.05,False,Chat,My card transaction is not working.,False,False,False,False
CASE000022,CUST00863,TXN0004319,2025-04-08,Account Issue,High,In Progress,23.4,False,Email,I am unable to access my account.,False,False,False,False
CASE000023,CUST00680,TXN0000125,2026-08-24,KYC,Medium,Open,28.45,True,Phone,I need help updating my KYC documents.,False,False,False,False
CASE000024,CUST01079,TXN0002930,2025-04-02,Account Issue,Medium,Resolved,27.14,True,App,I am unable to access my account.,False,False,False,False
CASE000025,CUST00188,TXN0006644,2025-05-11,KYC,Medium,Escalated,,False,Chat,I need help updating my KYC documents.,False,False,False,True
CASE000026,CUST01028,TXN0003945,2025-01-03,KYC,Medium,Resolved,6.7,False,Email,I need help updating my KYC documents.,False,False,False,False
CASE000027,CUST00875,TXN0000458,2026-06-28,KYC,Medium,Resolved,33.97,True,Phone,I need help updating my KYC documents.,False,False,False,False
CASE000028,CUST00979,TXN0003851,2025-01-26,Card Issue,Low,Open,11.42,False,Chat,My card transaction is not working.,False,False,False,False
CASE000029,CUST00885,TXN0002106,2025-06-20,Card Issue,Medium,Resolved,9.64,False,App,My card transaction is not working.,False,False,False,False
CASE000030,CUST00303,TXN0003182,2025-06-12,General Enquiry,Low,Open,16.82,False,Phone,I need information about my account.,False,False,False,False
CASE000031,CUST00379,TXN0000472,2026-02-08,Transaction Dispute,High,Resolved,10.75,False,Email,Not Provided,False,True,False,False
CASE000032,CUST00635,TXN0001634,2025-02-22,Payment Failure,Medium,Resolved,28.78,True,App,My payment failed and the amount was deducted.,False,False,False,False
CASE000033,CUST00942,TXN0002173,2025-05-24,KYC,Medium,Open,21.96,False,Phone,I need help updating my KYC documents.,False,False,False,False
CASE000034,CUST01050,TXN0002221,2026-02-11,Payment Failure,High,In Progress,32.95,True,Email,My payment failed and the amount was deducted.,False,False,False,False
CASE000035,CUST01057,TXN0001829,2025-03-24,General Enquiry,High,In Progress,31.22,True,Chat,I need information about my account.,False,False,False,False
CASE000036,CUST00927,TXN0005093,2025-05-04,KYC,Medium,In Progress,42.2,True,Email,I need help updating my KYC documents.,False,False,False,False
CASE000037,CUST00287,TXN0004190,2026-05-18,Transaction Dispute,Medium,Open,82.18,True,Chat,I do not recognize this transaction.,False,False,False,False
CASE000038,CUST00504,TXN0003034,2025-08-18,KYC,Medium,Resolved,65.87,True,Phone,I need help updating my KYC documents.,False,False,False,False
CASE000039,CUST01006,TXN0004118,2025-02-28,General Enquiry,Low,Escalated,4.67,False,Chat,I need information about my account.,False,False,False,False
CASE000040,CUST00662,TXN0006858,2025-05-19,Account Issue,Low,Resolved,19.58,False,Phone,I am unable to access my account.,False,False,False,False
CASE000041,CUST00176,TXN0002788,2026-09-02,Account Issue,High,Escalated,24.69,True,Chat,I am unable to access my account.,False,False,False,False
CASE000042,CUST00236,TXN0004997,2025-11-17,Transaction Dispute,High,Open,4.13,False,Email,I do not recognize this transaction.,False,False,False,False
CASE000043,CUST00253,TXN0004661,2026-05-28,General Enquiry,High,Resolved,3.8,False,Chat,I need information about my account.,False,False,False,False
CASE000044,CUST00323,TXN0003340,2025-11-11,Refund,Medium,Resolved,22.82,False,Phone,When will I receive my refund?,False,False,False,False
CASE000045,CUST00600,TXN0002990,2025-06-20,Transaction Dispute,Low,Escalated,9.81,False,App,I do not recognize this transaction.,False,False,False,False
CASE000046,CUST00541,TXN0003140,2026-08-04,General Enquiry,Medium,Open,10.06,False,Chat,I need information about my account.,False,False,False,False
CASE000047,CUST00705,TXN0003480,2026-05-21,KYC,Medium,Open,21.14,False,Chat,I need help updating my KYC documents.,False,False,False,False
CASE000048,CUST00569,TXN0006918,2026-03-08,Account Issue,Low,Resolved,11.55,False,App,Not Provided,False,True,False,False
CASE000049,CUST00295,TXN0006654,2025-09-11,Account Issue,Low,Resolved,21.73,False,App,I am unable to access my account.,False,False,False,False
CASE000050,CUST00853,TXN0001429,2025-10-03,General Enquiry,High,Resolved,5.16,False,Chat,I need information about my account.,False,False,False,False
CASE000051,CUST00434,TXN0004423,2026-04-05,Transaction Dispute,Low,Open,18.01,False,Email,I do not recognize this transaction.,False,False,False,False
CASE000052,CUST00727,TXN0000633,2026-01-29,General Enquiry,Medium,In Progress,10.01,False,Chat,I need information about my account.,False,False,False,False
CASE000053,CUST01020,TXN0004805,2026-07-26,KYC,High,Escalated,9.49,False,Chat,I need help updating my KYC documents.,False,False,False,False
CASE000054,CUST00779,TXN0002363,2026-07-18,KYC,High,Resolved,54.06,True,Email,I need help updating my KYC documents.,False,False,False,False
CASE000055,CUST00479,TXN0004203,2025-08-20,General Enquiry,Medium,Open,30.49,True,App,I need information about my account.,False,False,False,False
CASE000056,CUST00418,TXN0004192,2025-02-26,KYC,Medium,Resolved,5.71,False,Branch,I need help updating my KYC documents.,False,False,False,False
CASE000057,CUST01034,TXN0006589,2026-02-11,KYC,Low,Resolved,9.97,False,Chat,I need help updating my KYC documents.,False,False,False,False
CASE000058,CUST00351,TXN0006898,2026-02-13,Payment Failure,Low,Open,33.73,True,App,My payment failed and the amount was deducted.,False,False,False,False
CASE000059,CUST00438,TXN0001038,2026-02-17,Transaction Dispute,High,Resolved,7.56,False,Phone,I do not recognize this transaction.,False,False,False,False
CASE000060,CUST00368,TXN0003930,2025-10-31,Refund,Medium,In Progress,19.45,False,Email,When will I receive my refund?,False,False,False,False
CASE000061,CUST00567,TXN0005084,2026-01-27,Transaction Dispute,Medium,In Progress,6.45,False,App,I do not recognize this transaction.,False,False,False,False
CASE000062,CUST00466,TXN0006993,2025-05-11,Transaction Dispute,Medium,Resolved,5.53,False,Branch,I do not recognize this transaction.,False,False,False,False
CASE000063,CUST00031,TXN0003001,2026-08-24,General Enquiry,Medium,Escalated,22.8,False,App,I need information about my account.,False,False,False,False
CASE000064,CUST00702,TXN0005230,2025-03-13,Refund,Low,Resolved,24.86,True,Chat,When will I receive my refund?,False,False,False,False
CASE000065,CUST00830,TXN0005267,2025-06-25,Transaction Dispute,Medium,In Progress,35.25,True,Email,I do not recognize this transaction.,False,False,False,False
CASE000066,CUST00428,TXN0005887,2026-03-10,Payment Failure,High,Resolved,15.23,False,Email,My payment failed and the amount was deducted.,False,False,False,False
CASE000067,CUST00446,TXN0005106,2026-09-16,KYC,Low,In Progress,15.37,False,App,I need help updating my KYC documents.,False,False,False,False
CASE000068,CUST00912,TXN0000824,2026-08-31,General Enquiry,Medium,Resolved,27.65,True,App,I need information about my account.,False,False,False,False
CASE000069,CUST01028,TXN0003759,2026-01-14,KYC,High,Open,15.34,False,Chat,I need help updating my KYC documents.,False,False,False,False
CASE000070,CUST00418,TXN0005822,2025-10-01,General Enquiry,High,Resolved,18.23,False,App,I need information about my account.,False,False,False,False
CASE000071,CUST01154,TXN0005527,2026-08-21,Payment Failure,High,Open,10.02,False,Branch,My payment failed and the amount was deducted.,False,False,False,False
CASE000072,CUST00630,TXN0002421,2025-11-24,Account Issue,High,Resolved,13.19,False,App,I am unable to access my account.,False,False,False,False
CASE000073,CUST00815,TXN0005901,2025-10-05,KYC,Medium,Open,35.21,True,App,I need help updating my KYC documents.,False,False,False,False
CASE000074,CUST00906,TXN0003117,2025-06-09,Payment Failure,Medium,Escalated,8.22,False,Email,My payment failed and the amount was deducted.,False,False,False,False
CASE000075,CUST00523,TXN0000795,2026-04-21,Card Issue,Low,Resolved,8.96,False,Phone,My card transaction is not working.,False,False,False,False
CASE000076,CUST01187,TXN0004221,2025-04-22,KYC,Medium,In Progress,30.09,True,App,I need help updating my KYC documents.,False,False,False,False
CASE000077,CUST00764,TXN0000760,2025-05-21,General Enquiry,High,Resolved,30.09,True,App,I need information about my account.,False,False,False,False
CASE000078,CUST00273,TXN0001607,2026-06-29,General Enquiry,Medium,In Progress,12.48,False,App,I need information about my account.,False,False,False,False
CASE000079,CUST00813,TXN0005398,2025-10-13,Card Issue,Medium,Resolved,31.98,True,Chat,My card transaction is not working.,False,False,False,False
CASE000080,CUST01051,TXN0005244,2026-03-10,Account Issue,High,Open,36.56,True,Chat,I am unable to access my account.,False,False,False,False
CASE000081,CUST00505,TXN0001610,2026-09-13,KYC,Low,Resolved,9.88,False,App,I need help updating my KYC documents.,False,False,False,False
CASE000082,CUST01143,TXN0004523,2025-08-25,General Enquiry,Medium,Resolved,26.24,True,App,I need information about my account.,False,False,False,False
CASE000083,CUST00956,TXN0003610,2026-05-23,General Enquiry,High,In Progress,31.29,True,App,I need information about my account.,False,False,False,False
CASE000084,CUST00792,TXN0002403,2025-12-12,Refund,High,Open,15.69,False,Branch,When will I receive my refund?,False,False,False,False
CASE000085,CUST00309,TXN0004557,2025-01-02,General Enquiry,Medium,Open,10.41,False,Email,I need information about my account.,False,False,False,False
CASE000086,CUST00801,TXN0004451,2026-01-15,Transaction Dispute,Medium,Escalated,16.84,False,Phone,I do not recognize this transaction.,False,False,False,False
CASE000087,CUST01120,TXN0005240,2025-09-08,Refund,High,Resolved,19.65,False,Phone,When will I receive my refund?,False,False,False,False
CASE000088,CUST01089,TXN0000630,2025-04-13,Payment Failure,Medium,In Progress,21.71,False,App,My payment failed and the amount was deducted.,False,False,False,False
CASE000089,CUST00775,TXN0005853,2025-11-02,Refund,Medium,Escalated,23.21,False,App,When will I receive my refund?,False,False,False,False
CASE000090,CUST00880,TXN0004443,2026-08-03,Refund,Medium,Open,18.56,False,Email,When will I receive my refund?,False,False,False,False
CASE000091,CUST01113,TXN0004351,2025-04-12,Transaction Dispute,Low,In Progress,18.31,False,App,I do not recognize this transaction.,False,False,False,False
CASE000092,CUST00366,TXN0004243,2026-08-03,Refund,Low,Resolved,29.22,True,Phone,When will I receive my refund?,False,False,False,False
CASE000093,CUST00178,TXN0003826,2026-09-26,Refund,High,Open,8.75,False,Email,When will I receive my refund?,False,False,False,False
CASE000094,CUST00010,TXN0002199,2025-05-10,KYC,Low,Resolved,12.13,False,Email,I need help updating my KYC documents.,False,False,False,False
CASE000095,CUST01040,TXN0001669,2026-07-26,General Enquiry,High,Resolved,36.66,True,Branch,I need information about my account.,False,False,False,False
CASE000096,CUST00529,TXN0001924,2025-04-30,KYC,Medium,In Progress,8.04,False,Branch,I need help updating my KYC documents.,False,False,False,False
CASE000097,CUST00152,TXN0006724,2025-03-16,Refund,Critical,Resolved,6.84,False,App,When will I receive my refund?,False,False,False,False
CASE000098,CUST00139,TXN0005133,2026-02-25,KYC,Unknown,Resolved,25.6,True,Phone,I need help updating my KYC documents.,True,False,False,False
CASE000099,CUST00848,TXN0000543,2025-04-12,Card Issue,Low,Open,2.97,False,Chat,My card transaction is not working.,False,False,False,False
CASE000100,CUST00541,TXN0006531,2025-11-21,Payment Failure,Medium,Resolved,11.26,False,Email,My payment failed and the amount was deducted.,False,False,False,False
CASE000101,CUST00544,TXN0005411,2026-05-20,KYC,Medium,Resolved,19.87,False,Email,I need help updating my KYC documents.,False,False,False,False
CASE000102,CUST01154,TXN0001473,2026-01-15,Payment Failure,High,Resolved,29.58,True,Email,My payment failed and the amount was deducted.,False,False,False,False
CASE000103,CUST01082,TXN0003109,2026-07-21,Refund,Medium,Open,25.42,True,Chat,When will I receive my refund?,False,False,False,False
CASE000104,CUST00668,TXN0001590,2025-04-06,General Enquiry,Critical,Resolved,6.35,False,Branch,I need information about my account.,False,False,False,False
CASE000105,CUST01155,TXN0005708,2026-03-13,Card Issue,Medium,Resolved,20.63,False,Email,My card transaction is not working.,False,False,False,False
CASE000106,CUST00543,TXN0001630,2025-06-16,Payment Failure,Medium,In Progress,7.11,False,Email,My payment failed and the amount was deducted.,False,False,False,False
CASE000107,CUST01089,TXN0005407,2025-08-03,KYC,Medium,In Progress,9.87,False,Chat,I need help updating my KYC documents.,False,False,False,False
CASE000108,CUST00770,TXN0006638,2025-03-09,Payment Failure,High,Resolved,9.14,False,App,My payment failed and the amount was deducted.,False,False,False,False
CASE000109,CUST00930,TXN0001525,2025-06-25,Refund,Low,In Progress,12.59,False,Phone,When will I receive my refund?,False,False,False,False
CASE000110,CUST01010,TXN0004460,2025-03-10,Payment Failure,High,Resolved,20.96,False,Branch,My payment failed and the amount was deducted.,False,False,False,False
CASE000111,CUST00199,TXN0005728,2025-04-03,Account Issue,Medium,In Progress,33.6,True,Branch,I am unable to access my account.,False,False,False,False
CASE000112,CUST00536,TXN0001805,2025-03-26,Card Issue,High,Resolved,2.13,False,Chat,My card transaction is not working.,False,False,False,False
CASE000113,CUST00259,TXN0006126,2026-01-20,Payment Failure,Unknown,Resolved,19.89,False,Chat,My payment failed and the amount was deducted.,True,False,False,False
CASE000114,CUST00098,TXN0006734,2026-03-14,Payment Failure,Medium,Resolved,29.52,True,Email,My payment failed and the amount was deducted.,False,False,False,False
CASE000115,CUST01070,TXN0005602,2026-04-08,Card Issue,Medium,In Progress,12.45,False,Chat,My card transaction is not working.,False,False,False,False
CASE000116,CUST00462,TXN0001161,2025-08-26,Account Issue,Low,In Progress,43.34,True,Chat,I am unable to access my account.,False,False,False,False
CASE000117,CUST00833,TXN0006053,2025-01-03,General Enquiry,High,Resolved,11.38,False,Phone,I need information about my account.,False,False,False,False
CASE000118,CUST00136,TXN0003262,2026-07-17,Transaction Dispute,Medium,Open,5.7,False,Email,I do not recognize this transaction.,False,False,False,False
CASE000119,CUST01052,TXN0000830,2025-06-06,Refund,Low,Resolved,57.71,True,Email,When will I receive my refund?,False,False,False,False
CASE000120,CUST00979,TXN0005490,2025-11-16,KYC,Medium,Resolved,5.59,False,Chat,I need help updating my KYC documents.,False,False,False,False
CASE000121,CUST00708,TXN0005203,2026-09-26,Card Issue,Critical,Resolved,12.42,False,App,My card transaction is not working.,False,False,False,False
CASE000122,CUST00901,TXN0003411,2025-11-16,Payment Failure,Medium,Resolved,22.95,False,Branch,My payment failed and the amount was deducted.,False,False,False,False
CASE000123,CUST01099,TXN0004546,2025-06-21,Card Issue,Critical,Resolved,32.03,True,App,My card transaction is not working.,False,False,False,False
CASE000124,CUST00353,TXN0004539,2026-02-28,Refund,High,Resolved,6.49,False,App,When will I receive my refund?,False,False,False,False
CASE000125,CUST00051,TXN0000275,2026-04-02,Payment Failure,High,Resolved,9.35,False,Phone,My payment failed and the amount was deducted.,False,False,False,False
CASE000126,CUST01052,TXN0003894,2025-05-14,KYC,Medium,Resolved,23.79,False,Email,I need help updating my KYC documents.,False,False,False,False
CASE000127,CUST00648,TXN0000253,2026-04-30,Transaction Dispute,Low,In Progress,37.0,True,Chat,I do not recognize this transaction.,False,False,False,False
CASE000128,CUST00929,TXN0006854,2025-06-05,Transaction Dispute,Medium,Open,19.74,False,Email,I do not recognize this transaction.,False,False,False,False
CASE000129,CUST00671,TXN0002877,2025-06-12,Transaction Dispute,Low,Resolved,7.79,False,App,I do not recognize this transaction.,False,False,False,False
CASE000130,CUST00069,TXN0004563,2025-09-15,Refund,High,Open,31.7,True,Phone,When will I receive my refund?,False,False,False,False
CASE000131,CUST00897,TXN0006848,2026-04-23,Transaction Dispute,High,In Progress,9.39,False,Phone,I do not recognize this transaction.,False,False,False,False
CASE000132,CUST00977,TXN0001630,2025-01-19,Card Issue,Medium,Resolved,65.55,True,App,My card transaction is not working.,False,False,False,False
CASE000133,CUST00516,TXN0006896,2025-08-23,Account Issue,Medium,Open,7.88,False,Email,I am unable to access my account.,False,False,False,False
CASE000134,CUST00502,TXN0005662,2026-04-22,Payment Failure,High,Resolved,5.56,False,Phone,My payment failed and the amount was deducted.,False,False,False,False
CASE000135,CUST01164,TXN0001825,2025-02-14,Payment Failure,High,Resolved,12.19,False,Chat,My payment failed and the amount was deducted.,False,False,False,False
CASE000136,CUST00145,TXN0002875,2025-03-11,Card Issue,Medium,Escalated,44.9,True,Phone,My card transaction is not working.,False,False,False,False
CASE000137,CUST01012,TXN0003980,2026-05-24,General Enquiry,Medium,Open,22.96,False,Chat,I need information about my account.,False,False,False,False
CASE000138,CUST00602,TXN0000626,2026-09-25,Payment Failure,Low,Open,11.62,False,Phone,My payment failed and the amount was deducted.,False,False,False,False
CASE000139,CUST00237,TXN0001021,2025-08-28,Payment Failure,Medium,In Progress,29.24,True,Branch,My payment failed and the amount was deducted.,False,False,False,False
CASE000140,CUST00565,TXN0005191,2025-03-15,Account Issue,Medium,Escalated,20.38,False,App,I am unable to access my account.,False,False,False,False
CASE000141,CUST00740,TXN0001949,2025-07-11,General Enquiry,Low,Resolved,11.04,False,Chat,I need information about my account.,False,False,False,False
CASE000142,CUST00379,TXN0001469,2025-12-20,Payment Failure,Medium,Open,21.34,False,App,My payment failed and the amount was deducted.,False,False,False,False
CASE000143,CUST00706,TXN0001465,2025-06-12,Transaction Dispute,Medium,Resolved,9.97,False,App,I do not recognize this transaction.,False,False,False,False
CASE000144,CUST00518,TXN0000195,2025-05-07,Account Issue,Medium,Resolved,8.62,False,Email,I am unable to access my account.,False,False,False,False
CASE000145,CUST00166,TXN0006902,2025-07-30,Transaction Dispute,Low,Open,21.65,False,Phone,I do not recognize this transaction.,False,False,False,False
CASE000146,CUST00310,TXN0001674,2025-01-06,Transaction Dispute,Medium,Escalated,29.48,True,Phone,I do not recognize this transaction.,False,False,False,False
CASE000147,CUST01048,TXN0006438,2026-08-23,Account Issue,High,Escalated,10.96,False,Email,I am unable to access my account.,False,False,False,False
CASE000148,CUST00898,TXN0004604,2026-09-29,Transaction Dispute,Medium,Open,8.59,False,Phone,I do not recognize this transaction.,False,False,False,False
CASE000149,CUST00673,TXN0004528,2026-05-27,Account Issue,Medium,Resolved,28.45,True,Email,I am unable to access my account.,False,False,False,False
CASE000150,CUST01190,TXN0003355,2025-08-14,Transaction Dispute,Low,Resolved,12.52,False,Branch,I do not recognize this transaction.,False,False,False,False
CASE000151,CUST00976,TXN0002268,2025-02-09,Payment Failure,Low,Escalated,8.19,False,Branch,My payment failed and the amount was deducted.,False,False,False,False
CASE000152,CUST00527,TXN0001286,2025-08-09,Refund,High,In Progress,,True,Chat,When will I receive my refund?,False,False,False,True
CASE000153,CUST00394,TXN0004506,2026-06-02,Transaction Dispute,Low,In Progress,14.23,False,Branch,I do not recognize this transaction.,False,False,False,False
CASE000154,CUST00841,TXN0001882,2025-06-10,Refund,Medium,In Progress,38.16,True,Phone,When will I receive my refund?,False,False,False,False
CASE000155,CUST00021,TXN0005204,2026-07-22,Payment Failure,Critical,In Progress,33.75,True,Email,My payment failed and the amount was deducted.,False,False,False,False
CASE000156,CUST00765,TXN0002637,2025-04-01,Account Issue,Unknown,Resolved,9.34,False,Branch,I am unable to access my account.,True,False,False,False
CASE000157,CUST00846,TXN0003984,2026-04-13,Transaction Dispute,Low,Resolved,6.18,False,Phone,I do not recognize this transaction.,False,False,False,False
CASE000158,CUST01044,TXN0004630,2026-04-02,General Enquiry,High,In Progress,23.03,False,App,I need information about my account.,False,False,False,False
CASE000159,CUST01179,TXN0005773,2026-07-17,KYC,High,In Progress,7.82,False,Phone,I need help updating my KYC documents.,False,False,False,False
CASE000160,CUST00120,TXN0000857,2025-05-08,Transaction Dispute,Low,In Progress,17.3,False,Branch,I do not recognize this transaction.,False,False,False,False
CASE000161,CUST00926,TXN0000357,2025-07-27,KYC,Low,Escalated,42.7,True,Phone,I need help updating my KYC documents.,False,False,False,False
CASE000162,CUST00281,TXN0005877,2025-05-21,Refund,Medium,Resolved,4.87,False,Email,When will I receive my refund?,False,False,False,False
CASE000163,CUST00752,TXN0006072,2025-10-13,Account Issue,Medium,In Progress,10.45,False,Phone,I am unable to access my account.,False,False,False,False
CASE000164,CUST01124,TXN0006541,2025-07-01,KYC,Low,Resolved,24.53,True,Email,I need help updating my KYC documents.,False,False,False,False
CASE000165,CUST00683,TXN0006121,2026-03-29,Account Issue,Medium,Open,15.74,False,Chat,I am unable to access my account.,False,False,False,False
CASE000166,CUST00344,TXN0006348,2026-06-29,KYC,Medium,Escalated,17.75,False,Branch,I need help updating my KYC documents.,False,False,False,False
CASE000167,CUST00900,TXN0001032,2026-06-06,Transaction Dispute,Critical,Resolved,10.75,False,App,I do not recognize this transaction.,False,False,False,False
CASE000168,CUST00384,TXN0004609,2025-11-03,Card Issue,High,Resolved,10.55,False,Phone,My card transaction is not working.,False,False,False,False
CASE000169,CUST01197,TXN0005268,2025-12-02,Payment Failure,Medium,Resolved,24.08,True,App,My payment failed and the amount was deducted.,False,False,False,False
CASE000170,CUST00057,TXN0006847,2026-08-07,KYC,High,In Progress,11.72,False,Branch,I need help updating my KYC documents.,False,False,False,False
CASE000171,CUST00186,TXN0000509,2026-02-24,Refund,Medium,Resolved,2.09,False,App,When will I receive my refund?,False,False,False,False
CASE000172,CUST00928,TXN0003090,2025-07-22,General Enquiry,Medium,In Progress,11.34,False,Branch,I need information about my account.,False,False,False,False
CASE000173,CUST00451,TXN0005038,2026-08-29,Card Issue,High,Open,17.5,False,Email,My card transaction is not working.,False,False,False,False
CASE000174,CUST00616,TXN0005869,2025-07-07,Payment Failure,Low,In Progress,35.78,True,Phone,My payment failed and the amount was deducted.,False,False,False,False
CASE000175,CUST01122,TXN0001936,2025-06-02,Card Issue,Low,Resolved,21.44,False,App,My card transaction is not working.,False,False,False,False
CASE000176,CUST00495,TXN0006377,2025-08-08,Payment Failure,Medium,Resolved,15.15,False,Chat,My payment failed and the amount was deducted.,False,False,False,False
CASE000177,CUST00314,TXN0003724,2025-05-18,KYC,High,Resolved,22.75,False,App,I need help updating my KYC documents.,False,False,False,False
CASE000178,CUST00716,TXN0004450,2025-01-04,General Enquiry,Low,Escalated,13.11,False,App,I need information about my account.,False,False,False,False
CASE000179,CUST00513,TXN0000796,2025-01-09,General Enquiry,Medium,In Progress,8.51,False,Email,I need information about my account.,False,False,False,False
CASE000180,CUST00282,TXN0005500,2025-12-27,Account Issue,High,Escalated,2.03,False,App,I am unable to access my account.,False,False,False,False
CASE000181,CUST00420,TXN0005072,2025-10-07,Payment Failure,Medium,In Progress,9.85,False,Email,My payment failed and the amount was deducted.,False,False,False,False
CASE000182,CUST00372,TXN0001345,2026-07-09,Transaction Dispute,Medium,Resolved,5.5,False,Email,I do not recognize this transaction.,False,False,False,False
CASE000183,CUST00854,TXN0003546,2025-10-11,Card Issue,Low,Open,11.35,False,App,My card transaction is not working.,False,False,False,False
CASE000184,CUST00235,TXN0006600,2026-03-10,KYC,Medium,Resolved,14.3,False,Chat,I need help updating my KYC documents.,False,False,False,False
CASE000185,CUST00598,TXN0000901,2025-10-25,KYC,Low,Open,6.72,False,Email,I need help updating my KYC documents.,False,False,False,False
CASE000186,CUST00092,TXN0006543,2026-08-26,General Enquiry,Medium,Resolved,15.53,False,Branch,I need information about my account.,False,False,False,False
CASE000187,CUST00931,TXN0004450,2026-08-26,Payment Failure,Medium,Open,22.65,False,Phone,My payment failed and the amount was deducted.,False,False,False,False
CASE000188,CUST00889,TXN0003659,2025-03-20,Transaction Dispute,Medium,Open,10.09,False,App,I do not recognize this transaction.,False,False,False,False
CASE000189,CUST01091,TXN0006554,2026-08-08,Transaction Dispute,Unknown,Open,21.23,False,Email,I do not recognize this transaction.,True,False,False,False
CASE000190,CUST00856,TXN0004035,2026-09-16,Card Issue,High,In Progress,7.5,False,Branch,My card transaction is not working.,False,False,False,False
CASE000191,CUST01033,TXN0004360,2025-12-13,General Enquiry,Medium,In Progress,31.38,True,Branch,I need information about my account.,False,False,False,False
CASE000192,CUST00997,TXN0003658,2026-01-20,Payment Failure,Medium,Resolved,18.95,False,Branch,My payment failed and the amount was deducted.,False,False,False,False
CASE000193,CUST00454,TXN0000695,2025-12-09,Transaction Dispute,Critical,Resolved,22.22,False,Chat,I do not recognize this transaction.,False,False,False,False
CASE000194,CUST01005,TXN0006269,2026-02-24,Payment Failure,Medium,Resolved,7.23,False,Chat,My payment failed and the amount was deducted.,False,False,False,False
CASE000195,CUST00932,TXN0005115,2025-03-04,KYC,Medium,Resolved,29.02,True,Chat,I need help updating my KYC documents.,False,False,False,False
CASE000196,CUST00229,TXN0006433,2025-05-05,Card Issue,Critical,Resolved,33.86,True,Email,My card transaction is not working.,False,False,False,False
CASE000197,CUST00434,TXN0003294,2026-01-06,Transaction Dispute,Medium,In Progress,10.36,False,App,I do not recognize this transaction.,False,False,False,False
CASE000198,CUST01120,TXN0003272,2025-06-28,KYC,Low,Open,2.32,False,Branch,I need help updating my KYC documents.,False,False,False,False
CASE000199,CUST00603,TXN0002846,2026-03-30,Transaction Dispute,High,In Progress,33.12,True,Email,I do not recognize this transaction.,False,False,False,False
CASE000200,CUST00324,TXN0002501,2025-06-10,KYC,Medium,In Progress,13.63,False,Chat,I need help updating my KYC documents.,False,False,False,False
CASE000201,CUST00399,TXN0002308,2025-09-16,Payment Failure,Medium,Escalated,10.34,False,Chat,My payment failed and the amount was deducted.,False,False,False,False
CASE000202,CUST00245,TXN0003188,2026-07-31,Account Issue,Medium,In Progress,39.29,True,Phone,I am unable to access my account.,False,False,False,False
CASE000203,CUST00445,TXN0001946,2025-11-20,Transaction Dispute,Medium,Open,13.67,False,Email,I do not recognize this transaction.,False,False,False,False
CASE000204,CUST00959,TXN0006931,2025-03-01,KYC,Medium,In Progress,15.69,False,Email,I need help updating my KYC documents.,False,False,False,False
CASE000205,CUST00701,TXN0006370,2026-01-31,Card Issue,High,In Progress,19.17,False,Chat,My card transaction is not working.,False,False,False,False
CASE000206,CUST00610,TXN0005068,2025-10-23,Transaction Dispute,Medium,In Progress,9.22,False,Branch,I do not recognize this transaction.,False,False,False,False
CASE000207,CUST00463,TXN0005805,2026-07-11,Card Issue,Medium,Resolved,37.42,True,Chat,My card transaction is not working.,False,False,False,False
CASE000208,CUST01118,TXN0001065,2025-04-26,Transaction Dispute,Low,Resolved,24.63,True,App,I do not recognize this transaction.,False,False,False,False
CASE000209,CUST00631,TXN0005493,2026-01-02,Account Issue,Medium,Resolved,2.86,False,Chat,I am unable to access my account.,False,False,False,False
CASE000210,CUST00074,TXN0000227,2026-01-24,Refund,Critical,In Progress,12.8,False,App,When will I receive my refund?,False,False,False,False
CASE000211,CUST01168,TXN0004486,2026-05-20,Card Issue,Medium,Escalated,21.21,False,Phone,My card transaction is not working.,False,False,False,False
CASE000212,CUST00708,TXN0004749,2025-10-31,KYC,High,Resolved,10.22,False,Chat,I need help updating my KYC documents.,False,False,False,False
CASE000213,CUST00970,TXN0002921,2025-11-11,Payment Failure,High,Open,24.17,True,Chat,My payment failed and the amount was deducted.,False,False,False,False
CASE000214,CUST01148,TXN0006328,2026-04-03,Refund,Low,Escalated,34.91,True,Email,When will I receive my refund?,False,False,False,False
CASE000215,CUST00268,TXN0003216,2025-08-23,Account Issue,Low,Open,6.49,False,Branch,I am unable to access my account.,False,False,False,False
CASE000216,CUST00682,TXN0006097,2025-01-03,Account Issue,High,Resolved,1.61,False,Branch,I am unable to access my account.,False,False,False,False
CASE000217,CUST00522,TXN0002046,2026-04-03,Refund,Medium,In Progress,13.97,False,Branch,When will I receive my refund?,False,False,False,False
CASE000218,CUST00792,TXN0004406,2025-06-04,KYC,High,Resolved,31.11,True,Branch,I need help updating my KYC documents.,False,False,False,False
CASE000219,CUST00044,TXN0005673,2026-04-03,Card Issue,Critical,In Progress,17.71,False,Branch,My card transaction is not working.,False,False,False,False
CASE000220,CUST00330,TXN0001422,2025-11-15,Refund,High,Resolved,39.87,True,Branch,When will I receive my refund?,False,False,False,False
CASE000221,CUST00391,TXN0002826,2026-04-16,Account Issue,Critical,Resolved,12.93,False,Chat,I am unable to access my account.,False,False,False,False
CASE000222,CUST00339,TXN0002540,2026-09-27,Payment Failure,Medium,Resolved,5.13,False,Branch,My payment failed and the amount was deducted.,False,False,False,False
CASE000223,CUST00811,TXN0002703,2026-04-25,KYC,High,Open,33.13,True,Email,I need help updating my KYC documents.,False,False,False,False
CASE000224,CUST00204,TXN0003036,2025-02-09,KYC,Medium,Escalated,44.9,True,Email,I need help updating my KYC documents.,False,False,False,False
CASE000225,CUST00621,TXN0004006,2026-04-02,Account Issue,Low,Resolved,12.4,False,Chat,I am unable to access my account.,False,False,False,False
CASE000226,CUST00770,TXN0002883,2025-05-31,Account Issue,High,Resolved,16.03,False,Chat,I am unable to access my account.,False,False,False,False
CASE000227,CUST00148,TXN0004612,2025-04-12,Account Issue,High,In Progress,36.36,True,Branch,I am unable to access my account.,False,False,False,False
CASE000228,CUST00241,TXN0000760,2025-09-21,Transaction Dispute,High,Resolved,5.56,False,Email,I do not recognize this transaction.,False,False,False,False
CASE000229,CUST01038,TXN0005643,2025-10-30,General Enquiry,High,Open,30.94,True,Branch,I need information about my account.,False,False,False,False
CASE000230,CUST00947,TXN0005956,2025-01-06,Account Issue,High,Resolved,6.79,False,Phone,I am unable to access my account.,False,False,False,False
CASE000231,CUST00040,TXN0006967,2026-09-13,Refund,Medium,In Progress,19.98,False,Chat,When will I receive my refund?,False,False,False,False
CASE000232,CUST00799,TXN0001578,2025-03-04,Payment Failure,Unknown,Open,51.73,True,App,My payment failed and the amount was deducted.,True,False,False,False
CASE000233,CUST00565,TXN0003503,2025-05-04,General Enquiry,Low,In Progress,31.69,True,App,I need information about my account.,False,False,False,False
CASE000234,CUST01052,TXN0001547,2025-01-24,Refund,High,Resolved,20.33,False,Email,When will I receive my refund?,False,False,False,False
CASE000235,CUST00888,TXN0001687,2026-03-13,Card Issue,High,Open,36.13,True,Email,My card transaction is not working.,False,False,False,False
CASE000236,CUST00952,TXN0004646,2026-01-24,Transaction Dispute,Medium,Resolved,26.19,True,Email,I do not recognize this transaction.,False,False,False,False
CASE000237,CUST00478,TXN0002403,2026-08-16,Card Issue,Medium,Resolved,3.34,False,Chat,My card transaction is not working.,False,False,False,False
CASE000238,CUST00977,TXN0006257,2025-12-29,KYC,Medium,In Progress,24.89,True,Branch,I need help updating my KYC documents.,False,False,False,False
CASE000239,CUST00606,TXN0006723,2025-08-07,Card Issue,Low,Escalated,45.12,True,Branch,My card transaction is not working.,False,False,False,False
CASE000240,CUST00723,TXN0000841,2025-02-02,Transaction Dispute,High,Resolved,12.1,False,Branch,Not Provided,False,True,False,False
CASE000241,CUST00135,TXN0000040,2025-06-11,KYC,Medium,In Progress,33.6,True,Branch,I need help updating my KYC documents.,False,False,False,False
CASE000242,CUST00857,TXN0000592,2025-08-19,General Enquiry,Medium,Resolved,11.17,False,Chat,I need information about my account.,False,False,False,False
CASE000243,CUST01181,TXN0005585,2025-06-29,General Enquiry,Low,In Progress,55.61,True,App,I need information about my account.,False,False,False,False
CASE000244,CUST00401,TXN0002609,2025-08-31,KYC,Low,Resolved,10.16,False,Phone,I need help updating my KYC documents.,False,False,False,False
CASE000245,CUST01054,TXN0003279,2026-01-15,Refund,Low,Resolved,,True,App,When will I receive my refund?,False,False,False,True
CASE000246,CUST00410,TXN0001913,2025-04-30,Transaction Dispute,Medium,Open,18.8,False,Chat,I do not recognize this transaction.,False,False,False,False
CASE000247,CUST01036,TXN0001746,2025-08-10,Account Issue,Low,Resolved,23.43,False,Email,I am unable to access my account.,False,False,False,False
CASE000248,CUST00089,TXN0003726,2026-04-16,Payment Failure,Low,Resolved,14.76,False,Chat,My payment failed and the amount was deducted.,False,False,False,False
CASE000249,CUST01047,TXN0005871,2025-10-14,KYC,High,Escalated,12.78,False,Phone,I need help updating my KYC documents.,False,False,False,False
CASE000250,CUST00167,TXN0002739,2026-02-04,Refund,Medium,Resolved,53.83,True,Branch,When will I receive my refund?,False,False,False,False
CASE000251,CUST00438,TXN0004587,2025-04-28,Account Issue,Unknown,Escalated,3.58,False,Chat,I am unable to access my account.,True,False,False,False
CASE000252,CUST01090,TXN0001634,2026-07-21,Payment Failure,Medium,Resolved,24.77,True,App,My payment failed and the amount was deducted.,False,False,False,False
CASE000253,CUST00297,TXN0006270,2026-04-26,KYC,Medium,Resolved,3.17,False,Chat,I need help updating my KYC documents.,False,False,False,False
CASE000254,CUST00161,TXN0002345,2025-04-23,Card Issue,Low,Resolved,8.1,False,Email,My card transaction is not working.,False,False,False,False
CASE000255,CUST00673,TXN0002166,2026-06-11,Account Issue,Low,Open,19.76,False,Email,I am unable to access my account.,False,False,False,False
CASE000256,CUST00330,TXN0003456,2025-06-29,Refund,Medium,Open,20.41,False,Branch,When will I receive my refund?,False,False,False,False
CASE000257,CUST00347,TXN0004496,2026-04-26,Account Issue,Medium,Resolved,13.34,False,Chat,I am unable to access my account.,False,False,False,False
CASE000258,CUST00209,TXN0001785,2026-07-01,General Enquiry,High,Resolved,7.0,False,Phone,I need information about my account.,False,False,False,False
CASE000259,CUST00389,TXN0001234,2025-07-07,KYC,Medium,Resolved,31.09,True,App,I need help updating my KYC documents.,False,False,False,False
CASE000260,CUST00530,TXN0005749,2026-03-29,General Enquiry,Medium,In Progress,22.18,False,Chat,I need information about my account.,False,False,False,False
CASE000261,CUST00875,TXN0004643,2025-12-18,KYC,Medium,In Progress,10.12,False,Email,I need help updating my KYC documents.,False,False,False,False
CASE000262,CUST00702,TXN0003016,2025-03-26,Refund,Low,Resolved,29.34,True,Phone,When will I receive my refund?,False,False,False,False
CASE000263,CUST00115,TXN0002845,2026-01-03,Payment Failure,Medium,Open,46.54,True,App,My payment failed and the amount was deducted.,False,False,False,False
CASE000264,CUST00959,TXN0002856,2026-06-28,Transaction Dispute,Medium,In Progress,32.52,True,Phone,I do not recognize this transaction.,False,False,False,False
CASE000265,CUST00258,TXN0001061,2025-02-18,KYC,High,In Progress,14.16,False,Email,I need help updating my KYC documents.,False,False,False,False
CASE000266,CUST01197,TXN0001414,2025-05-13,Card Issue,Medium,Resolved,7.73,False,Branch,Not Provided,False,True,False,False
CASE000267,CUST01030,TXN0006549,2025-10-21,KYC,Medium,Resolved,17.28,False,Email,I need help updating my KYC documents.,False,False,False,False
CASE000268,CUST00097,TXN0002664,2025-07-31,Payment Failure,Medium,Open,1.57,False,Branch,My payment failed and the amount was deducted.,False,False,False,False
CASE000269,CUST00720,TXN0000086,2025-04-09,Refund,Medium,Resolved,20.93,False,Chat,When will I receive my refund?,False,False,False,False
CASE000270,CUST00004,TXN0000018,2025-05-19,Payment Failure,Low,In Progress,20.84,False,Email,My payment failed and the amount was deducted.,False,False,False,False
CASE000271,CUST00881,TXN0004256,2026-08-03,Refund,Medium,In Progress,13.04,False,App,When will I receive my refund?,False,False,False,False
CASE000272,CUST00176,TXN0000302,2026-07-31,KYC,High,Resolved,19.91,False,Branch,I need help updating my KYC documents.,False,False,False,False
CASE000273,CUST00600,TXN0004358,2026-02-22,Account Issue,Medium,Resolved,29.92,True,Chat,I am unable to access my account.,False,False,False,False
CASE000274,CUST00193,TXN0003549,2025-05-16,Card Issue,Low,Resolved,50.04,True,Chat,My card transaction is not working.,False,False,False,False
CASE000275,CUST00062,TXN0006119,2026-08-06,Transaction Dispute,Medium,In Progress,13.56,False,Phone,I do not recognize this transaction.,False,False,False,False
CASE000276,CUST00676,TXN0001355,2026-02-19,Refund,Low,Resolved,30.01,True,Email,When will I receive my refund?,False,False,False,False
CASE000277,CUST00540,TXN0005986,2026-03-28,Card Issue,High,In Progress,23.79,False,Phone,My card transaction is not working.,False,False,False,False
CASE000278,CUST00278,TXN0004996,2025-11-23,General Enquiry,High,Escalated,14.91,False,Branch,I need information about my account.,False,False,False,False
CASE000279,CUST00255,TXN0001610,2025-07-05,Payment Failure,Medium,Resolved,16.34,False,Chat,My payment failed and the amount was deducted.,False,False,False,False
CASE000280,CUST00913,TXN0001958,2025-04-30,Card Issue,Medium,In Progress,7.96,False,Chat,My card transaction is not working.,False,False,False,False
CASE000281,CUST00846,TXN0002665,2025-07-12,KYC,Low,In Progress,19.71,False,Email,I need help updating my KYC documents.,False,False,False,False
CASE000282,CUST00588,TXN0006520,2026-09-19,Card Issue,Medium,In Progress,5.01,False,Branch,My card transaction is not working.,False,False,False,False
CASE000283,CUST00975,TXN0003834,2026-04-28,KYC,Medium,Open,25.57,True,Branch,I need help updating my KYC documents.,False,False,False,False
CASE000284,CUST00604,TXN0003668,2025-11-09,Account Issue,Low,Resolved,21.57,False,Branch,I am unable to access my account.,False,False,False,False
CASE000285,CUST00980,TXN0005496,2025-08-19,Transaction Dispute,High,Open,10.79,False,Branch,I do not recognize this transaction.,False,False,False,False
CASE000286,CUST01017,TXN0000524,2025-03-20,Card Issue,High,In Progress,32.45,True,Branch,My card transaction is not working.,False,False,False,False
CASE000287,CUST01123,TXN0003651,2026-03-18,Account Issue,Low,Open,20.59,False,Chat,I am unable to access my account.,False,False,False,False
CASE000288,CUST00589,TXN0006808,2026-09-24,Account Issue,High,Resolved,30.64,True,Phone,I am unable to access my account.,False,False,False,False
CASE000289,CUST00923,TXN0005175,2025-12-30,General Enquiry,Low,Resolved,16.63,False,Chat,I need information about my account.,False,False,False,False
CASE000290,CUST00213,TXN0001623,2025-03-01,Refund,Medium,Escalated,31.65,True,Phone,When will I receive my refund?,False,False,False,False
CASE000291,CUST01133,TXN0005192,2026-05-08,General Enquiry,Low,Resolved,8.15,False,Branch,I need information about my account.,False,False,False,False
CASE000292,CUST00552,TXN0003998,2026-03-12,Account Issue,High,Resolved,12.19,False,Chat,I am unable to access my account.,False,False,False,False
CASE000293,CUST00408,TXN0000108,2025-05-17,Refund,Unknown,Resolved,21.53,False,Chat,When will I receive my refund?,True,False,False,False
CASE000294,CUST01108,TXN0001474,2025-11-16,Card Issue,Medium,In Progress,26.51,True,Phone,My card transaction is not working.,False,False,False,False
CASE000295,CUST01063,TXN0001547,2026-07-11,Transaction Dispute,Medium,Resolved,10.75,False,Phone,I do not recognize this transaction.,False,False,False,False
CASE000296,CUST00583,TXN0002029,2025-03-19,Account Issue,High,Resolved,1.47,False,App,Not Provided,False,True,False,False
CASE000297,CUST01133,TXN0000602,2025-10-10,Transaction Dispute,High,In Progress,31.5,True,Phone,I do not recognize this transaction.,False,False,False,False
CASE000298,CUST00972,TXN0006045,2026-05-18,Account Issue,Medium,Resolved,21.39,False,Email,I am unable to access my account.,False,False,False,False
CASE000299,CUST00317,TXN0006701,2026-01-22,Account Issue,Low,Resolved,13.57,False,Branch,I am unable to access my account.,False,False,False,False
CASE000300,CUST01055,TXN0000159,2025-06-16,KYC,Medium,Resolved,11.97,False,App,Not Provided,False,True,False,False
CASE000301,CUST00439,TXN0002341,2026-06-03,KYC,Medium,In Progress,32.59,True,Phone,I need help updating my KYC documents.,False,False,False,False
CASE000302,CUST00001,TXN0001768,2026-03-18,Account Issue,Medium,Resolved,11.26,False,Branch,I am unable to access my account.,False,False,False,False
CASE000303,CUST00758,TXN0002911,2026-08-26,Transaction Dispute,Medium,Open,7.33,False,Email,I do not recognize this transaction.,False,False,False,False
CASE000304,CUST00839,TXN0002009,2025-12-12,Payment Failure,Medium,Open,11.75,False,Phone,My payment failed and the amount was deducted.,False,False,False,False
CASE000305,CUST00080,TXN0000470,2025-03-24,KYC,Medium,Open,15.22,False,Branch,I need help updating my KYC documents.,False,False,False,False
CASE000306,CUST00794,TXN0000575,2025-01-23,Card Issue,Medium,In Progress,12.21,False,Phone,My card transaction is not working.,False,False,False,False
CASE000307,CUST00454,TXN0004098,2025-05-01,Refund,Medium,Open,7.4,False,Chat,When will I receive my refund?,False,False,False,False
CASE000308,CUST01088,TXN0003101,2026-03-28,Card Issue,Medium,In Progress,16.9,False,Chat,My card transaction is not working.,False,False,False,False
CASE000309,CUST00606,TXN0001946,2025-07-16,Transaction Dispute,High,Resolved,21.77,False,App,I do not recognize this transaction.,False,False,False,False
CASE000310,CUST00804,TXN0002706,2026-02-21,Account Issue,High,Open,2.63,False,Phone,I am unable to access my account.,False,False,False,False
CASE000311,CUST00959,TXN0000746,2025-09-20,Refund,Low,In Progress,42.38,True,Phone,When will I receive my refund?,False,False,False,False
CASE000312,CUST00873,TXN0001709,2025-05-25,KYC,Low,Resolved,8.0,False,App,Not Provided,False,True,False,False
CASE000313,CUST00429,TXN0000136,2026-04-15,KYC,High,In Progress,14.25,False,Chat,I need help updating my KYC documents.,False,False,False,False
CASE000314,CUST00570,TXN0002111,2025-05-21,KYC,Low,Resolved,21.8,False,Branch,I need help updating my KYC documents.,False,False,False,False
CASE000315,CUST00785,TXN0004080,2026-01-19,Refund,Medium,Open,18.58,False,Chat,When will I receive my refund?,False,False,False,False
CASE000316,CUST01070,TXN0000018,2026-03-31,Refund,Medium,Open,15.01,False,Email,When will I receive my refund?,False,False,False,False
CASE000317,CUST00749,TXN0004903,2026-09-27,Card Issue,Low,Resolved,15.32,False,Email,My card transaction is not working.,False,False,False,False
CASE000318,CUST00496,TXN0006122,2026-09-26,Transaction Dispute,Medium,Resolved,7.92,False,Email,I do not recognize this transaction.,False,False,False,False
CASE000319,CUST00233,TXN0002343,2026-03-21,Transaction Dispute,High,In Progress,4.4,False,Branch,I do not recognize this transaction.,False,False,False,False
CASE000320,CUST00806,TXN0002018,2026-06-06,Payment Failure,Low,Resolved,18.05,False,Chat,My payment failed and the amount was deducted.,False,False,False,False
CASE000321,CUST01094,TXN0002338,2025-08-09,General Enquiry,Medium,In Progress,7.5,False,Phone,I need information about my account.,False,False,False,False
CASE000322,CUST00728,TXN0005747,2025-12-30,Transaction Dispute,Medium,Escalated,5.74,False,Email,I do not recognize this transaction.,False,False,False,False
CASE000323,CUST00979,TXN0000517,2025-12-14,Refund,Medium,Resolved,13.46,False,Chat,When will I receive my refund?,False,False,False,False
CASE000324,CUST00480,TXN0005676,2026-06-19,Card Issue,High,Resolved,27.35,True,Chat,My card transaction is not working.,False,False,False,False
CASE000325,CUST00319,TXN0005334,2025-01-23,KYC,Medium,Resolved,5.31,False,Branch,I need help updating my KYC documents.,False,False,False,False
CASE000326,CUST01079,TXN0004992,2026-05-30,General Enquiry,Medium,In Progress,28.26,True,Chat,I need information about my account.,False,False,False,False
CASE000327,CUST00176,TXN0002734,2026-01-26,Account Issue,Low,Resolved,4.18,False,Branch,I am unable to access my account.,False,False,False,False
CASE000328,CUST00064,TXN0004826,2025-02-17,Refund,Medium,Resolved,3.91,False,Phone,When will I receive my refund?,False,False,False,False
CASE000329,CUST00068,TXN0002783,2025-04-30,Card Issue,Medium,In Progress,,True,App,My card transaction is not working.,False,False,False,True
CASE000330,CUST00206,TXN0006970,2026-07-02,Transaction Dispute,Medium,Open,8.23,False,Branch,I do not recognize this transaction.,False,False,False,False
CASE000331,CUST00051,TXN0006492,2026-07-16,Payment Failure,Low,In Progress,41.01,True,Branch,My payment failed and the amount was deducted.,False,False,False,False
CASE000332,CUST00645,TXN0004626,2026-07-27,General Enquiry,High,Resolved,19.42,False,Email,I need information about my account.,False,False,False,False
CASE000333,CUST00566,TXN0003444,2026-01-30,Refund,Medium,Resolved,23.11,False,Branch,When will I receive my refund?,False,False,False,False
CASE000334,CUST00537,TXN0001400,2026-02-21,Transaction Dispute,Medium,Escalated,36.15,True,Email,I do not recognize this transaction.,False,False,False,False
CASE000335,CUST00993,TXN0004811,2026-01-29,Account Issue,Medium,Resolved,16.31,False,App,I am unable to access my account.,False,False,False,False
CASE000336,CUST00215,TXN0003182,2025-02-06,KYC,Critical,Resolved,3.19,False,Phone,I need help updating my KYC documents.,False,False,False,False
CASE000337,CUST00287,TXN0003504,2026-08-10,Transaction Dispute,Medium,Open,24.91,True,Chat,I do not recognize this transaction.,False,False,False,False
CASE000338,CUST00034,TXN0000035,2026-02-18,Refund,Medium,Resolved,5.34,False,App,When will I receive my refund?,False,False,False,False
CASE000339,CUST00358,TXN0002527,2025-03-29,Card Issue,Medium,Resolved,24.92,True,Email,My card transaction is not working.,False,False,False,False
CASE000340,CUST01050,TXN0002118,2026-05-09,Account Issue,Medium,Resolved,6.55,False,Email,I am unable to access my account.,False,False,False,False
CASE000341,CUST00586,TXN0006941,2025-11-08,KYC,Medium,Open,9.81,False,Phone,I need help updating my KYC documents.,False,False,False,False
CASE000342,CUST00738,TXN0002868,2025-03-19,Transaction Dispute,Medium,Resolved,18.51,False,App,I do not recognize this transaction.,False,False,False,False
CASE000343,CUST01012,TXN0006957,2025-10-29,Refund,Low,Resolved,10.12,False,Phone,When will I receive my refund?,False,False,False,False
CASE000344,CUST01183,TXN0001627,2025-06-02,Account Issue,Medium,Open,12.35,False,Phone,I am unable to access my account.,False,False,False,False
CASE000345,CUST00130,TXN0004716,2026-05-23,Payment Failure,Critical,In Progress,22.09,False,App,My payment failed and the amount was deducted.,False,False,False,False
CASE000346,CUST00807,TXN0002741,2025-01-12,KYC,Low,Resolved,43.29,True,Email,I need help updating my KYC documents.,False,False,False,False
CASE000347,CUST00883,TXN0001833,2025-09-26,General Enquiry,Medium,Open,20.65,False,Branch,I need information about my account.,False,False,False,False
CASE000348,CUST00390,TXN0002806,2025-03-11,Payment Failure,Low,Resolved,13.65,False,App,My payment failed and the amount was deducted.,False,False,False,False
CASE000349,CUST00054,TXN0002611,2026-05-18,General Enquiry,Low,Resolved,5.47,False,App,I need information about my account.,False,False,False,False
CASE000350,CUST01135,TXN0005666,2026-09-08,KYC,Medium,In Progress,9.16,False,Branch,I need help updating my KYC documents.,False,False,False,False
CASE000351,CUST00452,TXN0004320,2025-08-12,Refund,Low,Resolved,13.04,False,Email,When will I receive my refund?,False,False,False,False
CASE000352,CUST00722,TXN0005447,2026-02-19,Payment Failure,Medium,Resolved,16.79,False,Chat,My payment failed and the amount was deducted.,False,False,False,False
CASE000353,CUST00163,TXN0004449,2025-11-15,Card Issue,High,Resolved,21.53,False,Branch,My card transaction is not working.,False,False,False,False
CASE000354,CUST00469,TXN0004862,2026-06-22,Payment Failure,Low,In Progress,8.51,False,App,My payment failed and the amount was deducted.,False,False,False,False
CASE000355,CUST00032,TXN0000744,2025-06-03,Account Issue,Medium,Resolved,12.26,False,App,I am unable to access my account.,False,False,False,False
CASE000356,CUST00570,TXN0006788,2025-09-17,Refund,Low,Resolved,19.83,False,Phone,When will I receive my refund?,False,False,False,False
CASE000357,CUST00128,TXN0004262,2026-03-17,Transaction Dispute,Medium,Open,24.52,True,Branch,I do not recognize this transaction.,False,False,False,False
CASE000358,CUST00716,TXN0005931,2026-05-01,Account Issue,Medium,In Progress,11.62,False,Chat,I am unable to access my account.,False,False,False,False
CASE000359,CUST00336,TXN0000042,2026-02-08,Card Issue,Medium,Resolved,15.13,False,Chat,My card transaction is not working.,False,False,False,False
CASE000360,CUST00918,TXN0005386,2026-01-05,Card Issue,High,Resolved,24.06,True,App,My card transaction is not working.,False,False,False,False
CASE000361,CUST00444,TXN0001225,2025-12-13,Account Issue,Medium,Resolved,13.99,False,Branch,I am unable to access my account.,False,False,False,False
CASE000362,CUST00124,TXN0002373,2025-07-05,KYC,Medium,Resolved,12.52,False,Branch,I need help updating my KYC documents.,False,False,False,False
CASE000363,CUST00327,TXN0003800,2026-07-30,Refund,Low,In Progress,19.6,False,Chat,When will I receive my refund?,False,False,False,False
CASE000364,CUST00573,TXN0002883,2025-03-05,Payment Failure,Critical,In Progress,26.6,True,Phone,My payment failed and the amount was deducted.,False,False,False,False
CASE000365,CUST01045,TXN0002576,2025-11-13,Payment Failure,Low,Resolved,,False,Email,My payment failed and the amount was deducted.,False,False,False,True
CASE000366,CUST00176,TXN0000455,2025-12-09,Card Issue,High,Open,32.38,True,App,My card transaction is not working.,False,False,False,False
CASE000367,CUST00430,TXN0006889,2026-03-27,Refund,Medium,Resolved,16.56,False,Email,When will I receive my refund?,False,False,False,False
CASE000368,CUST00256,TXN0004655,2025-07-12,KYC,Medium,In Progress,14.64,False,Chat,I need help updating my KYC documents.,False,False,False,False
CASE000369,CUST00637,TXN0004628,2026-03-07,Card Issue,Medium,Resolved,24.55,True,Branch,My card transaction is not working.,False,False,False,False
CASE000370,CUST00402,TXN0003843,2026-05-01,Payment Failure,Medium,Resolved,32.39,True,Email,My payment failed and the amount was deducted.,False,False,False,False
CASE000371,CUST00920,TXN0004815,2026-04-29,Refund,High,Resolved,17.65,False,App,When will I receive my refund?,False,False,False,False
CASE000372,CUST00472,TXN0003911,2026-04-30,KYC,Medium,Resolved,20.95,False,Email,I need help updating my KYC documents.,False,False,False,False
CASE000373,CUST00467,TXN0001200,2026-06-14,KYC,High,Resolved,6.26,False,Email,I need help updating my KYC documents.,False,False,False,False
CASE000374,CUST00228,TXN0002692,2026-03-25,Transaction Dispute,Medium,In Progress,15.99,False,Chat,I do not recognize this transaction.,False,False,False,False
CASE000375,CUST00635,TXN0005405,2025-08-02,KYC,Medium,Open,18.13,False,App,I need help updating my KYC documents.,False,False,False,False
CASE000376,CUST00663,TXN0001976,2025-09-04,Card Issue,Critical,Open,4.57,False,Chat,My card transaction is not working.,False,False,False,False
CASE000377,CUST00541,TXN0002714,2025-11-07,General Enquiry,Medium,Resolved,9.47,False,Phone,I need information about my account.,False,False,False,False
CASE000378,CUST00876,TXN0001960,2026-01-25,Card Issue,Medium,Resolved,30.19,True,App,My card transaction is not working.,False,False,False,False
CASE000379,CUST00669,TXN0003089,2026-08-13,Refund,High,In Progress,15.55,False,App,When will I receive my refund?,False,False,False,False
CASE000380,CUST00657,TXN0005733,2026-02-10,Card Issue,Low,Resolved,21.01,False,App,My card transaction is not working.,False,False,False,False
CASE000381,CUST00893,TXN0005730,2025-09-07,Refund,Medium,Open,26.91,True,Email,When will I receive my refund?,False,False,False,False
CASE000382,CUST00752,TXN0000741,2025-04-17,Refund,Medium,Resolved,25.89,True,Email,When will I receive my refund?,False,False,False,False
CASE000383,CUST00164,TXN0001509,2025-02-12,Account Issue,Medium,Resolved,36.83,True,Email,I am unable to access my account.,False,False,False,False
CASE000384,CUST00805,TXN0001645,2025-05-02,Refund,Critical,Resolved,10.0,False,App,When will I receive my refund?,False,False,False,False
CASE000385,CUST00160,TXN0005524,2025-08-23,Account Issue,High,Resolved,12.44,False,Branch,I am unable to access my account.,False,False,False,False
CASE000386,CUST00191,TXN0000881,2025-10-11,Card Issue,High,In Progress,27.8,True,Chat,My card transaction is not working.,False,False,False,False
CASE000387,CUST00555,TXN0000147,2026-09-01,Transaction Dispute,Medium,Resolved,,False,Chat,I do not recognize this transaction.,False,False,False,True
CASE000388,CUST00376,TXN0004176,2026-04-07,General Enquiry,Medium,Open,8.06,False,Branch,I need information about my account.,False,False,False,False
CASE000389,CUST00631,TXN0000639,2026-04-20,KYC,Low,Resolved,8.58,False,Branch,I need help updating my KYC documents.,False,False,False,False
CASE000390,CUST00592,TXN0006263,2026-03-07,Card Issue,Medium,Resolved,24.1,True,Phone,My card transaction is not working.,False,False,False,False
CASE000391,CUST00695,TXN0005826,2026-06-02,Account Issue,Medium,Resolved,30.52,True,App,I am unable to access my account.,False,False,False,False
CASE000392,CUST00462,TXN0000376,2025-06-26,General Enquiry,Low,In Progress,22.91,False,App,I need information about my account.,False,False,False,False
CASE000393,CUST01126,TXN0001036,2026-01-31,Payment Failure,Medium,Resolved,15.23,False,Branch,My payment failed and the amount was deducted.,False,False,False,False
CASE000394,CUST00999,TXN0001058,2026-06-10,Account Issue,Medium,Resolved,16.73,False,Phone,I am unable to access my account.,False,False,False,False
CASE000395,CUST00966,TXN0001165,2026-05-09,KYC,High,Resolved,17.96,False,Branch,I need help updating my KYC documents.,False,False,False,False
CASE000396,CUST00477,TXN0002001,2025-02-05,KYC,High,In Progress,5.51,False,App,I need help updating my KYC documents.,False,False,False,False
CASE000397,CUST00835,TXN0004602,2025-08-10,Transaction Dispute,High,In Progress,71.37,True,Chat,I do not recognize this transaction.,False,False,False,False
CASE000398,CUST00093,TXN0003609,2025-06-27,Card Issue,Medium,Resolved,15.44,False,Chat,My card transaction is not working.,False,False,False,False
CASE000399,CUST00374,TXN0003528,2025-01-30,General Enquiry,Medium,Open,18.93,False,Branch,I need information about my account.,False,False,False,False
CASE000400,CUST00500,TXN0003833,2026-03-27,Payment Failure,Medium,Resolved,19.08,False,Branch,My payment failed and the amount was deducted.,False,False,False,False
CASE000401,CUST00071,TXN0001490,2025-09-19,KYC,Critical,Resolved,10.73,False,Chat,I need help updating my KYC documents.,False,False,False,False
CASE000402,CUST01078,TXN0003475,2026-02-08,KYC,Medium,In Progress,6.21,False,App,I need help updating my KYC documents.,False,False,False,False
CASE000403,CUST00887,TXN0004934,2026-04-29,Refund,High,In Progress,17.38,False,App,When will I receive my refund?,False,False,False,False
CASE000404,CUST01019,TXN0005908,2025-03-01,Card Issue,Medium,Resolved,11.03,False,App,My card transaction is not working.,False,False,False,False
CASE000405,CUST00029,TXN0006318,2025-02-13,Payment Failure,Medium,Resolved,18.78,False,Branch,My payment failed and the amount was deducted.,False,False,False,False
CASE000406,CUST00865,TXN0005725,2026-05-12,Refund,High,Resolved,8.88,False,App,When will I receive my refund?,False,False,False,False
CASE000407,CUST00117,TXN0002256,2025-12-31,Transaction Dispute,High,Resolved,20.01,False,Phone,I do not recognize this transaction.,False,False,False,False
CASE000408,CUST01016,TXN0002359,2026-01-25,Card Issue,Low,Resolved,24.78,True,Phone,My card transaction is not working.,False,False,False,False
CASE000409,CUST00641,TXN0005506,2025-08-06,KYC,Critical,In Progress,31.35,True,Branch,I need help updating my KYC documents.,False,False,False,False
CASE000410,CUST00210,TXN0004035,2025-07-01,General Enquiry,Medium,Resolved,30.66,True,App,I need information about my account.,False,False,False,False
CASE000411,CUST00099,TXN0001440,2025-07-26,Transaction Dispute,Low,Resolved,4.28,False,Branch,I do not recognize this transaction.,False,False,False,False
CASE000412,CUST01057,TXN0004971,2026-01-10,Account Issue,Low,Open,17.24,False,Email,I am unable to access my account.,False,False,False,False
CASE000413,CUST00289,TXN0001370,2025-10-06,Account Issue,Critical,Resolved,7.73,False,Phone,I am unable to access my account.,False,False,False,False
CASE000414,CUST00553,TXN0000890,2025-04-10,Refund,Medium,Resolved,12.06,False,Phone,When will I receive my refund?,False,False,False,False
CASE000415,CUST00110,TXN0001618,2026-08-19,Account Issue,Low,Resolved,13.71,False,Email,I am unable to access my account.,False,False,False,False
CASE000416,CUST00324,TXN0004592,2025-11-04,Payment Failure,Medium,Resolved,9.63,False,Phone,My payment failed and the amount was deducted.,False,False,False,False
CASE000417,CUST01052,TXN0006851,2025-08-25,Card Issue,Critical,Open,25.51,True,Branch,My card transaction is not working.,False,False,False,False
CASE000418,CUST00923,TXN0000585,2025-05-12,Transaction Dispute,Low,In Progress,5.25,False,Email,I do not recognize this transaction.,False,False,False,False
CASE000419,CUST00684,TXN0006806,2025-09-19,Refund,Critical,Resolved,13.41,False,Branch,When will I receive my refund?,False,False,False,False
CASE000420,CUST00786,TXN0005472,2026-07-13,Payment Failure,Medium,Resolved,26.52,True,Email,My payment failed and the amount was deducted.,False,False,False,False
CASE000421,CUST00279,TXN0002978,2026-07-30,Account Issue,Medium,Resolved,15.19,False,Branch,I am unable to access my account.,False,False,False,False
CASE000422,CUST00336,TXN0006461,2025-02-01,General Enquiry,Low,Open,23.16,False,Phone,I need information about my account.,False,False,False,False
CASE000423,CUST00700,TXN0003193,2025-03-10,Card Issue,High,In Progress,22.39,False,Chat,My card transaction is not working.,False,False,False,False
CASE000424,CUST00067,TXN0005481,2025-01-06,Account Issue,High,Resolved,54.72,True,App,I am unable to access my account.,False,False,False,False
CASE000425,CUST00029,TXN0002541,2026-09-17,Transaction Dispute,High,Open,8.24,False,Phone,Not Provided,False,True,False,False
CASE000426,CUST00619,TXN0003247,2026-06-06,Payment Failure,High,Resolved,27.52,True,Chat,My payment failed and the amount was deducted.,False,False,False,False
CASE000427,CUST01138,TXN0004939,2025-04-08,Account Issue,Medium,In Progress,16.93,False,Branch,I am unable to access my account.,False,False,False,False
CASE000428,CUST00406,TXN0004733,2025-08-18,KYC,Medium,In Progress,27.27,True,Email,I need help updating my KYC documents.,False,False,False,False
CASE000429,CUST01158,TXN0006609,2025-05-22,Transaction Dispute,Medium,Resolved,10.44,False,Email,I do not recognize this transaction.,False,False,False,False
CASE000430,CUST00830,TXN0002235,2026-04-20,Account Issue,Medium,Resolved,6.51,False,App,I am unable to access my account.,False,False,False,False
CASE000431,CUST00628,TXN0001437,2025-05-23,Card Issue,Medium,Open,3.31,False,Email,My card transaction is not working.,False,False,False,False
CASE000432,CUST00597,TXN0005357,2026-04-12,General Enquiry,Medium,Resolved,11.05,False,Email,I need information about my account.,False,False,False,False
CASE000433,CUST00157,TXN0001702,2025-10-23,Payment Failure,Low,In Progress,5.95,False,Phone,My payment failed and the amount was deducted.,False,False,False,False
CASE000434,CUST01078,TXN0000191,2026-08-28,Account Issue,Medium,Resolved,4.09,False,Chat,I am unable to access my account.,False,False,False,False
CASE000435,CUST00419,TXN0001491,2026-01-15,Card Issue,Critical,Resolved,17.79,False,Email,My card transaction is not working.,False,False,False,False
CASE000436,CUST00159,TXN0005584,2026-04-21,Card Issue,Medium,In Progress,26.72,True,Email,My card transaction is not working.,False,False,False,False
CASE000437,CUST00212,TXN0004768,2025-12-06,Transaction Dispute,Medium,In Progress,24.47,True,Chat,I do not recognize this transaction.,False,False,False,False
CASE000438,CUST00674,TXN0004916,2025-07-24,Account Issue,Medium,Open,25.74,True,Chat,I am unable to access my account.,False,False,False,False
CASE000439,CUST00832,TXN0001350,2025-01-16,Card Issue,Medium,Resolved,11.74,False,Branch,My card transaction is not working.,False,False,False,False
CASE000440,CUST00039,TXN0002620,2026-08-30,KYC,Medium,In Progress,11.94,False,Phone,I need help updating my KYC documents.,False,False,False,False
CASE000441,CUST00117,TXN0004916,2026-05-27,Card Issue,Low,Resolved,16.82,False,Branch,My card transaction is not working.,False,False,False,False
CASE000442,CUST00252,TXN0005570,2025-12-21,KYC,Low,Resolved,6.81,False,Email,I need help updating my KYC documents.,False,False,False,False
CASE000443,CUST01064,TXN0006193,2026-01-02,Payment Failure,Low,In Progress,10.26,False,Phone,My payment failed and the amount was deducted.,False,False,False,False
CASE000444,CUST00914,TXN0002312,2025-12-02,Account Issue,Medium,In Progress,18.97,False,Email,I am unable to access my account.,False,False,False,False
CASE000445,CUST00136,TXN0005300,2026-09-18,KYC,Low,Resolved,14.43,False,App,I need help updating my KYC documents.,False,False,False,False
CASE000446,CUST00639,TXN0006772,2026-09-01,General Enquiry,Low,Resolved,10.65,False,Chat,I need information about my account.,False,False,False,False
CASE000447,CUST00299,TXN0002775,2025-10-08,Transaction Dispute,Low,In Progress,5.63,False,Phone,I do not recognize this transaction.,False,False,False,False
CASE000448,CUST00210,TXN0001278,2025-12-23,KYC,Low,Resolved,20.96,False,Chat,I need help updating my KYC documents.,False,False,False,False
CASE000449,CUST00507,TXN0001671,2026-07-25,Transaction Dispute,Medium,Resolved,23.01,False,Chat,I do not recognize this transaction.,False,False,False,False
CASE000450,CUST00531,TXN0000510,2026-02-22,Refund,Medium,Escalated,26.91,True,Branch,When will I receive my refund?,False,False,False,False
CASE000451,CUST01191,TXN0004109,2025-07-14,KYC,Low,Resolved,42.4,True,Chat,I need help updating my KYC documents.,False,False,False,False
CASE000452,CUST00722,TXN0004984,2025-03-27,Payment Failure,Low,In Progress,59.44,True,Chat,My payment failed and the amount was deducted.,False,False,False,False
CASE000453,CUST00713,TXN0004406,2026-09-23,General Enquiry,Medium,Resolved,17.15,False,Email,I need information about my account.,False,False,False,False
CASE000454,CUST00273,TXN0006056,2025-03-05,Account Issue,Medium,In Progress,19.31,False,Branch,I am unable to access my account.,False,False,False,False
CASE000455,CUST00797,TXN0002069,2025-07-05,KYC,Medium,Resolved,21.36,False,App,I need help updating my KYC documents.,False,False,False,False
CASE000456,CUST01098,TXN0000158,2026-03-13,Card Issue,Medium,Resolved,2.81,False,Chat,My card transaction is not working.,False,False,False,False
CASE000457,CUST00939,TXN0000104,2026-05-24,Transaction Dispute,Medium,Open,10.56,False,Branch,I do not recognize this transaction.,False,False,False,False
CASE000458,CUST01144,TXN0002253,2025-04-05,Transaction Dispute,High,Resolved,40.84,True,Email,I do not recognize this transaction.,False,False,False,False
CASE000459,CUST00157,TXN0003822,2025-04-16,Card Issue,Low,Resolved,25.73,True,App,My card transaction is not working.,False,False,False,False
CASE000460,CUST00059,TXN0002118,2026-06-12,Payment Failure,High,In Progress,7.82,False,Email,My payment failed and the amount was deducted.,False,False,False,False
CASE000461,CUST01108,TXN0001046,2025-11-20,Payment Failure,Medium,In Progress,12.59,False,Chat,My payment failed and the amount was deducted.,False,False,False,False
CASE000462,CUST00127,TXN0001559,2025-11-06,KYC,High,Escalated,9.42,False,Email,I need help updating my KYC documents.,False,False,False,False
CASE000463,CUST00969,TXN0003122,2026-09-11,Account Issue,Unknown,Open,17.66,False,App,I am unable to access my account.,True,False,False,False
CASE000464,CUST00446,TXN0006416,2025-11-16,Card Issue,High,Resolved,13.59,False,Email,My card transaction is not working.,False,False,False,False
CASE000465,CUST00381,TXN0000901,2025-01-06,Card Issue,Low,Resolved,8.16,False,Phone,My card transaction is not working.,False,False,False,False
CASE000466,CUST00760,TXN0000238,2025-01-25,Refund,Medium,Resolved,9.6,False,Phone,When will I receive my refund?,False,False,False,False
CASE000467,CUST00020,TXN0005385,2026-05-22,KYC,Low,Resolved,7.7,False,App,I need help updating my KYC documents.,False,False,False,False
CASE000468,CUST00066,TXN0000978,2025-09-30,Refund,Low,Resolved,16.56,False,Chat,When will I receive my refund?,False,False,False,False
CASE000469,CUST00742,TXN0001749,2025-11-25,Refund,Low,Open,7.29,False,Phone,When will I receive my refund?,False,False,False,False
CASE000470,CUST00586,TXN0005884,2025-11-17,Card Issue,High,In Progress,8.6,False,Chat,My card transaction is not working.,False,False,False,False
CASE000471,CUST00275,TXN0006176,2025-02-19,Card Issue,Medium,In Progress,3.04,False,Email,My card transaction is not working.,False,False,False,False
CASE000472,CUST00270,TXN0004634,2025-10-04,Refund,Medium,In Progress,15.24,False,Phone,When will I receive my refund?,False,False,False,False
CASE000473,CUST01144,TXN0006439,2025-09-15,Card Issue,Medium,In Progress,25.25,True,Email,My card transaction is not working.,False,False,False,False
CASE000474,CUST00494,TXN0004319,2025-04-20,Refund,Critical,Resolved,33.8,True,App,When will I receive my refund?,False,False,False,False
CASE000475,CUST01195,TXN0000345,2026-09-14,Refund,Medium,Open,17.55,False,Branch,When will I receive my refund?,False,False,False,False
CASE000476,CUST01111,TXN0003045,2025-11-14,KYC,Medium,In Progress,5.43,False,Email,Not Provided,False,True,False,False
CASE000477,CUST00905,TXN0000110,2026-06-08,Payment Failure,Critical,Resolved,19.56,False,Chat,My payment failed and the amount was deducted.,False,False,False,False
CASE000478,CUST00207,TXN0002904,2025-11-18,Payment Failure,Low,Open,4.51,False,Chat,My payment failed and the amount was deducted.,False,False,False,False
CASE000479,CUST00263,TXN0006679,2026-09-12,Account Issue,Medium,Open,1.82,False,Branch,I am unable to access my account.,False,False,False,False
CASE000480,CUST00221,TXN0005680,2026-07-28,Card Issue,High,Escalated,35.68,True,Phone,My card transaction is not working.,False,False,False,False
CASE000481,CUST00155,TXN0004722,2025-04-24,Card Issue,Low,Resolved,30.41,True,Email,My card transaction is not working.,False,False,False,False
CASE000482,CUST00912,TXN0000277,2025-02-14,KYC,High,Resolved,38.47,True,Chat,I need help updating my KYC documents.,False,False,False,False
CASE000483,CUST00222,TXN0001918,2025-09-26,KYC,Medium,Resolved,10.16,False,Phone,I need help updating my KYC documents.,False,False,False,False
CASE000484,CUST00714,TXN0001555,2026-08-03,Payment Failure,Medium,In Progress,9.69,False,Chat,My payment failed and the amount was deducted.,False,False,False,False
CASE000485,CUST01163,TXN0003241,2025-02-07,KYC,High,Resolved,29.83,True,Chat,I need help updating my KYC documents.,False,False,False,False
CASE000486,CUST00905,TXN0006737,2025-01-20,Transaction Dispute,Unknown,In Progress,15.2,False,Chat,I do not recognize this transaction.,True,False,False,False
CASE000487,CUST00043,TXN0001060,2025-12-19,Transaction Dispute,Medium,Open,38.66,True,Phone,I do not recognize this transaction.,False,False,False,False
CASE000488,CUST00192,TXN0004660,2025-01-23,Account Issue,High,Resolved,36.39,True,Phone,I am unable to access my account.,False,False,False,False
CASE000489,CUST00702,TXN0002241,2025-07-26,Transaction Dispute,Medium,Open,19.06,False,Branch,I do not recognize this transaction.,False,False,False,False
CASE000490,CUST00030,TXN0000978,2025-09-08,Transaction Dispute,Medium,Resolved,26.0,True,Branch,I do not recognize this transaction.,False,False,False,False
CASE000491,CUST00982,TXN0003846,2025-08-21,KYC,Unknown,Resolved,17.95,False,Chat,I need help updating my KYC documents.,True,False,False,False
CASE000492,CUST00470,TXN0000486,2026-07-24,Account Issue,High,Resolved,26.13,True,App,I am unable to access my account.,False,False,False,False
CASE000493,CUST00601,TXN0006583,2026-06-09,KYC,High,Resolved,30.47,True,Email,I need help updating my KYC documents.,False,False,False,False
CASE000494,CUST00791,TXN0005725,2025-06-30,KYC,Low,Open,8.94,False,Email,I need help updating my KYC documents.,False,False,False,False
CASE000495,CUST00728,TXN0001978,2026-07-28,Refund,High,Open,46.92,True,Email,When will I receive my refund?,False,False,False,False
CASE000496,CUST00124,TXN0004516,2026-02-07,Card Issue,Medium,Escalated,,False,Email,My card transaction is not working.,False,False,False,True
CASE000497,CUST00886,TXN0004187,2025-01-13,Payment Failure,High,Open,,False,Email,My payment failed and the amount was deducted.,False,False,False,True
CASE000498,CUST00983,TXN0000991,2026-07-16,Refund,Medium,Resolved,0.55,False,App,When will I receive my refund?,False,False,False,False
CASE000499,CUST00359,TXN0006093,2025-05-22,Card Issue,High,Resolved,36.16,True,App,My card transaction is not working.,False,False,False,False
CASE000500,CUST00074,TXN0005727,2025-02-06,Refund,Low,Resolved,43.37,True,Chat,When will I receive my refund?,False,False,False,False
CASE000501,CUST00558,TXN0001194,2026-09-13,General Enquiry,High,Resolved,,True,Email,I need information about my account.,False,False,False,True
CASE000502,CUST00485,TXN0005648,2025-02-07,General Enquiry,Medium,Resolved,33.44,True,Chat,I need information about my account.,False,False,False,False
CASE000503,CUST00753,TXN0003148,2026-05-13,Payment Failure,Medium,In Progress,3.42,False,Chat,My payment failed and the amount was deducted.,False,False,False,False
CASE000504,CUST00890,TXN0002536,2026-01-14,Account Issue,Medium,In Progress,24.77,True,Branch,I am unable to access my account.,False,False,False,False
CASE000505,CUST01030,TXN0006033,2026-09-06,Transaction Dispute,Medium,Open,21.87,False,Phone,I do not recognize this transaction.,False,False,False,False
CASE000506,CUST00219,TXN0000541,2025-07-01,Transaction Dispute,Medium,Resolved,15.19,False,Branch,I do not recognize this transaction.,False,False,False,False
CASE000507,CUST00218,TXN0002577,2025-04-17,General Enquiry,Medium,Resolved,12.44,False,Chat,I need information about my account.,False,False,False,False
CASE000508,CUST00122,TXN0001449,2025-01-10,Account Issue,Low,Escalated,21.77,False,Chat,I am unable to access my account.,False,False,False,False
CASE000509,CUST01046,TXN0002277,2025-01-25,Payment Failure,Medium,Open,8.39,False,Branch,My payment failed and the amount was deducted.,False,False,False,False
CASE000510,CUST00405,TXN0005395,2025-12-21,Payment Failure,Medium,Resolved,28.2,True,Phone,My payment failed and the amount was deducted.,False,False,False,False
CASE000511,CUST00519,TXN0006777,2026-08-23,General Enquiry,Low,In Progress,29.0,True,App,I need information about my account.,False,False,False,False
CASE000512,CUST01083,TXN0002249,2026-06-10,KYC,Medium,In Progress,21.73,False,Branch,I need help updating my KYC documents.,False,False,False,False
CASE000513,CUST00746,TXN0005405,2025-02-20,Card Issue,Low,Resolved,15.87,False,Chat,My card transaction is not working.,False,False,False,False
CASE000514,CUST00715,TXN0006172,2025-04-21,Refund,Low,Resolved,20.25,False,Branch,When will I receive my refund?,False,False,False,False
CASE000515,CUST00679,TXN0001355,2026-08-10,KYC,Medium,Resolved,9.01,False,Email,I need help updating my KYC documents.,False,False,False,False
CASE000516,CUST00239,TXN0002053,2026-04-29,KYC,Medium,Resolved,13.63,False,Branch,I need help updating my KYC documents.,False,False,False,False
CASE000517,CUST01182,TXN0006148,2025-01-16,Payment Failure,Medium,Resolved,7.61,False,Email,My payment failed and the amount was deducted.,False,False,False,False
CASE000518,CUST00590,TXN0001841,2025-01-07,Transaction Dispute,High,Open,28.4,True,App,I do not recognize this transaction.,False,False,False,False
CASE000519,CUST00453,TXN0002143,2026-06-21,Refund,High,In Progress,9.4,False,Phone,When will I receive my refund?,False,False,False,False
CASE000520,CUST01151,TXN0003659,2025-08-26,Account Issue,Medium,Resolved,8.51,False,Phone,I am unable to access my account.,False,False,False,False
CASE000521,CUST00174,TXN0000996,2025-03-19,Account Issue,High,Escalated,28.55,True,Phone,I am unable to access my account.,False,False,False,False
CASE000522,CUST00247,TXN0004758,2026-01-02,KYC,High,Resolved,15.91,False,Phone,I need help updating my KYC documents.,False,False,False,False
CASE000523,CUST00418,TXN0002134,2025-07-29,Account Issue,High,Resolved,10.69,False,Chat,I am unable to access my account.,False,False,False,False
CASE000524,CUST00602,TXN0000508,2026-01-09,General Enquiry,Low,In Progress,28.3,True,App,I need information about my account.,False,False,False,False
CASE000525,CUST00241,TXN0000929,2025-10-09,Transaction Dispute,High,In Progress,43.83,True,Chat,I do not recognize this transaction.,False,False,False,False
CASE000526,CUST00129,TXN0004906,2025-04-10,Card Issue,Low,In Progress,14.13,False,Email,My card transaction is not working.,False,False,False,False
CASE000527,CUST00738,TXN0004946,2026-02-16,Account Issue,Medium,Resolved,45.21,True,Chat,I am unable to access my account.,False,False,False,False
CASE000528,CUST00917,TXN0006456,2025-01-09,Card Issue,Medium,Resolved,26.54,True,App,My card transaction is not working.,False,False,False,False
CASE000529,CUST00922,TXN0000800,2025-12-10,Payment Failure,Medium,In Progress,21.34,False,App,My payment failed and the amount was deducted.,False,False,False,False
CASE000530,CUST00512,TXN0001042,2025-08-08,Transaction Dispute,High,Open,20.83,False,App,I do not recognize this transaction.,False,False,False,False
CASE000531,CUST00198,TXN0004594,2025-12-05,Payment Failure,Medium,Open,27.21,True,Branch,My payment failed and the amount was deducted.,False,False,False,False
CASE000532,CUST00920,TXN0003558,2025-01-16,Payment Failure,Medium,Open,14.34,False,App,My payment failed and the amount was deducted.,False,False,False,False
CASE000533,CUST00273,TXN0004883,2026-06-19,Transaction Dispute,Medium,In Progress,15.14,False,Phone,I do not recognize this transaction.,False,False,False,False
CASE000534,CUST00706,TXN0002907,2025-08-10,Refund,Medium,In Progress,8.74,False,Email,When will I receive my refund?,False,False,False,False
CASE000535,CUST01095,TXN0000781,2025-11-01,Card Issue,Low,In Progress,14.25,False,Phone,My card transaction is not working.,False,False,False,False
CASE000536,CUST01056,TXN0005668,2026-05-17,KYC,Medium,Resolved,7.46,False,Chat,I need help updating my KYC documents.,False,False,False,False
CASE000537,CUST00188,TXN0003565,2025-07-08,General Enquiry,High,Resolved,16.3,False,Email,I need information about my account.,False,False,False,False
CASE000538,CUST00709,TXN0004710,2026-07-18,Account Issue,Low,In Progress,8.25,False,Chat,I am unable to access my account.,False,False,False,False
CASE000539,CUST00611,TXN0001086,2025-09-11,Card Issue,Medium,Resolved,23.37,False,Branch,My card transaction is not working.,False,False,False,False
CASE000540,CUST00940,TXN0001727,2026-02-27,Account Issue,Medium,In Progress,6.36,False,App,I am unable to access my account.,False,False,False,False
CASE000541,CUST00712,TXN0004875,2026-04-10,KYC,Medium,Escalated,30.85,True,Email,I need help updating my KYC documents.,False,False,False,False
CASE000542,CUST00096,TXN0004728,2025-07-20,KYC,Medium,Resolved,11.7,False,Phone,I need help updating my KYC documents.,False,False,False,False
CASE000543,CUST00920,TXN0005279,2025-08-09,Account Issue,Medium,Resolved,4.91,False,Phone,I am unable to access my account.,False,False,False,False
CASE000544,CUST00136,TXN0006369,2026-07-27,Card Issue,Medium,Resolved,7.62,False,Phone,My card transaction is not working.,False,False,False,False
CASE000545,CUST01183,TXN0004889,2025-11-01,Card Issue,Low,In Progress,,False,Branch,My card transaction is not working.,False,False,True,True
CASE000546,CUST01183,TXN0005292,2025-07-01,General Enquiry,Medium,Escalated,22.24,False,Email,I need information about my account.,False,False,False,False
CASE000547,CUST00650,TXN0004145,2026-04-19,Payment Failure,Medium,Resolved,3.28,False,Email,My payment failed and the amount was deducted.,False,False,False,False
CASE000548,CUST00014,TXN0002522,2026-04-18,Payment Failure,Medium,Resolved,1.5,False,Chat,My payment failed and the amount was deducted.,False,False,False,False
CASE000549,CUST00362,TXN0001785,2026-08-30,Account Issue,Unknown,Open,5.19,False,Email,I am unable to access my account.,True,False,False,False
CASE000550,CUST00728,TXN0005713,2025-02-16,Card Issue,Medium,Resolved,13.93,False,App,My card transaction is not working.,False,False,False,False
CASE000551,CUST00200,TXN0004107,2025-07-31,Refund,High,Resolved,27.52,True,Email,When will I receive my refund?,False,False,False,False
CASE000552,CUST01009,TXN0006989,2026-05-04,Card Issue,Medium,In Progress,7.86,False,Chat,My card transaction is not working.,False,False,False,False
CASE000553,CUST00390,TXN0006550,2025-02-13,General Enquiry,High,Escalated,10.15,False,Chat,I need information about my account.,False,False,False,False
CASE000554,CUST00839,TXN0001598,2025-04-13,Transaction Dispute,Low,Resolved,14.74,False,Chat,I do not recognize this transaction.,False,False,False,False
CASE000555,CUST00229,TXN0000676,2025-10-29,Transaction Dispute,High,In Progress,4.91,False,App,I do not recognize this transaction.,False,False,False,False
CASE000556,CUST00708,TXN0003284,2026-08-12,Account Issue,Medium,Escalated,3.85,False,Phone,I am unable to access my account.,False,False,False,False
CASE000557,CUST00152,TXN0006266,2025-04-05,Refund,Medium,Resolved,5.69,False,Chat,When will I receive my refund?,False,False,False,False
CASE000558,CUST00258,TXN0004350,2026-05-07,Card Issue,Medium,In Progress,3.27,False,Phone,My card transaction is not working.,False,False,False,False
CASE000559,CUST00288,TXN0005014,2026-09-23,General Enquiry,Unknown,Resolved,16.36,False,Phone,I need information about my account.,True,False,False,False
CASE000560,CUST00617,TXN0005553,2025-03-08,General Enquiry,High,In Progress,16.05,False,App,I need information about my account.,False,False,False,False
CASE000561,CUST00060,TXN0000078,2026-01-21,Payment Failure,Medium,Resolved,4.5,False,Chat,My payment failed and the amount was deducted.,False,False,False,False
CASE000562,CUST00207,TXN0000554,2025-03-09,Card Issue,Low,In Progress,16.77,False,Branch,My card transaction is not working.,False,False,False,False
CASE000563,CUST01124,TXN0005774,2026-05-29,Payment Failure,Medium,In Progress,8.28,False,Phone,My payment failed and the amount was deducted.,False,False,False,False
CASE000564,CUST00638,TXN0005433,2026-04-29,Card Issue,Medium,Open,16.23,False,Chat,My card transaction is not working.,False,False,False,False
CASE000565,CUST01018,TXN0003422,2026-05-07,General Enquiry,High,In Progress,51.05,True,Chat,I need information about my account.,False,False,False,False
CASE000566,CUST00730,TXN0000316,2026-04-16,Account Issue,Critical,Resolved,30.32,True,Branch,I am unable to access my account.,False,False,False,False
CASE000567,CUST00009,TXN0001166,2026-08-25,Payment Failure,Medium,Escalated,26.48,True,App,My payment failed and the amount was deducted.,False,False,False,False
CASE000568,CUST00981,TXN0006124,2025-01-16,Card Issue,Medium,Escalated,35.98,True,Email,My card transaction is not working.,False,False,False,False
CASE000569,CUST00187,TXN0000937,2026-03-29,Transaction Dispute,High,Resolved,9.2,False,Branch,I do not recognize this transaction.,False,False,False,False
CASE000570,CUST00507,TXN0005771,2025-09-04,KYC,Low,In Progress,25.99,True,Phone,I need help updating my KYC documents.,False,False,False,False
CASE000571,CUST01099,TXN0003021,2025-10-23,Card Issue,Medium,In Progress,15.04,False,Phone,My card transaction is not working.,False,False,False,False
CASE000572,CUST00954,TXN0005574,2025-08-20,Card Issue,Low,Open,16.9,False,Phone,My card transaction is not working.,False,False,False,False
CASE000573,CUST00814,TXN0001936,2025-04-18,Transaction Dispute,Medium,In Progress,17.72,False,Branch,I do not recognize this transaction.,False,False,False,False
CASE000574,CUST00127,TXN0002621,2025-02-02,KYC,Low,Resolved,19.95,False,App,I need help updating my KYC documents.,False,False,False,False
CASE000575,CUST00004,TXN0002051,2026-06-19,Refund,Critical,In Progress,8.51,False,Chat,When will I receive my refund?,False,False,False,False
CASE000576,CUST00895,TXN0001780,2025-11-10,Transaction Dispute,Low,Resolved,21.78,False,Phone,I do not recognize this transaction.,False,False,False,False
CASE000577,CUST00623,TXN0006247,2025-04-17,Payment Failure,Medium,Open,16.58,False,App,My payment failed and the amount was deducted.,False,False,False,False
CASE000578,CUST00147,TXN0005381,2025-12-18,Transaction Dispute,Medium,Resolved,24.12,True,Phone,I do not recognize this transaction.,False,False,False,False
CASE000579,CUST00370,TXN0006990,2025-06-01,Transaction Dispute,Medium,Resolved,17.09,False,App,I do not recognize this transaction.,False,False,False,False
CASE000580,CUST00977,TXN0001428,2026-07-11,Payment Failure,Medium,Resolved,15.11,False,Branch,My payment failed and the amount was deducted.,False,False,False,False
CASE000581,CUST00264,TXN0006884,2026-07-09,General Enquiry,Medium,In Progress,23.37,False,Phone,I need information about my account.,False,False,False,False
CASE000582,CUST00820,TXN0005680,2026-03-30,Account Issue,Medium,Open,19.59,False,Chat,I am unable to access my account.,False,False,False,False
CASE000583,CUST00125,TXN0003984,2026-04-27,General Enquiry,Low,In Progress,8.31,False,Branch,I need information about my account.,False,False,False,False
CASE000584,CUST00338,TXN0006872,2026-05-04,Refund,Medium,In Progress,15.41,False,Branch,When will I receive my refund?,False,False,False,False
CASE000585,CUST00308,TXN0004571,2026-08-22,General Enquiry,Medium,Open,35.38,True,Chat,I need information about my account.,False,False,False,False
CASE000586,CUST01173,TXN0005520,2025-07-14,Account Issue,High,Resolved,23.79,False,Branch,I am unable to access my account.,False,False,False,False
CASE000587,CUST00084,TXN0003071,2025-04-17,General Enquiry,Medium,In Progress,27.47,True,App,I need information about my account.,False,False,False,False
CASE000588,CUST01189,TXN0006505,2025-11-26,Account Issue,Low,Resolved,6.62,False,Phone,I am unable to access my account.,False,False,False,False
CASE000589,CUST00977,TXN0002717,2026-08-01,Card Issue,Medium,Resolved,22.48,False,App,My card transaction is not working.,False,False,False,False
CASE000590,CUST00307,TXN0002569,2026-09-23,KYC,Medium,Resolved,27.87,True,App,I need help updating my KYC documents.,False,False,False,False
CASE000591,CUST00062,TXN0005547,2025-12-26,Account Issue,High,Resolved,13.05,False,Chat,I am unable to access my account.,False,False,False,False
CASE000592,CUST00536,TXN0005488,2025-11-21,KYC,High,In Progress,8.17,False,Email,I need help updating my KYC documents.,False,False,False,False
CASE000593,CUST00507,TXN0003628,2025-07-30,Refund,Low,Resolved,17.11,False,Phone,When will I receive my refund?,False,False,False,False
CASE000594,CUST00589,TXN0001044,2026-09-12,Account Issue,Medium,Resolved,4.84,False,Chat,I am unable to access my account.,False,False,False,False
CASE000595,CUST01185,TXN0003412,2025-06-13,KYC,High,Resolved,19.41,False,App,I need help updating my KYC documents.,False,False,False,False
CASE000596,CUST01054,TXN0005866,2026-01-25,Card Issue,Medium,Resolved,22.76,False,Email,My card transaction is not working.,False,False,False,False
CASE000597,CUST00110,TXN0003064,2025-07-07,Transaction Dispute,High,In Progress,14.06,False,Chat,I do not recognize this transaction.,False,False,False,False
CASE000598,CUST00507,TXN0004210,2026-09-06,Refund,Medium,In Progress,14.05,False,Chat,When will I receive my refund?,False,False,False,False
CASE000599,CUST00640,TXN0002170,2026-03-16,Card Issue,Medium,Resolved,22.69,False,App,My card transaction is not working.,False,False,False,False
CASE000600,CUST01176,TXN0004108,2026-03-07,KYC,Medium,Open,12.88,False,Branch,I need help updating my KYC documents.,False,False,False,False
CASE000601,CUST00571,TXN0000919,2025-12-12,KYC,Critical,In Progress,19.16,False,Chat,I need help updating my KYC documents.,False,False,False,False
CASE000602,CUST00923,TXN0000962,2026-06-21,KYC,High,Resolved,33.32,True,Phone,I need help updating my KYC documents.,False,False,False,False
CASE000603,CUST00977,TXN0004487,2026-06-12,Payment Failure,Medium,Resolved,10.76,False,Email,My payment failed and the amount was deducted.,False,False,False,False
CASE000604,CUST00510,TXN0006298,2026-06-26,Refund,Critical,Resolved,34.51,True,Phone,When will I receive my refund?,False,False,False,False
CASE000605,CUST00135,TXN0000259,2025-10-17,Transaction Dispute,Low,Escalated,12.11,False,Branch,I do not recognize this transaction.,False,False,False,False
CASE000606,CUST00267,TXN0001116,2025-01-05,Payment Failure,Critical,Resolved,24.58,True,Email,My payment failed and the amount was deducted.,False,False,False,False
CASE000607,CUST00070,TXN0003175,2026-05-21,Transaction Dispute,Medium,Resolved,8.21,False,Branch,I do not recognize this transaction.,False,False,False,False
CASE000608,CUST00347,TXN0006547,2026-08-15,Refund,Low,Resolved,36.91,True,Phone,When will I receive my refund?,False,False,False,False
CASE000609,CUST00935,TXN0003877,2026-07-03,Account Issue,Low,Resolved,31.28,True,Chat,I am unable to access my account.,False,False,False,False
CASE000610,CUST00820,TXN0001187,2025-05-25,Card Issue,Medium,Resolved,16.47,False,Email,My card transaction is not working.,False,False,False,False
CASE000611,CUST00764,TXN0002557,2025-04-19,Account Issue,Medium,Open,12.26,False,Chat,I am unable to access my account.,False,False,False,False
CASE000612,CUST00470,TXN0004006,2025-10-20,Card Issue,Critical,Resolved,1.54,False,App,My card transaction is not working.,False,False,False,False
CASE000613,CUST00762,TXN0004055,2026-09-08,KYC,Medium,In Progress,23.98,False,Chat,I need help updating my KYC documents.,False,False,False,False
CASE000614,CUST00110,TXN0006248,2025-02-27,Payment Failure,Medium,Resolved,22.41,False,Chat,My payment failed and the amount was deducted.,False,False,False,False
CASE000615,CUST00209,TXN0002666,2025-12-14,Payment Failure,Low,Open,14.3,False,Email,My payment failed and the amount was deducted.,False,False,False,False
CASE000616,CUST00350,TXN0003658,2026-01-14,Account Issue,Unknown,Open,46.65,True,Phone,I am unable to access my account.,True,False,False,False
CASE000617,CUST00611,TXN0003873,2025-06-21,KYC,Low,In Progress,2.05,False,App,I need help updating my KYC documents.,False,False,False,False
CASE000618,CUST00246,TXN0004138,2025-04-26,Payment Failure,High,Open,6.3,False,App,My payment failed and the amount was deducted.,False,False,False,False
CASE000619,CUST00006,TXN0002039,2026-05-03,Account Issue,Unknown,Resolved,10.43,False,Email,I am unable to access my account.,True,False,False,False
CASE000620,CUST00521,TXN0002826,2025-03-02,Payment Failure,Medium,Resolved,14.01,False,Email,My payment failed and the amount was deducted.,False,False,False,False
CASE000621,CUST01116,TXN0005443,2025-10-14,Payment Failure,Medium,Resolved,25.27,True,Email,My payment failed and the amount was deducted.,False,False,False,False
CASE000622,CUST00732,TXN0002445,2026-04-13,Account Issue,Medium,In Progress,32.62,True,Email,I am unable to access my account.,False,False,False,False
CASE000623,CUST00121,TXN0006890,2025-03-12,Refund,Medium,Resolved,31.19,True,App,When will I receive my refund?,False,False,False,False
CASE000624,CUST00778,TXN0005477,2026-05-01,Payment Failure,Medium,In Progress,82.9,True,Chat,My payment failed and the amount was deducted.,False,False,False,False
CASE000625,CUST00783,TXN0006083,2025-07-11,Transaction Dispute,Medium,In Progress,18.03,False,Phone,I do not recognize this transaction.,False,False,False,False
CASE000626,CUST00559,TXN0006745,2025-12-22,Account Issue,Unknown,In Progress,47.83,True,Phone,I am unable to access my account.,True,False,False,False
CASE000627,CUST00626,TXN0001346,2026-06-14,General Enquiry,High,Resolved,21.67,False,Email,I need information about my account.,False,False,False,False
CASE000628,CUST00196,TXN0005529,2025-03-05,KYC,Critical,Escalated,19.24,False,Chat,I need help updating my KYC documents.,False,False,False,False
CASE000629,CUST00555,TXN0006445,2025-09-14,General Enquiry,High,In Progress,7.7,False,App,I need information about my account.,False,False,False,False
CASE000630,CUST00471,TXN0005369,2025-07-31,Refund,Medium,Resolved,22.19,False,App,When will I receive my refund?,False,False,False,False
CASE000631,CUST00867,TXN0004098,2026-06-22,Payment Failure,Low,Open,16.52,False,Email,My payment failed and the amount was deducted.,False,False,False,False
CASE000632,CUST00077,TXN0004580,2025-05-06,Refund,High,Resolved,19.6,False,Phone,When will I receive my refund?,False,False,False,False
CASE000633,CUST00104,TXN0005624,2025-02-14,Transaction Dispute,Medium,Open,14.66,False,Branch,I do not recognize this transaction.,False,False,False,False
CASE000634,CUST01068,TXN0005131,2025-05-12,Refund,Medium,In Progress,16.79,False,Phone,When will I receive my refund?,False,False,False,False
CASE000635,CUST01051,TXN0000860,2026-07-30,Refund,Medium,In Progress,,False,Email,When will I receive my refund?,False,False,False,True
CASE000636,CUST00278,TXN0003527,2026-05-06,Account Issue,Low,Resolved,21.77,False,Phone,I am unable to access my account.,False,False,False,False
CASE000637,CUST01007,TXN0005044,2026-01-16,Payment Failure,Medium,Resolved,13.68,False,Branch,My payment failed and the amount was deducted.,False,False,False,False
CASE000638,CUST00151,TXN0001492,2025-04-21,KYC,Low,In Progress,17.43,False,App,I need help updating my KYC documents.,False,False,False,False
CASE000639,CUST00303,TXN0002252,2025-02-15,Refund,Low,Open,13.39,False,Phone,When will I receive my refund?,False,False,False,False
CASE000640,CUST00999,TXN0003326,2025-02-22,Account Issue,Low,In Progress,,True,Email,I am unable to access my account.,False,False,True,True
CASE000641,CUST00731,TXN0004825,2026-08-23,General Enquiry,Medium,Open,26.39,True,App,I need information about my account.,False,False,False,False
CASE000642,CUST00416,TXN0003177,2026-07-02,Refund,Medium,Resolved,8.58,False,Email,When will I receive my refund?,False,False,False,False
CASE000643,CUST00070,TXN0002457,2026-07-04,KYC,Medium,Resolved,21.36,False,Branch,I need help updating my KYC documents.,False,False,False,False
CASE000644,CUST01020,TXN0002248,2026-07-08,Account Issue,Medium,Resolved,3.94,False,App,I am unable to access my account.,False,False,False,False
CASE000645,CUST00951,TXN0003202,2026-01-08,KYC,Medium,Open,9.15,False,Phone,I need help updating my KYC documents.,False,False,False,False
CASE000646,CUST00352,TXN0002424,2026-09-30,Payment Failure,High,Resolved,44.6,True,Chat,My payment failed and the amount was deducted.,False,False,False,False
CASE000647,CUST00132,TXN0003439,2026-01-11,Refund,High,In Progress,9.97,False,Email,When will I receive my refund?,False,False,False,False
CASE000648,CUST01183,TXN0003296,2026-04-29,Card Issue,Medium,Escalated,6.88,False,Chat,My card transaction is not working.,False,False,False,False
CASE000649,CUST00958,TXN0000219,2026-01-12,Refund,Medium,Resolved,15.28,False,App,When will I receive my refund?,False,False,False,False
CASE000650,CUST00241,TXN0004981,2026-07-20,Payment Failure,High,Resolved,20.84,False,App,My payment failed and the amount was deducted.,False,False,False,False
CASE000651,CUST00788,TXN0000541,2025-10-17,Refund,Medium,Open,,False,App,When will I receive my refund?,False,False,False,True
CASE000652,CUST01177,TXN0001759,2025-07-15,Transaction Dispute,Medium,Resolved,6.62,False,App,I do not recognize this transaction.,False,False,False,False
CASE000653,CUST00175,TXN0000139,2026-04-12,General Enquiry,High,Open,6.66,False,Branch,I need information about my account.,False,False,False,False
CASE000654,CUST00032,TXN0002810,2025-07-20,Refund,High,Resolved,9.93,False,Branch,When will I receive my refund?,False,False,False,False
CASE000655,CUST00583,TXN0005260,2025-11-30,Refund,High,Resolved,56.79,True,Phone,When will I receive my refund?,False,False,False,False
CASE000656,CUST00888,TXN0002370,2025-08-25,General Enquiry,Low,Resolved,26.39,True,App,I need information about my account.,False,False,False,False
CASE000657,CUST01083,TXN0002436,2025-07-26,General Enquiry,High,Resolved,29.08,True,Chat,I need information about my account.,False,False,False,False
CASE000658,CUST00877,TXN0005319,2025-01-05,General Enquiry,Medium,Escalated,37.76,True,Chat,I need information about my account.,False,False,False,False
CASE000659,CUST00418,TXN0000709,2026-08-26,Card Issue,Low,In Progress,2.35,False,App,My card transaction is not working.,False,False,False,False
CASE000660,CUST00321,TXN0002089,2026-09-10,Payment Failure,Critical,Resolved,24.87,True,Email,My payment failed and the amount was deducted.,False,False,False,False
CASE000661,CUST00820,TXN0002640,2026-07-14,General Enquiry,High,Escalated,31.48,True,Branch,I need information about my account.,False,False,False,False
CASE000662,CUST00065,TXN0002645,2025-06-16,Refund,Low,Escalated,20.84,False,App,When will I receive my refund?,False,False,False,False
CASE000663,CUST00359,TXN0006483,2026-07-31,Payment Failure,Low,In Progress,9.29,False,Email,My payment failed and the amount was deducted.,False,False,False,False
CASE000664,CUST00366,TXN0001941,2025-08-08,Account Issue,High,Resolved,6.81,False,Email,I am unable to access my account.,False,False,False,False
CASE000665,CUST00869,TXN0003957,2025-10-20,Refund,High,Resolved,48.21,True,Email,When will I receive my refund?,False,False,False,False
CASE000666,CUST00415,TXN0005074,2025-02-19,General Enquiry,Medium,Resolved,6.69,False,Chat,Not Provided,False,True,False,False
CASE000667,CUST01050,TXN0000449,2025-01-05,KYC,Low,Resolved,11.64,False,App,I need help updating my KYC documents.,False,False,False,False
CASE000668,CUST00297,TXN0004485,2026-04-13,Refund,High,Resolved,8.76,False,Chat,When will I receive my refund?,False,False,False,False
CASE000669,CUST00425,TXN0005939,2026-03-31,Refund,Medium,In Progress,,False,Phone,When will I receive my refund?,False,False,False,True
CASE000670,CUST00402,TXN0003563,2025-12-03,KYC,Medium,Resolved,25.59,True,Email,I need help updating my KYC documents.,False,False,False,False
CASE000671,CUST00540,TXN0005856,2026-08-17,Payment Failure,High,Escalated,13.09,False,Branch,My payment failed and the amount was deducted.,False,False,False,False
CASE000672,CUST00934,TXN0001124,2026-04-12,KYC,Medium,In Progress,20.63,False,Email,I need help updating my KYC documents.,False,False,False,False
CASE000673,CUST01107,TXN0004845,2025-07-23,Transaction Dispute,High,In Progress,14.38,False,Email,I do not recognize this transaction.,False,False,False,False
CASE000674,CUST00054,TXN0002966,2025-07-30,KYC,Low,Open,16.07,False,Email,I need help updating my KYC documents.,False,False,False,False
CASE000675,CUST00652,TXN0001102,2026-05-15,Refund,Critical,In Progress,12.79,False,App,When will I receive my refund?,False,False,False,False
CASE000676,CUST00431,TXN0004147,2025-05-15,Transaction Dispute,Medium,Resolved,27.04,True,Email,I do not recognize this transaction.,False,False,False,False
CASE000677,CUST00582,TXN0006313,2025-05-19,Card Issue,Medium,Open,8.98,False,Phone,My card transaction is not working.,False,False,False,False
CASE000678,CUST00577,TXN0000941,2025-10-02,General Enquiry,Low,Resolved,11.33,False,Chat,I need information about my account.,False,False,False,False
CASE000679,CUST00650,TXN0000214,2025-03-03,Refund,Low,Resolved,24.6,True,Phone,When will I receive my refund?,False,False,False,False
CASE000680,CUST00844,TXN0001847,2025-09-06,General Enquiry,Low,Open,8.69,False,Chat,I need information about my account.,False,False,False,False
CASE000681,CUST00714,TXN0004410,2025-03-20,Card Issue,High,Resolved,25.64,True,Chat,My card transaction is not working.,False,False,False,False
CASE000682,CUST00106,TXN0000881,2025-08-29,Payment Failure,Medium,In Progress,12.5,False,Branch,My payment failed and the amount was deducted.,False,False,False,False
CASE000683,CUST00494,TXN0001654,2026-06-18,Payment Failure,High,Open,6.43,False,Chat,My payment failed and the amount was deducted.,False,False,False,False
CASE000684,CUST00550,TXN0005445,2025-09-27,Card Issue,Low,Resolved,22.18,False,App,My card transaction is not working.,False,False,False,False
CASE000685,CUST01137,TXN0005167,2026-04-12,General Enquiry,Medium,In Progress,21.85,False,Branch,I need information about my account.,False,False,False,False
CASE000686,CUST00451,TXN0005214,2026-07-21,Refund,High,Open,2.96,False,Email,When will I receive my refund?,False,False,False,False
CASE000687,CUST01060,TXN0005407,2025-09-07,Card Issue,High,Resolved,29.44,True,Email,My card transaction is not working.,False,False,False,False
CASE000688,CUST00741,TXN0001123,2026-05-18,Payment Failure,Unknown,Escalated,18.44,False,App,My payment failed and the amount was deducted.,True,False,False,False
CASE000689,CUST01015,TXN0001336,2026-07-01,Card Issue,Medium,Resolved,14.19,False,Chat,My card transaction is not working.,False,False,False,False
CASE000690,CUST00637,TXN0004603,2025-07-04,KYC,High,Escalated,27.52,True,Email,I need help updating my KYC documents.,False,False,False,False
CASE000691,CUST01034,TXN0003000,2026-09-23,Card Issue,Unknown,In Progress,8.53,False,Chat,My card transaction is not working.,True,False,False,False
CASE000692,CUST01170,TXN0000044,2025-07-20,KYC,Medium,Resolved,15.88,False,Phone,I need help updating my KYC documents.,False,False,False,False
CASE000693,CUST01149,TXN0005525,2026-09-14,KYC,High,Resolved,20.49,False,Chat,I need help updating my KYC documents.,False,False,False,False
CASE000694,CUST00767,TXN0002324,2025-11-15,Card Issue,High,Resolved,23.73,False,Chat,My card transaction is not working.,False,False,False,False
CASE000695,CUST00226,TXN0000856,2025-11-24,Transaction Dispute,Low,Open,7.96,False,Chat,I do not recognize this transaction.,False,False,False,False
CASE000696,CUST00454,TXN0005761,2026-01-15,Card Issue,Unknown,Resolved,18.09,False,Email,My card transaction is not working.,True,False,False,False
CASE000697,CUST00329,TXN0001769,2025-04-27,Refund,Medium,Open,15.39,False,App,When will I receive my refund?,False,False,False,False
CASE000698,CUST00223,TXN0005592,2026-07-01,Transaction Dispute,Low,Resolved,11.23,False,Email,I do not recognize this transaction.,False,False,False,False
CASE000699,CUST00053,TXN0004301,2025-01-12,Card Issue,Medium,Resolved,8.85,False,Chat,My card transaction is not working.,False,False,False,False
CASE000700,CUST00883,TXN0001452,2025-08-06,General Enquiry,Medium,Open,5.55,False,Phone,I need information about my account.,False,False,False,False
CASE000701,CUST00259,TXN0006765,2026-03-12,KYC,Low,Resolved,29.2,True,Email,I need help updating my KYC documents.,False,False,False,False
CASE000702,CUST00796,TXN0002810,2025-09-22,Payment Failure,Medium,Resolved,18.52,False,Phone,My payment failed and the amount was deducted.,False,False,False,False
CASE000703,CUST00924,TXN0005403,2025-04-14,General Enquiry,Medium,Resolved,28.41,True,Chat,I need information about my account.,False,False,False,False
CASE000704,CUST00197,TXN0000291,2026-09-05,Payment Failure,High,In Progress,10.34,False,Email,My payment failed and the amount was deducted.,False,False,False,False
CASE000705,CUST00434,TXN0005334,2026-03-11,Account Issue,Medium,Resolved,14.77,False,Phone,I am unable to access my account.,False,False,False,False
CASE000706,CUST00138,TXN0001456,2025-02-02,Account Issue,Medium,Resolved,20.75,False,Branch,I am unable to access my account.,False,False,False,False
CASE000707,CUST00088,TXN0000150,2026-01-18,KYC,Medium,Resolved,13.2,False,Email,I need help updating my KYC documents.,False,False,False,False
CASE000708,CUST00438,TXN0002486,2026-06-08,Payment Failure,Medium,In Progress,23.77,False,Phone,My payment failed and the amount was deducted.,False,False,False,False
CASE000709,CUST01143,TXN0004085,2026-05-04,Refund,High,Resolved,8.61,False,App,When will I receive my refund?,False,False,False,False
CASE000710,CUST00360,TXN0004057,2025-09-20,General Enquiry,Medium,Resolved,30.44,True,App,I need information about my account.,False,False,False,False
CASE000711,CUST00539,TXN0002022,2025-05-22,Card Issue,High,Escalated,26.96,True,Phone,My card transaction is not working.,False,False,False,False
CASE000712,CUST00375,TXN0003067,2025-04-13,Refund,High,In Progress,28.74,True,Branch,When will I receive my refund?,False,False,False,False
CASE000713,CUST00327,TXN0004045,2025-06-24,Card Issue,Medium,Resolved,,False,Phone,My card transaction is not working.,False,False,False,True
CASE000714,CUST00033,TXN0004192,2025-10-09,General Enquiry,High,In Progress,3.44,False,Phone,I need information about my account.,False,False,False,False
CASE000715,CUST00779,TXN0003699,2025-07-25,Card Issue,Medium,Resolved,27.67,True,App,My card transaction is not working.,False,False,False,False
CASE000716,CUST00256,TXN0001522,2026-05-12,Refund,High,Resolved,16.4,False,Email,When will I receive my refund?,False,False,False,False
CASE000717,CUST00872,TXN0005076,2026-04-04,Card Issue,Medium,Resolved,14.24,False,Email,My card transaction is not working.,False,False,False,False
CASE000718,CUST00343,TXN0005306,2025-05-03,Transaction Dispute,Medium,Resolved,5.26,False,Chat,I do not recognize this transaction.,False,False,False,False
CASE000719,CUST00902,TXN0001538,2025-10-22,Account Issue,High,In Progress,10.95,False,App,I am unable to access my account.,False,False,False,False
CASE000720,CUST00812,TXN0004965,2025-09-01,Payment Failure,Critical,In Progress,26.14,True,Branch,My payment failed and the amount was deducted.,False,False,False,False
CASE000721,CUST01129,TXN0002714,2025-04-11,Card Issue,Medium,In Progress,16.04,False,App,Not Provided,False,True,False,False
CASE000722,CUST00436,TXN0004336,2025-03-18,Refund,Medium,Escalated,13.01,False,Phone,When will I receive my refund?,False,False,False,False
CASE000723,CUST00546,TXN0003416,2025-04-27,Account Issue,Medium,Resolved,4.76,False,Branch,I am unable to access my account.,False,False,False,False
CASE000724,CUST00304,TXN0005310,2026-07-19,Account Issue,Medium,Resolved,29.78,True,Phone,I am unable to access my account.,False,False,False,False
CASE000725,CUST00012,TXN0000934,2025-07-29,Payment Failure,Low,In Progress,16.03,False,Chat,My payment failed and the amount was deducted.,False,False,False,False
CASE000726,CUST00984,TXN0001211,2025-06-03,KYC,Medium,In Progress,20.42,False,App,I need help updating my KYC documents.,False,False,False,False
CASE000727,CUST01109,TXN0000981,2026-01-07,General Enquiry,High,Resolved,3.84,False,App,I need information about my account.,False,False,False,False
CASE000728,CUST00132,TXN0005246,2026-06-25,Card Issue,Medium,Open,14.64,False,Chat,My card transaction is not working.,False,False,False,False
CASE000729,CUST00069,TXN0005988,2025-08-25,Transaction Dispute,Medium,Resolved,19.34,False,Email,I do not recognize this transaction.,False,False,False,False
CASE000730,CUST00842,TXN0002530,2026-05-29,KYC,Medium,Resolved,21.83,False,Branch,I need help updating my KYC documents.,False,False,False,False
CASE000731,CUST01115,TXN0003141,2025-08-27,General Enquiry,Low,Resolved,19.63,False,App,I need information about my account.,False,False,False,False
CASE000732,CUST00212,TXN0006485,2026-09-17,Card Issue,Medium,Resolved,12.71,False,Email,My card transaction is not working.,False,False,False,False
CASE000733,CUST00468,TXN0004149,2025-12-30,Payment Failure,Low,Open,40.55,True,Email,My payment failed and the amount was deducted.,False,False,False,False
CASE000734,CUST00873,TXN0005040,2025-08-31,Card Issue,Low,Resolved,22.03,False,Chat,My card transaction is not working.,False,False,False,False
CASE000735,CUST00608,TXN0006107,2026-09-04,Refund,Medium,Resolved,1.25,False,Email,When will I receive my refund?,False,False,False,False
CASE000736,CUST00505,TXN0000788,2026-06-25,General Enquiry,Medium,Resolved,15.73,False,App,I need information about my account.,False,False,False,False
CASE000737,CUST00871,TXN0002061,2025-03-26,KYC,Medium,Resolved,9.87,False,App,I need help updating my KYC documents.,False,False,False,False
CASE000738,CUST00401,TXN0004134,2025-03-01,Refund,Medium,Open,,False,App,When will I receive my refund?,False,False,False,True
CASE000739,CUST00756,TXN0001266,2026-05-20,Refund,Low,Resolved,20.81,False,Phone,Not Provided,False,True,False,False
CASE000740,CUST00415,TXN0004592,2026-04-27,Payment Failure,Medium,Open,35.21,True,Branch,My payment failed and the amount was deducted.,False,False,False,False
CASE000741,CUST00273,TXN0006756,2025-10-18,Payment Failure,Low,In Progress,25.95,True,Phone,My payment failed and the amount was deducted.,False,False,False,False
CASE000742,CUST00446,TXN0005457,2025-09-22,Transaction Dispute,Low,Open,17.23,False,App,I do not recognize this transaction.,False,False,False,False
CASE000743,CUST00062,TXN0005235,2025-05-22,Refund,High,Resolved,10.14,False,Branch,When will I receive my refund?,False,False,False,False
CASE000744,CUST00325,TXN0001309,2025-11-04,Account Issue,Low,In Progress,33.23,True,Chat,I am unable to access my account.,False,False,False,False
CASE000745,CUST01200,TXN0005684,2026-07-25,General Enquiry,High,In Progress,14.31,False,App,I need information about my account.,False,False,False,False
CASE000746,CUST00868,TXN0004907,2026-05-18,General Enquiry,High,Resolved,57.41,True,Phone,I need information about my account.,False,False,False,False
CASE000747,CUST00818,TXN0001236,2025-08-13,Account Issue,High,Resolved,26.7,True,Phone,I am unable to access my account.,False,False,False,False
CASE000748,CUST00273,TXN0005251,2025-07-04,Refund,Medium,Open,26.89,True,Branch,When will I receive my refund?,False,False,False,False
CASE000749,CUST00783,TXN0004977,2025-11-29,KYC,Low,Resolved,15.48,False,Chat,I need help updating my KYC documents.,False,False,False,False
CASE000750,CUST01041,TXN0004633,2026-09-25,Card Issue,Medium,Resolved,7.93,False,Phone,My card transaction is not working.,False,False,False,False
CASE000751,CUST00659,TXN0006335,2025-09-13,Payment Failure,Medium,Escalated,7.6,False,Phone,My payment failed and the amount was deducted.,False,False,False,False
CASE000752,CUST00774,TXN0004047,2025-10-04,Transaction Dispute,Medium,In Progress,13.35,False,Branch,I do not recognize this transaction.,False,False,False,False
CASE000753,CUST00473,TXN0004621,2025-11-22,General Enquiry,Medium,Resolved,20.97,False,Branch,I need information about my account.,False,False,False,False
CASE000754,CUST01022,TXN0002408,2025-06-06,General Enquiry,Medium,In Progress,8.95,False,Phone,I need information about my account.,False,False,False,False
CASE000755,CUST00337,TXN0003523,2026-04-09,General Enquiry,Critical,Resolved,3.84,False,Phone,I need information about my account.,False,False,False,False
CASE000756,CUST00298,TXN0005227,2025-11-18,KYC,Medium,Resolved,13.84,False,App,I need help updating my KYC documents.,False,False,False,False
CASE000757,CUST00107,TXN0003806,2026-05-24,Payment Failure,Medium,Resolved,14.8,False,Email,My payment failed and the amount was deducted.,False,False,False,False
CASE000758,CUST01029,TXN0005694,2026-08-19,General Enquiry,Low,Open,19.74,False,Phone,I need information about my account.,False,False,False,False
CASE000759,CUST01119,TXN0004161,2025-08-28,Card Issue,High,Resolved,16.23,False,Phone,My card transaction is not working.,False,False,False,False
CASE000760,CUST01085,TXN0004093,2025-11-19,KYC,Medium,Resolved,23.86,False,App,I need help updating my KYC documents.,False,False,False,False
CASE000761,CUST00148,TXN0002846,2025-06-26,Refund,Medium,Resolved,9.42,False,Branch,When will I receive my refund?,False,False,False,False
CASE000762,CUST00190,TXN0002723,2025-10-02,Transaction Dispute,Medium,In Progress,13.46,False,Email,I do not recognize this transaction.,False,False,False,False
CASE000763,CUST00323,TXN0001933,2025-03-01,Transaction Dispute,High,In Progress,11.79,False,Chat,I do not recognize this transaction.,False,False,False,False
CASE000764,CUST01005,TXN0000584,2026-01-12,Refund,Medium,Resolved,103.91,True,Phone,When will I receive my refund?,False,False,False,False
CASE000765,CUST00486,TXN0000446,2025-12-29,Transaction Dispute,Low,Resolved,5.58,False,App,I do not recognize this transaction.,False,False,False,False
CASE000766,CUST00884,TXN0006000,2025-03-16,KYC,Low,Escalated,16.6,False,Phone,I need help updating my KYC documents.,False,False,False,False
CASE000767,CUST00423,TXN0006078,2025-11-27,Refund,Low,Escalated,29.52,True,Phone,When will I receive my refund?,False,False,False,False
CASE000768,CUST01140,TXN0004761,2026-04-28,Transaction Dispute,Medium,Escalated,28.78,True,App,I do not recognize this transaction.,False,False,False,False
CASE000769,CUST00554,TXN0000014,2026-03-31,Card Issue,Medium,Resolved,,False,Chat,My card transaction is not working.,False,False,False,True
CASE000770,CUST00026,TXN0006412,2026-01-13,Payment Failure,Medium,In Progress,8.88,False,App,My payment failed and the amount was deducted.,False,False,False,False
CASE000771,CUST01195,TXN0004821,2026-09-11,Account Issue,Low,Resolved,28.46,True,Chat,I am unable to access my account.,False,False,False,False
CASE000772,CUST00317,TXN0004057,2025-12-23,Refund,Medium,In Progress,21.64,False,App,When will I receive my refund?,False,False,False,False
CASE000773,CUST00546,TXN0001047,2026-01-28,Card Issue,Unknown,Resolved,21.41,False,Email,My card transaction is not working.,True,False,False,False
CASE000774,CUST00961,TXN0006854,2025-11-02,KYC,Medium,Resolved,16.32,False,Email,I need help updating my KYC documents.,False,False,False,False
CASE000775,CUST00652,TXN0000661,2025-10-17,KYC,Medium,Resolved,13.62,False,Branch,I need help updating my KYC documents.,False,False,False,False
CASE000776,CUST00123,TXN0006492,2025-03-16,Account Issue,Low,In Progress,14.08,False,App,I am unable to access my account.,False,False,False,False
CASE000777,CUST00208,TXN0002053,2026-07-27,Transaction Dispute,Medium,In Progress,6.71,False,Chat,I do not recognize this transaction.,False,False,False,False
CASE000778,CUST00954,TXN0003235,2026-08-09,General Enquiry,Medium,Resolved,9.39,False,Phone,I need information about my account.,False,False,False,False
CASE000779,CUST00622,TXN0002726,2026-08-28,Account Issue,Low,Resolved,9.72,False,App,I am unable to access my account.,False,False,False,False
CASE000780,CUST01051,TXN0004731,2026-06-23,Payment Failure,High,In Progress,10.02,False,App,My payment failed and the amount was deducted.,False,False,False,False
CASE000781,CUST01142,TXN0002123,2026-08-02,Card Issue,High,Escalated,,False,Branch,My card transaction is not working.,False,False,False,True
CASE000782,CUST01086,TXN0006375,2025-10-01,Refund,Medium,Resolved,15.39,False,Email,When will I receive my refund?,False,False,False,False
CASE000783,CUST01127,TXN0004158,2025-04-12,Card Issue,Low,Open,15.61,False,Phone,My card transaction is not working.,False,False,False,False
CASE000784,CUST00410,TXN0004894,2026-09-11,Card Issue,Medium,Resolved,26.1,True,Chat,My card transaction is not working.,False,False,False,False
CASE000785,CUST00229,TXN0002889,2025-11-04,General Enquiry,Low,Open,22.5,False,Branch,I need information about my account.,False,False,False,False
CASE000786,CUST00859,TXN0004777,2025-09-24,KYC,High,Resolved,23.52,False,Phone,I need help updating my KYC documents.,False,False,False,False
CASE000787,CUST00339,TXN0001496,2025-03-22,Payment Failure,Medium,Resolved,23.57,False,App,My payment failed and the amount was deducted.,False,False,False,False
CASE000788,CUST00232,TXN0002896,2026-09-11,Refund,Critical,Resolved,47.57,True,Chat,When will I receive my refund?,False,False,False,False
CASE000789,CUST00754,TXN0005384,2025-07-10,Card Issue,High,Resolved,31.37,True,Email,My card transaction is not working.,False,False,False,False
CASE000790,CUST01197,TXN0004529,2025-11-21,Refund,Medium,Escalated,26.32,True,Branch,When will I receive my refund?,False,False,False,False
CASE000791,CUST01178,TXN0001235,2026-05-29,Payment Failure,Medium,Resolved,6.02,False,Phone,My payment failed and the amount was deducted.,False,False,False,False
CASE000792,CUST00229,TXN0000740,2025-01-11,KYC,Medium,Resolved,19.66,False,Phone,I need help updating my KYC documents.,False,False,False,False
CASE000793,CUST00073,TXN0002716,2025-11-23,Account Issue,Low,Resolved,26.16,True,Phone,I am unable to access my account.,False,False,False,False
CASE000794,CUST01147,TXN0000958,2025-12-28,Card Issue,Medium,Resolved,7.36,False,App,My card transaction is not working.,False,False,False,False
CASE000795,CUST00349,TXN0002474,2026-05-06,Account Issue,High,Resolved,8.03,False,Branch,I am unable to access my account.,False,False,False,False
CASE000796,CUST00161,TXN0005807,2025-12-21,Refund,High,Open,37.01,True,App,When will I receive my refund?,False,False,False,False
CASE000797,CUST00178,TXN0003295,2025-09-06,Account Issue,Medium,Resolved,16.0,False,Branch,Not Provided,False,True,False,False
CASE000798,CUST00162,TXN0005171,2026-06-13,General Enquiry,High,In Progress,19.81,False,App,I need information about my account.,False,False,False,False
CASE000799,CUST00299,TXN0005767,2025-10-18,Card Issue,Medium,Escalated,,False,App,My card transaction is not working.,False,False,False,True
CASE000800,CUST00433,TXN0004369,2026-04-26,Card Issue,Medium,Resolved,6.8,False,Chat,My card transaction is not working.,False,False,False,False
CASE000801,CUST00655,TXN0006866,2025-06-17,Transaction Dispute,Medium,Escalated,16.25,False,Branch,I do not recognize this transaction.,False,False,False,False
CASE000802,CUST00463,TXN0005003,2026-03-01,General Enquiry,Low,Resolved,19.55,False,Phone,I need information about my account.,False,False,False,False
CASE000803,CUST00087,TXN0003893,2026-08-17,Transaction Dispute,Medium,In Progress,17.33,False,Chat,I do not recognize this transaction.,False,False,False,False
CASE000804,CUST01097,TXN0006170,2026-07-14,Account Issue,Low,Escalated,15.71,False,Phone,I am unable to access my account.,False,False,False,False
CASE000805,CUST00176,TXN0003598,2026-07-11,Account Issue,Medium,Open,20.24,False,Branch,I am unable to access my account.,False,False,False,False
CASE000806,CUST00124,TXN0006879,2026-01-27,Payment Failure,Critical,Resolved,20.73,False,Phone,My payment failed and the amount was deducted.,False,False,False,False
CASE000807,CUST00293,TXN0000651,2026-05-14,Payment Failure,Critical,Resolved,21.69,False,Phone,My payment failed and the amount was deducted.,False,False,False,False
CASE000808,CUST00923,TXN0006126,2026-08-02,General Enquiry,High,In Progress,25.04,True,Chat,I need information about my account.,False,False,False,False
CASE000809,CUST00102,TXN0005487,2026-07-25,Card Issue,Low,Resolved,9.93,False,Email,My card transaction is not working.,False,False,False,False
CASE000810,CUST01127,TXN0002946,2026-02-07,Transaction Dispute,Critical,Resolved,14.32,False,Chat,I do not recognize this transaction.,False,False,False,False
CASE000811,CUST00163,TXN0002598,2025-08-29,Payment Failure,High,Open,12.34,False,Branch,My payment failed and the amount was deducted.,False,False,False,False
CASE000812,CUST00177,TXN0006275,2025-04-07,Account Issue,Medium,Resolved,19.88,False,Email,I am unable to access my account.,False,False,False,False
CASE000813,CUST00387,TXN0000520,2025-05-07,Transaction Dispute,Medium,Open,26.45,True,Branch,I do not recognize this transaction.,False,False,False,False
CASE000814,CUST00330,TXN0001143,2025-11-27,Account Issue,Medium,In Progress,41.25,True,Email,I am unable to access my account.,False,False,False,False
CASE000815,CUST00718,TXN0004901,2025-08-06,Account Issue,Critical,Resolved,48.35,True,Email,I am unable to access my account.,False,False,False,False
CASE000816,CUST00099,TXN0003341,2025-10-05,Account Issue,Low,Resolved,1.1,False,Chat,I am unable to access my account.,False,False,False,False
CASE000817,CUST01037,TXN0006306,2026-05-07,General Enquiry,High,In Progress,59.3,True,Branch,I need information about my account.,False,False,False,False
CASE000818,CUST00713,TXN0005469,2025-06-06,Transaction Dispute,Low,Resolved,5.0,False,Email,I do not recognize this transaction.,False,False,False,False
CASE000819,CUST01185,TXN0001435,2025-02-15,Card Issue,High,Resolved,20.74,False,Chat,My card transaction is not working.,False,False,False,False
CASE000820,CUST00322,TXN0000183,2026-07-28,KYC,High,In Progress,2.49,False,App,I need help updating my KYC documents.,False,False,False,False
CASE000821,CUST01031,TXN0002827,2026-06-15,Refund,Medium,Escalated,36.79,True,Email,When will I receive my refund?,False,False,False,False
CASE000822,CUST00872,TXN0003592,2026-02-03,KYC,Medium,In Progress,23.33,False,Branch,I need help updating my KYC documents.,False,False,False,False
CASE000823,CUST00155,TXN0000870,2026-07-24,Card Issue,Low,Resolved,10.26,False,App,My card transaction is not working.,False,False,False,False
CASE000824,CUST00257,TXN0004956,2026-04-23,Account Issue,Medium,Open,22.11,False,Branch,I am unable to access my account.,False,False,False,False
CASE000825,CUST00270,TXN0005827,2025-03-12,Transaction Dispute,Medium,Open,6.74,False,Phone,I do not recognize this transaction.,False,False,False,False
CASE000826,CUST00463,TXN0003687,2025-07-17,Card Issue,Medium,Open,6.14,False,Phone,My card transaction is not working.,False,False,False,False
CASE000827,CUST01176,TXN0002328,2025-08-01,Payment Failure,Critical,Escalated,31.51,True,Email,My payment failed and the amount was deducted.,False,False,False,False
CASE000828,CUST00227,TXN0002783,2025-07-25,KYC,Medium,Escalated,16.57,False,App,I need help updating my KYC documents.,False,False,False,False
CASE000829,CUST00365,TXN0005310,2026-07-30,Refund,Medium,Escalated,13.67,False,Branch,When will I receive my refund?,False,False,False,False
CASE000830,CUST00622,TXN0001181,2025-08-01,General Enquiry,Medium,Open,18.71,False,Branch,I need information about my account.,False,False,False,False
CASE000831,CUST00910,TXN0004646,2026-03-25,Card Issue,Low,Resolved,15.28,False,Email,My card transaction is not working.,False,False,False,False
CASE000832,CUST00159,TXN0004354,2026-06-30,Transaction Dispute,Medium,Resolved,22.0,False,Email,I do not recognize this transaction.,False,False,False,False
CASE000833,CUST00933,TXN0000872,2026-02-11,Account Issue,Medium,Open,47.04,True,Branch,I am unable to access my account.,False,False,False,False
CASE000834,CUST00141,TXN0006221,2025-06-09,Refund,High,Open,38.45,True,Email,When will I receive my refund?,False,False,False,False
CASE000835,CUST00594,TXN0001134,2025-04-24,Card Issue,Low,Resolved,46.9,True,Phone,My card transaction is not working.,False,False,False,False
CASE000836,CUST01026,TXN0006513,2025-04-14,Payment Failure,Medium,In Progress,20.66,False,Chat,My payment failed and the amount was deducted.,False,False,False,False
CASE000837,CUST00679,TXN0001798,2026-07-07,General Enquiry,High,Resolved,11.47,False,Email,I need information about my account.,False,False,False,False
CASE000838,CUST00458,TXN0006039,2025-05-28,Account Issue,Medium,Open,18.21,False,App,I am unable to access my account.,False,False,False,False
CASE000839,CUST00590,TXN0006580,2025-10-30,Transaction Dispute,Medium,In Progress,8.36,False,Branch,I do not recognize this transaction.,False,False,False,False
CASE000840,CUST00709,TXN0001119,2026-04-07,Card Issue,Medium,Resolved,6.76,False,Email,My card transaction is not working.,False,False,False,False
CASE000841,CUST00976,TXN0000696,2025-01-23,Account Issue,High,Resolved,15.73,False,Email,I am unable to access my account.,False,False,False,False
CASE000842,CUST00417,TXN0006742,2025-03-13,Card Issue,Medium,Resolved,17.4,False,Phone,My card transaction is not working.,False,False,False,False
CASE000843,CUST00875,TXN0002860,2026-07-19,General Enquiry,Medium,Resolved,7.99,False,App,I need information about my account.,False,False,False,False
CASE000844,CUST01059,TXN0001168,2025-12-23,Account Issue,Low,Resolved,19.74,False,App,I am unable to access my account.,False,False,False,False
CASE000845,CUST01158,TXN0002235,2026-09-27,Refund,Low,Escalated,7.01,False,Phone,When will I receive my refund?,False,False,False,False
CASE000846,CUST00615,TXN0001914,2025-10-13,KYC,Medium,In Progress,10.35,False,App,I need help updating my KYC documents.,False,False,False,False
CASE000847,CUST00612,TXN0006981,2026-01-24,Account Issue,Medium,In Progress,24.65,True,Branch,I am unable to access my account.,False,False,False,False
CASE000848,CUST00922,TXN0002878,2025-06-25,Account Issue,Low,Open,22.36,False,Chat,I am unable to access my account.,False,False,False,False
CASE000849,CUST00126,TXN0002102,2026-02-17,Payment Failure,Medium,In Progress,36.65,True,Phone,My payment failed and the amount was deducted.,False,False,False,False
CASE000850,CUST00975,TXN0001065,2026-05-25,Refund,Low,Resolved,8.87,False,App,When will I receive my refund?,False,False,False,False
CASE000851,CUST01014,TXN0000238,2025-02-08,Account Issue,Medium,Resolved,2.7,False,Phone,I am unable to access my account.,False,False,False,False
CASE000852,CUST00535,TXN0006480,2025-07-12,KYC,Medium,Open,42.37,True,Branch,I need help updating my KYC documents.,False,False,False,False
CASE000853,CUST00978,TXN0004179,2026-02-08,General Enquiry,High,Open,19.14,False,Branch,I need information about my account.,False,False,False,False
CASE000854,CUST00229,TXN0001548,2025-07-02,Card Issue,Medium,Escalated,13.84,False,Phone,My card transaction is not working.,False,False,False,False
CASE000855,CUST00768,TXN0004219,2026-06-25,Transaction Dispute,Low,In Progress,34.76,True,Chat,I do not recognize this transaction.,False,False,False,False
CASE000856,CUST00755,TXN0002291,2026-07-30,Refund,High,Escalated,11.56,False,App,When will I receive my refund?,False,False,False,False
CASE000857,CUST00245,TXN0004552,2026-04-14,Transaction Dispute,Medium,In Progress,4.04,False,Chat,I do not recognize this transaction.,False,False,False,False
CASE000858,CUST00090,TXN0006131,2025-09-27,General Enquiry,Medium,In Progress,11.42,False,Branch,I need information about my account.,False,False,False,False
CASE000859,CUST00374,TXN0005759,2025-04-28,Transaction Dispute,Medium,In Progress,5.47,False,Chat,I do not recognize this transaction.,False,False,False,False
CASE000860,CUST00559,TXN0004041,2025-01-10,Refund,Low,Escalated,13.2,False,App,When will I receive my refund?,False,False,False,False
CASE000861,CUST00516,TXN0001603,2025-03-05,Transaction Dispute,High,In Progress,25.28,True,Chat,I do not recognize this transaction.,False,False,False,False
CASE000862,CUST01125,TXN0001068,2025-05-06,KYC,High,In Progress,5.62,False,Chat,I need help updating my KYC documents.,False,False,False,False
CASE000863,CUST00701,TXN0002771,2026-02-01,Card Issue,Medium,Resolved,18.17,False,Phone,My card transaction is not working.,False,False,False,False
CASE000864,CUST01150,TXN0000519,2025-06-24,Transaction Dispute,Medium,Resolved,21.89,False,Chat,I do not recognize this transaction.,False,False,False,False
CASE000865,CUST01088,TXN0000531,2025-08-21,Payment Failure,Low,Resolved,8.09,False,App,My payment failed and the amount was deducted.,False,False,False,False
CASE000866,CUST01058,TXN0005906,2026-04-02,KYC,High,Resolved,21.16,False,Chat,I need help updating my KYC documents.,False,False,False,False
CASE000867,CUST00960,TXN0002385,2025-08-17,Account Issue,Medium,Resolved,10.29,False,App,I am unable to access my account.,False,False,False,False
CASE000868,CUST00545,TXN0004088,2025-10-11,General Enquiry,Low,In Progress,7.47,False,Email,I need information about my account.,False,False,False,False
CASE000869,CUST00621,TXN0002328,2025-11-22,General Enquiry,High,Resolved,22.91,False,Phone,I need information about my account.,False,False,False,False
CASE000870,CUST00522,TXN0002990,2026-07-04,Refund,Medium,Resolved,28.7,True,Email,When will I receive my refund?,False,False,False,False
CASE000871,CUST00096,TXN0001391,2025-01-09,Transaction Dispute,High,Open,38.23,True,Chat,I do not recognize this transaction.,False,False,False,False
CASE000872,CUST00654,TXN0006625,2025-07-05,Refund,Low,Resolved,10.47,False,Chat,Not Provided,False,True,False,False
CASE000873,CUST00627,TXN0002643,2025-05-09,Refund,High,In Progress,24.39,True,Chat,When will I receive my refund?,False,False,False,False
CASE000874,CUST00397,TXN0002305,2026-09-23,Payment Failure,Low,Resolved,11.61,False,Chat,My payment failed and the amount was deducted.,False,False,False,False
CASE000875,CUST00996,TXN0006765,2026-05-17,Payment Failure,Medium,Resolved,31.71,True,Chat,My payment failed and the amount was deducted.,False,False,False,False
CASE000876,CUST01061,TXN0002763,2025-02-19,Card Issue,Medium,Resolved,25.63,True,Branch,My card transaction is not working.,False,False,False,False
CASE000877,CUST00090,TXN0006537,2025-06-03,Payment Failure,Medium,In Progress,39.11,True,Branch,My payment failed and the amount was deducted.,False,False,False,False
CASE000878,CUST00002,TXN0001893,2026-07-05,Card Issue,Unknown,Resolved,10.27,False,App,My card transaction is not working.,True,False,False,False
CASE000879,CUST01074,TXN0005179,2025-12-24,KYC,Medium,Resolved,17.59,False,Phone,I need help updating my KYC documents.,False,False,False,False
CASE000880,CUST01050,TXN0002689,2025-10-13,Transaction Dispute,Medium,In Progress,14.95,False,Email,I do not recognize this transaction.,False,False,False,False
CASE000881,CUST00021,TXN0006026,2026-08-31,Account Issue,High,Resolved,13.2,False,Email,I am unable to access my account.,False,False,False,False
CASE000882,CUST00842,TXN0002554,2025-08-10,KYC,High,In Progress,7.69,False,Chat,I need help updating my KYC documents.,False,False,False,False
CASE000883,CUST00788,TXN0004522,2026-04-28,Transaction Dispute,Medium,Resolved,22.47,False,Phone,I do not recognize this transaction.,False,False,False,False
CASE000884,CUST01142,TXN0000125,2025-04-30,Transaction Dispute,Medium,Open,14.66,False,App,I do not recognize this transaction.,False,False,False,False
CASE000885,CUST00402,TXN0001449,2026-06-13,KYC,Medium,Resolved,24.28,True,Branch,I need help updating my KYC documents.,False,False,False,False
CASE000886,CUST00257,TXN0000231,2025-06-10,KYC,High,Resolved,3.07,False,Email,I need help updating my KYC documents.,False,False,False,False
CASE000887,CUST00333,TXN0000500,2026-09-23,Payment Failure,Medium,Resolved,36.62,True,Chat,My payment failed and the amount was deducted.,False,False,False,False
CASE000888,CUST00606,TXN0000937,2026-03-06,Payment Failure,High,Resolved,17.68,False,Chat,My payment failed and the amount was deducted.,False,False,False,False
CASE000889,CUST00847,TXN0006576,2026-04-20,Refund,Low,Resolved,9.93,False,Email,When will I receive my refund?,False,False,False,False
CASE000890,CUST00554,TXN0005948,2025-03-22,Transaction Dispute,Medium,In Progress,7.25,False,Email,I do not recognize this transaction.,False,False,False,False
CASE000891,CUST01070,TXN0003968,2025-06-01,Card Issue,Medium,Resolved,5.81,False,Chat,My card transaction is not working.,False,False,False,False
CASE000892,CUST00832,TXN0005746,2025-02-11,KYC,Critical,Open,19.05,False,Email,I need help updating my KYC documents.,False,False,False,False
CASE000893,CUST00191,TXN0002979,2025-12-11,Card Issue,Medium,Resolved,25.15,True,App,My card transaction is not working.,False,False,False,False
CASE000894,CUST01109,TXN0002916,2026-07-17,Refund,High,In Progress,12.2,False,App,When will I receive my refund?,False,False,False,False
CASE000895,CUST00852,TXN0002582,2026-06-05,Transaction Dispute,Medium,Resolved,14.16,False,Branch,I do not recognize this transaction.,False,False,False,False
CASE000896,CUST00325,TXN0002081,2025-02-19,KYC,Medium,Resolved,47.3,True,App,I need help updating my KYC documents.,False,False,False,False
CASE000897,CUST00973,TXN0005249,2025-11-11,General Enquiry,High,Resolved,6.09,False,Chat,I need information about my account.,False,False,False,False
CASE000898,CUST00454,TXN0004075,2026-08-22,Card Issue,Low,Resolved,6.12,False,Branch,My card transaction is not working.,False,False,False,False
CASE000899,CUST01194,TXN0006062,2026-08-31,General Enquiry,Low,Open,2.65,False,Chat,I need information about my account.,False,False,False,False
CASE000900,CUST00986,TXN0005460,2025-12-06,General Enquiry,High,Resolved,17.63,False,Branch,I need information about my account.,False,False,False,False
CASE000901,CUST00479,TXN0004155,2026-01-15,Card Issue,Medium,Resolved,36.48,True,Email,My card transaction is not working.,False,False,False,False
CASE000902,CUST01083,TXN0001212,2026-01-30,Card Issue,Low,In Progress,,False,Phone,My card transaction is not working.,False,False,False,True
CASE000903,CUST00256,TXN0001642,2025-12-13,Card Issue,High,In Progress,22.88,False,Branch,My card transaction is not working.,False,False,False,False
CASE000904,CUST00670,TXN0001624,2025-09-06,Card Issue,Medium,Resolved,4.79,False,Branch,My card transaction is not working.,False,False,False,False
CASE000905,CUST00943,TXN0006637,2025-08-02,Account Issue,Low,In Progress,9.79,False,Phone,I am unable to access my account.,False,False,False,False
CASE000906,CUST00664,TXN0001235,2026-08-01,General Enquiry,Medium,Resolved,29.76,True,App,I need information about my account.,False,False,False,False
CASE000907,CUST00520,TXN0003875,2026-05-05,Card Issue,Low,Resolved,15.31,False,Chat,My card transaction is not working.,False,False,False,False
CASE000908,CUST00488,TXN0000217,2025-01-29,Account Issue,Medium,In Progress,8.96,False,Phone,I am unable to access my account.,False,False,False,False
CASE000909,CUST01185,TXN0002034,2025-08-19,Account Issue,Medium,In Progress,8.38,False,App,I am unable to access my account.,False,False,False,False
CASE000910,CUST00120,TXN0000929,2025-04-13,Transaction Dispute,Low,Resolved,12.41,False,Phone,I do not recognize this transaction.,False,False,False,False
CASE000911,CUST00965,TXN0001470,2025-10-21,KYC,High,Open,12.53,False,Branch,I need help updating my KYC documents.,False,False,False,False
CASE000912,CUST01002,TXN0000725,2025-09-16,General Enquiry,Medium,Resolved,11.29,False,Email,I need information about my account.,False,False,False,False
CASE000913,CUST01199,TXN0005221,2025-08-23,Card Issue,Low,Open,23.56,False,Branch,My card transaction is not working.,False,False,False,False
CASE000914,CUST01194,TXN0001184,2025-05-20,KYC,Low,Resolved,22.59,False,Chat,I need help updating my KYC documents.,False,False,False,False
CASE000915,CUST00997,TXN0001011,2025-12-25,Payment Failure,High,Open,9.67,False,Chat,My payment failed and the amount was deducted.,False,False,False,False
CASE000916,CUST00195,TXN0001075,2026-06-08,Card Issue,Low,Open,31.8,True,Email,My card transaction is not working.,False,False,False,False
CASE000917,CUST00300,TXN0001298,2025-09-07,Account Issue,Low,Resolved,3.55,False,Email,I am unable to access my account.,False,False,False,False
CASE000918,CUST00963,TXN0003210,2025-12-03,Transaction Dispute,Medium,Resolved,21.5,False,Branch,I do not recognize this transaction.,False,False,False,False
CASE000919,CUST00685,TXN0003184,2025-02-17,Card Issue,High,Resolved,16.68,False,App,My card transaction is not working.,False,False,False,False
CASE000920,CUST00061,TXN0002243,2025-12-30,General Enquiry,Critical,Resolved,24.12,True,Email,I need information about my account.,False,False,False,False
CASE000921,CUST00978,TXN0003999,2026-01-05,Payment Failure,Medium,Resolved,14.6,False,Email,My payment failed and the amount was deducted.,False,False,False,False
CASE000922,CUST00505,TXN0006985,2025-10-12,Account Issue,High,Resolved,9.8,False,Chat,I am unable to access my account.,False,False,False,False
CASE000923,CUST01150,TXN0003680,2026-02-20,Account Issue,Low,Resolved,10.85,False,Chat,I am unable to access my account.,False,False,False,False
CASE000924,CUST00808,TXN0002228,2025-11-21,General Enquiry,Medium,Resolved,13.5,False,Chat,I need information about my account.,False,False,False,False
CASE000925,CUST00444,TXN0005989,2025-07-09,Transaction Dispute,Low,In Progress,18.56,False,Phone,I do not recognize this transaction.,False,False,False,False
CASE000926,CUST00414,TXN0006513,2025-12-16,Transaction Dispute,High,Resolved,25.07,True,Chat,I do not recognize this transaction.,False,False,False,False
CASE000927,CUST00388,TXN0005351,2025-10-06,Refund,Low,Resolved,6.64,False,Branch,When will I receive my refund?,False,False,False,False
CASE000928,CUST00154,TXN0004405,2025-12-28,Transaction Dispute,Low,Resolved,25.86,True,Phone,I do not recognize this transaction.,False,False,False,False
CASE000929,CUST00551,TXN0005042,2025-08-17,Transaction Dispute,High,Resolved,42.87,True,Phone,I do not recognize this transaction.,False,False,False,False
CASE000930,CUST00396,TXN0003554,2025-08-08,Card Issue,Medium,In Progress,4.45,False,Branch,My card transaction is not working.,False,False,False,False
CASE000931,CUST00926,TXN0005456,2025-09-01,Card Issue,Medium,Escalated,57.04,True,Email,My card transaction is not working.,False,False,False,False
CASE000932,CUST00825,TXN0003507,2025-10-23,Payment Failure,High,Resolved,15.89,False,Phone,My payment failed and the amount was deducted.,False,False,False,False
CASE000933,CUST00522,TXN0002310,2025-02-05,Payment Failure,Medium,Escalated,2.73,False,Branch,My payment failed and the amount was deducted.,False,False,False,False
CASE000934,CUST00022,TXN0006310,2026-05-01,KYC,High,Open,25.15,True,Chat,I need help updating my KYC documents.,False,False,False,False
CASE000935,CUST01014,TXN0001082,2026-02-25,Transaction Dispute,Medium,Resolved,8.29,False,Email,I do not recognize this transaction.,False,False,False,False
CASE000936,CUST00147,TXN0005794,2025-11-12,Payment Failure,High,Resolved,32.4,True,Branch,My payment failed and the amount was deducted.,False,False,False,False
CASE000937,CUST01131,TXN0000364,2026-09-17,General Enquiry,Low,Resolved,29.4,True,App,I need information about my account.,False,False,False,False
CASE000938,CUST00928,TXN0005898,2026-05-02,Card Issue,Medium,In Progress,10.98,False,App,My card transaction is not working.,False,False,False,False
CASE000939,CUST00312,TXN0002444,2026-02-26,Refund,Medium,In Progress,10.16,False,Chat,When will I receive my refund?,False,False,False,False
CASE000940,CUST00656,TXN0000288,2025-06-19,General Enquiry,High,Resolved,52.36,True,Email,I need information about my account.,False,False,False,False
CASE000941,CUST01095,TXN0003394,2025-08-04,Refund,Medium,Open,18.08,False,Chat,When will I receive my refund?,False,False,False,False
CASE000942,CUST00031,TXN0000326,2026-07-16,Account Issue,Medium,Open,10.92,False,App,I am unable to access my account.,False,False,False,False
CASE000943,CUST00099,TXN0004808,2025-12-29,Payment Failure,Low,Resolved,2.95,False,App,My payment failed and the amount was deducted.,False,False,False,False
CASE000944,CUST00685,TXN0000690,2025-11-25,Transaction Dispute,Unknown,Resolved,2.04,False,Phone,I do not recognize this transaction.,True,False,False,False
CASE000945,CUST00018,TXN0005084,2025-10-01,Card Issue,Medium,Open,,False,App,My card transaction is not working.,False,False,False,True
CASE000946,CUST01162,TXN0002306,2025-02-14,General Enquiry,Critical,In Progress,27.42,True,Email,I need information about my account.,False,False,False,False
CASE000947,CUST00131,TXN0002539,2026-03-10,General Enquiry,Critical,Resolved,19.07,False,Phone,I need information about my account.,False,False,False,False
CASE000948,CUST01145,TXN0006094,2025-09-12,Account Issue,Low,Resolved,14.97,False,App,I am unable to access my account.,False,False,False,False
CASE000949,CUST00053,TXN0003181,2025-06-04,Transaction Dispute,Low,Resolved,29.35,True,App,I do not recognize this transaction.,False,False,False,False
CASE000950,CUST00717,TXN0005984,2026-08-07,Refund,Medium,Resolved,20.43,False,Chat,When will I receive my refund?,False,False,False,False
CASE000951,CUST01065,TXN0006837,2025-08-27,Transaction Dispute,Low,In Progress,7.66,False,App,I do not recognize this transaction.,False,False,False,False
CASE000952,CUST00333,TXN0005064,2026-06-11,KYC,Medium,Resolved,5.81,False,Email,I need help updating my KYC documents.,False,False,False,False
CASE000953,CUST00845,TXN0004982,2025-01-13,Card Issue,Medium,Resolved,14.57,False,Branch,My card transaction is not working.,False,False,False,False
CASE000954,CUST01038,TXN0004068,2026-04-17,Account Issue,Medium,Resolved,7.31,False,Phone,I am unable to access my account.,False,False,False,False
CASE000955,CUST00584,TXN0006917,2025-02-06,Card Issue,Medium,Escalated,2.28,False,Chat,Not Provided,False,True,False,False
CASE000956,CUST00237,TXN0002415,2026-02-16,Payment Failure,Medium,Resolved,10.4,False,Email,My payment failed and the amount was deducted.,False,False,False,False
CASE000957,CUST00699,TXN0003952,2025-12-25,Payment Failure,Unknown,In Progress,39.59,True,App,My payment failed and the amount was deducted.,True,False,False,False
CASE000958,CUST00544,TXN0001943,2025-03-07,Card Issue,High,Resolved,12.91,False,Branch,My card transaction is not working.,False,False,False,False
CASE000959,CUST01038,TXN0006816,2025-09-26,General Enquiry,Medium,Resolved,14.96,False,Email,I need information about my account.,False,False,False,False
CASE000960,CUST00262,TXN0005180,2025-12-22,Account Issue,Medium,Resolved,23.33,False,Email,I am unable to access my account.,False,False,False,False
CASE000961,CUST00390,TXN0001668,2025-05-27,Card Issue,Low,Resolved,14.44,False,Branch,My card transaction is not working.,False,False,False,False
CASE000962,CUST00535,TXN0001938,2025-07-01,Account Issue,High,In Progress,18.56,False,Chat,I am unable to access my account.,False,False,False,False
CASE000963,CUST00169,TXN0002946,2025-02-10,Transaction Dispute,Low,In Progress,27.59,True,Phone,Not Provided,False,True,False,False
CASE000964,CUST00402,TXN0002016,2026-06-12,Refund,Medium,Open,22.14,False,Phone,When will I receive my refund?,False,False,False,False
CASE000965,CUST00424,TXN0002291,2026-04-09,Refund,Medium,Open,10.49,False,Email,When will I receive my refund?,False,False,False,False
CASE000966,CUST00161,TXN0006574,2026-08-03,Card Issue,Low,Open,14.8,False,Chat,My card transaction is not working.,False,False,False,False
CASE000967,CUST00209,TXN0000653,2026-07-24,General Enquiry,Medium,Resolved,12.37,False,Chat,I need information about my account.,False,False,False,False
CASE000968,CUST00938,TXN0003400,2025-12-15,Account Issue,Medium,Resolved,9.36,False,Chat,I am unable to access my account.,False,False,False,False
CASE000969,CUST00555,TXN0003145,2025-01-18,Card Issue,Low,Open,21.09,False,Email,My card transaction is not working.,False,False,False,False
CASE000970,CUST00793,TXN0005977,2025-12-10,KYC,High,Resolved,16.88,False,Email,I need help updating my KYC documents.,False,False,False,False
CASE000971,CUST00076,TXN0003610,2025-06-25,Transaction Dispute,High,Resolved,20.82,False,Chat,I do not recognize this transaction.,False,False,False,False
CASE000972,CUST00913,TXN0004215,2026-08-11,Refund,Critical,In Progress,14.36,False,Phone,When will I receive my refund?,False,False,False,False
CASE000973,CUST00408,TXN0003768,2025-10-04,Payment Failure,Low,Resolved,7.92,False,Email,My payment failed and the amount was deducted.,False,False,False,False
CASE000974,CUST00191,TXN0001504,2026-09-12,Refund,Medium,Resolved,5.08,False,Email,When will I receive my refund?,False,False,False,False
CASE000975,CUST00951,TXN0000916,2025-05-29,Account Issue,High,In Progress,23.88,False,Chat,I am unable to access my account.,False,False,False,False
CASE000976,CUST00700,TXN0001444,2025-04-18,Transaction Dispute,Low,Resolved,12.43,False,App,I do not recognize this transaction.,False,False,False,False
CASE000977,CUST00781,TXN0006509,2025-03-10,Payment Failure,Medium,In Progress,,False,Email,My payment failed and the amount was deducted.,False,False,False,True
CASE000978,CUST01169,TXN0000311,2025-01-08,KYC,Medium,Resolved,5.57,False,Branch,I need help updating my KYC documents.,False,False,False,False
CASE000979,CUST00487,TXN0002326,2025-08-27,Payment Failure,Medium,Resolved,65.38,True,Email,My payment failed and the amount was deducted.,False,False,False,False
CASE000980,CUST00523,TXN0003606,2026-07-17,Transaction Dispute,Medium,Resolved,16.78,False,Email,I do not recognize this transaction.,False,False,False,False
CASE000981,CUST00346,TXN0000593,2025-06-29,Payment Failure,Low,In Progress,21.94,False,Email,My payment failed and the amount was deducted.,False,False,False,False
CASE000982,CUST00761,TXN0005898,2026-05-23,KYC,Low,Resolved,29.4,True,Branch,Not Provided,False,True,False,False
CASE000983,CUST01024,TXN0005511,2026-06-20,Account Issue,Medium,Resolved,17.61,False,App,I am unable to access my account.,False,False,False,False
CASE000984,CUST00035,TXN0003552,2025-11-18,Refund,Medium,In Progress,20.38,False,Phone,When will I receive my refund?,False,False,False,False
CASE000985,CUST00153,TXN0000621,2026-05-14,Payment Failure,High,Resolved,4.03,False,Branch,My payment failed and the amount was deducted.,False,False,False,False
CASE000986,CUST01150,TXN0000722,2026-06-29,Transaction Dispute,Low,Open,9.8,False,Email,I do not recognize this transaction.,False,False,False,False
CASE000987,CUST00841,TXN0003026,2025-12-23,General Enquiry,Medium,Open,4.19,False,Phone,I need information about my account.,False,False,False,False
CASE000988,CUST00057,TXN0006018,2025-06-08,Transaction Dispute,Medium,Open,10.14,False,App,I do not recognize this transaction.,False,False,False,False
CASE000989,CUST00621,TXN0005893,2025-05-26,General Enquiry,High,Resolved,4.5,False,Email,I need information about my account.,False,False,False,False
CASE000990,CUST00279,TXN0001811,2025-09-28,General Enquiry,Medium,Resolved,12.51,False,App,I need information about my account.,False,False,False,False
CASE000991,CUST00085,TXN0000585,2025-01-01,KYC,Low,Resolved,4.72,False,Branch,I need help updating my KYC documents.,False,False,False,False
CASE000992,CUST00874,TXN0000537,2025-01-05,Card Issue,High,Escalated,19.05,False,Phone,My card transaction is not working.,False,False,False,False
CASE000993,CUST00360,TXN0002001,2025-08-24,Payment Failure,Medium,Open,8.69,False,Branch,My payment failed and the amount was deducted.,False,False,False,False
CASE000994,CUST00264,TXN0000233,2025-10-27,Refund,Medium,Resolved,10.57,False,Chat,When will I receive my refund?,False,False,False,False
CASE000995,CUST00975,TXN0003428,2025-01-07,Account Issue,Medium,In Progress,,True,Email,I am unable to access my account.,False,False,False,True
CASE000996,CUST00979,TXN0001250,2026-04-13,Account Issue,High,Resolved,30.87,True,Email,I am unable to access my account.,False,False,False,False
CASE000997,CUST01057,TXN0004741,2026-06-30,KYC,Low,Resolved,6.89,False,App,I need help updating my KYC documents.,False,False,False,False
CASE000998,CUST00606,TXN0002985,2025-06-29,Transaction Dispute,Medium,Resolved,17.62,False,Chat,I do not recognize this transaction.,False,False,False,False
CASE000999,CUST01127,TXN0004767,2026-09-19,Account Issue,Medium,Resolved,5.33,False,Branch,I am unable to access my account.,False,False,False,False
CASE001000,CUST00279,TXN0001360,2025-08-15,KYC,Medium,In Progress,17.46,False,App,I need help updating my KYC documents.,False,False,False,False
CASE001001,CUST00032,TXN0005715,2026-06-28,Transaction Dispute,Low,Open,8.52,False,App,I do not recognize this transaction.,False,False,False,False
CASE001002,CUST00883,TXN0005968,2026-02-02,General Enquiry,Low,Resolved,14.75,False,Phone,I need information about my account.,False,False,False,False
CASE001003,CUST01183,TXN0002775,2026-03-26,Card Issue,High,Resolved,13.38,False,Branch,My card transaction is not working.,False,False,False,False
CASE001004,CUST00613,TXN0001561,2025-09-03,Account Issue,High,Open,16.52,False,Chat,I am unable to access my account.,False,False,False,False
CASE001005,CUST00162,TXN0006638,2025-10-03,Card Issue,Medium,Resolved,12.95,False,Email,My card transaction is not working.,False,False,False,False
CASE001006,CUST00315,TXN0000533,2026-05-23,KYC,Medium,Open,19.26,False,Chat,I need help updating my KYC documents.,False,False,False,False
CASE001007,CUST00130,TXN0002694,2026-08-27,Transaction Dispute,High,Resolved,5.47,False,Chat,I do not recognize this transaction.,False,False,False,False
CASE001008,CUST00525,TXN0001765,2026-06-15,Transaction Dispute,Medium,Open,5.94,False,Branch,I do not recognize this transaction.,False,False,False,False
CASE001009,CUST01009,TXN0000146,2025-09-26,Transaction Dispute,Medium,Resolved,3.94,False,Branch,I do not recognize this transaction.,False,False,False,False
CASE001010,CUST00659,TXN0003525,2025-05-31,Transaction Dispute,Medium,In Progress,20.93,False,Phone,I do not recognize this transaction.,False,False,False,False
CASE001011,CUST00529,TXN0002039,2026-07-26,Refund,High,Resolved,17.22,False,App,When will I receive my refund?,False,False,False,False
CASE001012,CUST00199,TXN0005802,2025-04-29,Card Issue,High,In Progress,9.31,False,Chat,My card transaction is not working.,False,False,False,False
CASE001013,CUST00260,TXN0006097,2026-03-21,Refund,Medium,Open,25.46,True,Email,When will I receive my refund?,False,False,False,False
CASE001014,CUST01129,TXN0004105,2026-06-11,Refund,Medium,Resolved,24.48,True,Branch,When will I receive my refund?,False,False,False,False
CASE001015,CUST00631,TXN0001418,2026-07-31,General Enquiry,Low,Open,27.72,True,Email,I need information about my account.,False,False,False,False
CASE001016,CUST00499,TXN0001808,2026-02-09,Account Issue,High,Resolved,8.12,False,Phone,I am unable to access my account.,False,False,False,False
CASE001017,CUST00151,TXN0006602,2026-06-07,General Enquiry,Low,Resolved,9.71,False,Chat,I need information about my account.,False,False,False,False
CASE001018,CUST00661,TXN0001542,2026-07-16,Account Issue,Low,Resolved,9.51,False,Chat,I am unable to access my account.,False,False,False,False
CASE001019,CUST01037,TXN0002673,2025-09-24,Payment Failure,Medium,Resolved,7.76,False,Branch,My payment failed and the amount was deducted.,False,False,False,False
CASE001020,CUST01189,TXN0000509,2025-04-24,KYC,Medium,In Progress,8.21,False,Chat,I need help updating my KYC documents.,False,False,False,False
CASE001021,CUST00464,TXN0000286,2026-01-20,KYC,Medium,In Progress,15.14,False,Branch,I need help updating my KYC documents.,False,False,False,False
CASE001022,CUST00391,TXN0006293,2025-07-27,Account Issue,Medium,Resolved,56.33,True,Branch,I am unable to access my account.,False,False,False,False
CASE001023,CUST00629,TXN0003465,2025-08-15,Transaction Dispute,Low,In Progress,42.61,True,Branch,I do not recognize this transaction.,False,False,False,False
CASE001024,CUST01199,TXN0001610,2025-07-14,Refund,Low,Open,10.2,False,Branch,When will I receive my refund?,False,False,False,False
CASE001025,CUST00874,TXN0002288,2026-07-27,General Enquiry,Low,In Progress,19.22,False,Chat,I need information about my account.,False,False,False,False
CASE001026,CUST01199,TXN0004094,2026-01-27,Account Issue,Medium,Resolved,5.98,False,App,I am unable to access my account.,False,False,False,False
CASE001027,CUST00536,TXN0003763,2025-01-26,Payment Failure,High,In Progress,3.07,False,Branch,My payment failed and the amount was deducted.,False,False,False,False
CASE001028,CUST00364,TXN0006345,2026-06-20,General Enquiry,Low,In Progress,8.73,False,Email,I need information about my account.,False,False,False,False
CASE001029,CUST01051,TXN0002491,2025-07-08,Card Issue,Low,In Progress,15.76,False,App,My card transaction is not working.,False,False,False,False
CASE001030,CUST00398,TXN0004703,2025-12-20,Account Issue,Medium,Resolved,4.96,False,Branch,I am unable to access my account.,False,False,False,False
CASE001031,CUST00702,TXN0005469,2026-07-02,Payment Failure,Medium,Resolved,29.72,True,Chat,My payment failed and the amount was deducted.,False,False,False,False
CASE001032,CUST01092,TXN0003162,2025-08-16,Refund,Medium,In Progress,22.67,False,Branch,When will I receive my refund?,False,False,False,False
CASE001033,CUST00255,TXN0001753,2025-08-10,Refund,Medium,Escalated,17.04,False,Chat,When will I receive my refund?,False,False,False,False
CASE001034,CUST00226,TXN0001619,2025-12-15,Refund,Medium,Resolved,20.51,False,Chat,Not Provided,False,True,False,False
CASE001035,CUST01155,TXN0002710,2025-01-17,Transaction Dispute,Medium,Resolved,24.81,True,Email,I do not recognize this transaction.,False,False,False,False
CASE001036,CUST01142,TXN0005537,2025-01-27,KYC,Medium,Resolved,14.24,False,Phone,I need help updating my KYC documents.,False,False,False,False
CASE001037,CUST00319,TXN0003518,2025-05-25,General Enquiry,Medium,In Progress,2.8,False,App,I need information about my account.,False,False,False,False
CASE001038,CUST00081,TXN0005893,2025-04-08,Card Issue,High,In Progress,17.31,False,Email,My card transaction is not working.,False,False,False,False
CASE001039,CUST00620,TXN0000598,2025-02-27,KYC,Low,In Progress,9.64,False,Phone,I need help updating my KYC documents.,False,False,False,False
CASE001040,CUST00170,TXN0003399,2025-12-11,Account Issue,Low,Resolved,14.6,False,Phone,I am unable to access my account.,False,False,False,False
CASE001041,CUST00089,TXN0000631,2025-09-05,Payment Failure,High,In Progress,17.03,False,Chat,My payment failed and the amount was deducted.,False,False,False,False
CASE001042,CUST00391,TXN0004133,2025-08-20,Account Issue,Medium,Resolved,47.58,True,App,I am unable to access my account.,False,False,False,False
CASE001043,CUST00349,TXN0005463,2026-01-07,Payment Failure,Medium,Resolved,11.56,False,Email,My payment failed and the amount was deducted.,False,False,False,False
CASE001044,CUST01178,TXN0001970,2026-03-31,Payment Failure,Medium,Resolved,,False,App,My payment failed and the amount was deducted.,False,False,False,True
CASE001045,CUST00824,TXN0004959,2026-03-23,Card Issue,High,Resolved,38.14,True,Email,My card transaction is not working.,False,False,False,False
CASE001046,CUST00504,TXN0001489,2026-07-06,KYC,Medium,Resolved,14.32,False,Branch,I need help updating my KYC documents.,False,False,False,False
CASE001047,CUST00752,TXN0001280,2026-06-07,General Enquiry,High,In Progress,5.91,False,Chat,I need information about my account.,False,False,False,False
CASE001048,CUST00183,TXN0002813,2025-02-28,Payment Failure,High,In Progress,3.18,False,Email,My payment failed and the amount was deducted.,False,False,False,False
CASE001049,CUST01171,TXN0005195,2026-02-26,Account Issue,Medium,Open,10.86,False,Branch,I am unable to access my account.,False,False,False,False
CASE001050,CUST01103,TXN0006020,2026-03-19,Refund,Medium,In Progress,14.56,False,Phone,When will I receive my refund?,False,False,False,False
CASE001051,CUST00533,TXN0001194,2025-09-14,Card Issue,High,Resolved,6.06,False,App,My card transaction is not working.,False,False,False,False
CASE001052,CUST01081,TXN0000877,2025-06-03,Account Issue,Medium,Resolved,7.82,False,App,I am unable to access my account.,False,False,False,False
CASE001053,CUST00194,TXN0002087,2026-08-17,Card Issue,Medium,Resolved,10.71,False,Phone,My card transaction is not working.,False,False,False,False
CASE001054,CUST00277,TXN0003408,2025-01-27,Card Issue,High,Resolved,14.29,False,App,My card transaction is not working.,False,False,False,False
CASE001055,CUST00220,TXN0006571,2026-04-28,Refund,Medium,Resolved,21.29,False,Chat,When will I receive my refund?,False,False,False,False
CASE001056,CUST00082,TXN0000533,2026-01-26,General Enquiry,Medium,Resolved,9.09,False,Phone,I need information about my account.,False,False,False,False
CASE001057,CUST00807,TXN0006054,2025-03-30,Card Issue,Medium,Escalated,17.03,False,Email,My card transaction is not working.,False,False,False,False
CASE001058,CUST00020,TXN0003722,2026-06-28,General Enquiry,Low,Open,41.83,True,Phone,I need information about my account.,False,False,False,False
CASE001059,CUST01185,TXN0006955,2025-01-07,Transaction Dispute,Medium,Resolved,18.6,False,Email,I do not recognize this transaction.,False,False,False,False
CASE001060,CUST00050,TXN0000645,2025-05-11,General Enquiry,Medium,In Progress,7.77,False,Email,I need information about my account.,False,False,False,False
CASE001061,CUST00866,TXN0005188,2025-02-10,General Enquiry,Low,Open,1.59,False,App,I need information about my account.,False,False,False,False
CASE001062,CUST00705,TXN0001586,2025-01-12,General Enquiry,Medium,In Progress,36.54,True,Chat,I need information about my account.,False,False,False,False
CASE001063,CUST00173,TXN0002000,2025-10-28,Payment Failure,Medium,Open,13.4,False,App,My payment failed and the amount was deducted.,False,False,False,False
CASE001064,CUST01101,TXN0006084,2026-06-06,Refund,Medium,In Progress,9.31,False,Branch,When will I receive my refund?,False,False,False,False
CASE001065,CUST00302,TXN0006567,2026-01-05,Account Issue,Medium,Resolved,7.94,False,App,I am unable to access my account.,False,False,False,False
CASE001066,CUST00633,TXN0003039,2025-10-25,General Enquiry,Medium,Resolved,6.84,False,Phone,I need information about my account.,False,False,False,False
CASE001067,CUST00060,TXN0001891,2025-01-26,Transaction Dispute,Low,Resolved,37.03,True,Phone,I do not recognize this transaction.,False,False,False,False
CASE001068,CUST00932,TXN0004904,2025-07-24,KYC,Medium,Resolved,20.38,False,Email,I need help updating my KYC documents.,False,False,False,False
CASE001069,CUST01039,TXN0005033,2025-05-16,Refund,High,Resolved,9.02,False,Branch,When will I receive my refund?,False,False,False,False
CASE001070,CUST01030,TXN0005304,2025-08-07,Account Issue,Medium,In Progress,15.25,False,Phone,I am unable to access my account.,False,False,False,False
CASE001071,CUST00445,TXN0005596,2025-06-17,KYC,High,In Progress,64.32,True,Email,I need help updating my KYC documents.,False,False,False,False
CASE001072,CUST00447,TXN0001229,2025-08-13,General Enquiry,Medium,In Progress,6.86,False,Email,I need information about my account.,False,False,False,False
CASE001073,CUST00214,TXN0005202,2025-02-19,Card Issue,Medium,Resolved,7.28,False,App,My card transaction is not working.,False,False,False,False
CASE001074,CUST00185,TXN0003634,2026-02-06,Transaction Dispute,Medium,Open,14.85,False,Chat,I do not recognize this transaction.,False,False,False,False
CASE001075,CUST00817,TXN0006246,2025-10-07,KYC,Low,Resolved,4.93,False,Chat,I need help updating my KYC documents.,False,False,False,False
CASE001076,CUST00826,TXN0006954,2026-07-23,Account Issue,Medium,Resolved,27.41,True,Phone,I am unable to access my account.,False,False,False,False
CASE001077,CUST00358,TXN0004143,2026-07-10,Refund,High,Escalated,7.36,False,Chat,When will I receive my refund?,False,False,False,False
CASE001078,CUST00956,TXN0001315,2026-09-04,KYC,Low,Open,16.82,False,Email,I need help updating my KYC documents.,False,False,False,False
CASE001079,CUST01087,TXN0005843,2026-02-01,KYC,High,Open,11.23,False,Chat,I need help updating my KYC documents.,False,False,False,False
CASE001080,CUST00774,TXN0000863,2026-03-21,Refund,Medium,In Progress,,False,App,When will I receive my refund?,False,False,False,True
CASE001081,CUST00844,TXN0006669,2025-11-06,Payment Failure,Medium,Resolved,2.03,False,Chat,My payment failed and the amount was deducted.,False,False,False,False
CASE001082,CUST00602,TXN0003774,2025-11-10,Transaction Dispute,Medium,Resolved,18.72,False,Chat,I do not recognize this transaction.,False,False,False,False
CASE001083,CUST00328,TXN0002572,2026-01-15,Transaction Dispute,High,Resolved,3.97,False,Chat,I do not recognize this transaction.,False,False,False,False
CASE001084,CUST00881,TXN0005267,2025-06-14,Card Issue,Low,Escalated,19.96,False,Branch,My card transaction is not working.,False,False,False,False
CASE001085,CUST01109,TXN0004864,2025-02-13,Payment Failure,Medium,Open,12.43,False,App,My payment failed and the amount was deducted.,False,False,False,False
CASE001086,CUST01121,TXN0001337,2025-09-29,Payment Failure,Medium,Resolved,18.48,False,Chat,My payment failed and the amount was deducted.,False,False,False,False
CASE001087,CUST00761,TXN0004196,2025-08-22,Transaction Dispute,Medium,Resolved,8.72,False,Email,I do not recognize this transaction.,False,False,False,False
CASE001088,CUST00433,TXN0006869,2025-12-03,Transaction Dispute,Medium,In Progress,7.08,False,Phone,I do not recognize this transaction.,False,False,False,False
CASE001089,CUST00911,TXN0004459,2025-04-05,KYC,Medium,Resolved,21.85,False,Email,I need help updating my KYC documents.,False,False,False,False
CASE001090,CUST01172,TXN0001412,2026-03-22,Refund,Medium,Resolved,19.05,False,Chat,When will I receive my refund?,False,False,False,False
CASE001091,CUST00723,TXN0003436,2025-03-13,KYC,Low,Resolved,26.86,True,Email,I need help updating my KYC documents.,False,False,False,False
CASE001092,CUST00181,TXN0001600,2026-02-01,Payment Failure,Medium,In Progress,16.48,False,Branch,My payment failed and the amount was deducted.,False,False,False,False
CASE001093,CUST00609,TXN0006865,2026-05-04,Card Issue,Low,Open,43.79,True,Branch,My card transaction is not working.,False,False,False,False
CASE001094,CUST00825,TXN0005582,2025-08-31,Account Issue,High,Resolved,7.46,False,Branch,I am unable to access my account.,False,False,False,False
CASE001095,CUST00593,TXN0000470,2026-09-24,Transaction Dispute,Medium,Resolved,13.93,False,Email,I do not recognize this transaction.,False,False,False,False
CASE001096,CUST00349,TXN0000216,2026-04-01,Account Issue,High,Open,25.93,True,Email,I am unable to access my account.,False,False,False,False
CASE001097,CUST00295,TXN0001818,2026-06-01,General Enquiry,High,In Progress,,False,Chat,I need information about my account.,False,False,False,True
CASE001098,CUST00804,TXN0006871,2026-07-05,Account Issue,Low,Resolved,17.83,False,Phone,I am unable to access my account.,False,False,False,False
CASE001099,CUST00406,TXN0003862,2025-09-03,Refund,Medium,Resolved,10.51,False,Email,When will I receive my refund?,False,False,False,False
CASE001100,CUST00437,TXN0005941,2026-09-09,Card Issue,Low,Escalated,,False,App,My card transaction is not working.,False,False,True,True
CASE001101,CUST00270,TXN0002429,2025-12-15,Account Issue,Critical,Resolved,5.26,False,App,I am unable to access my account.,False,False,False,False
CASE001102,CUST00015,TXN0005251,2026-09-07,General Enquiry,Medium,Resolved,13.21,False,Branch,I need information about my account.,False,False,False,False
CASE001103,CUST00350,TXN0005052,2026-08-03,Refund,Low,Open,20.47,False,App,When will I receive my refund?,False,False,False,False
CASE001104,CUST00868,TXN0004763,2025-08-05,Payment Failure,Medium,Escalated,49.72,True,App,My payment failed and the amount was deducted.,False,False,False,False
CASE001105,CUST01161,TXN0000336,2026-07-19,Refund,Low,Resolved,48.13,True,App,When will I receive my refund?,False,False,False,False
CASE001106,CUST00549,TXN0006880,2026-08-30,Card Issue,Unknown,In Progress,8.19,False,App,My card transaction is not working.,True,False,False,False
CASE001107,CUST00955,TXN0000526,2025-04-21,General Enquiry,High,Resolved,23.11,False,Chat,I need information about my account.,False,False,False,False
CASE001108,CUST00302,TXN0003733,2025-06-02,KYC,Low,Resolved,2.52,False,Chat,I need help updating my KYC documents.,False,False,False,False
CASE001109,CUST00893,TXN0003296,2025-07-13,KYC,Medium,Open,30.17,True,App,I need help updating my KYC documents.,False,False,False,False
CASE001110,CUST00388,TXN0000107,2025-11-17,Account Issue,Medium,In Progress,6.48,False,Branch,I am unable to access my account.,False,False,False,False
CASE001111,CUST01034,TXN0001730,2026-04-06,Refund,Low,Open,3.38,False,Email,When will I receive my refund?,False,False,False,False
CASE001112,CUST00280,TXN0005093,2026-09-05,Account Issue,Low,Resolved,3.3,False,Email,I am unable to access my account.,False,False,False,False
CASE001113,CUST00449,TXN0004959,2026-04-17,Card Issue,Medium,In Progress,13.22,False,Email,My card transaction is not working.,False,False,False,False
CASE001114,CUST01040,TXN0002842,2025-11-18,Transaction Dispute,Critical,Open,8.29,False,Phone,I do not recognize this transaction.,False,False,False,False
CASE001115,CUST00078,TXN0000273,2026-08-21,KYC,Medium,Resolved,19.04,False,Phone,I need help updating my KYC documents.,False,False,False,False
CASE001116,CUST00850,TXN0006458,2026-06-18,Refund,Medium,Open,3.99,False,Chat,When will I receive my refund?,False,False,False,False
CASE001117,CUST00018,TXN0006225,2026-03-31,Payment Failure,Medium,In Progress,1.58,False,Phone,My payment failed and the amount was deducted.,False,False,False,False
CASE001118,CUST00424,TXN0005780,2026-04-19,Refund,High,In Progress,21.16,False,Email,When will I receive my refund?,False,False,False,False
CASE001119,CUST00378,TXN0004406,2025-09-11,General Enquiry,Medium,In Progress,6.71,False,App,I need information about my account.,False,False,False,False
CASE001120,CUST00408,TXN0001558,2025-12-03,Card Issue,Low,In Progress,11.34,False,Chat,My card transaction is not working.,False,False,False,False
CASE001121,CUST00838,TXN0002856,2025-04-23,Card Issue,Low,In Progress,11.14,False,Email,My card transaction is not working.,False,False,False,False
CASE001122,CUST00923,TXN0003639,2025-11-15,Account Issue,High,Open,,False,Email,I am unable to access my account.,False,False,False,True
CASE001123,CUST00456,TXN0004867,2025-08-17,Transaction Dispute,Low,Open,16.65,False,Chat,I do not recognize this transaction.,False,False,False,False
CASE001124,CUST01035,TXN0003185,2025-05-13,Payment Failure,Medium,Resolved,20.22,False,App,My payment failed and the amount was deducted.,False,False,False,False
CASE001125,CUST01098,TXN0005537,2025-07-28,Payment Failure,Medium,Open,29.29,True,Email,My payment failed and the amount was deducted.,False,False,False,False
CASE001126,CUST00324,TXN0003894,2026-09-14,Payment Failure,Medium,Escalated,8.6,False,Email,My payment failed and the amount was deducted.,False,False,False,False
CASE001127,CUST00390,TXN0000971,2025-10-06,Payment Failure,High,Open,23.47,False,Phone,My payment failed and the amount was deducted.,False,False,False,False
CASE001128,CUST00397,TXN0001483,2025-07-11,Account Issue,High,In Progress,19.28,False,Chat,I am unable to access my account.,False,False,False,False
CASE001129,CUST00044,TXN0000619,2026-06-24,General Enquiry,Medium,Resolved,15.73,False,Email,I need information about my account.,False,False,False,False
CASE001130,CUST00167,TXN0001553,2025-10-19,Account Issue,Low,Resolved,10.55,False,App,I am unable to access my account.,False,False,False,False
CASE001131,CUST00683,TXN0003173,2026-03-16,Account Issue,Medium,Resolved,40.93,True,Branch,I am unable to access my account.,False,False,False,False
CASE001132,CUST00293,TXN0003151,2026-09-13,General Enquiry,Low,Escalated,14.64,False,App,I need information about my account.,False,False,False,False
CASE001133,CUST01118,TXN0001457,2026-03-30,KYC,Low,Escalated,25.64,True,App,I need help updating my KYC documents.,False,False,False,False
CASE001134,CUST00088,TXN0006142,2025-09-29,KYC,Low,Escalated,13.69,False,Phone,I need help updating my KYC documents.,False,False,False,False
CASE001135,CUST00646,TXN0002685,2025-08-29,Account Issue,Medium,In Progress,34.49,True,Phone,I am unable to access my account.,False,False,False,False
CASE001136,CUST00377,TXN0002993,2025-03-17,KYC,Medium,Resolved,11.72,False,Phone,I need help updating my KYC documents.,False,False,False,False
CASE001137,CUST01149,TXN0006174,2025-04-10,KYC,Low,Open,18.9,False,Phone,I need help updating my KYC documents.,False,False,False,False
CASE001138,CUST00504,TXN0006783,2025-01-24,KYC,Low,Open,29.55,True,Chat,I need help updating my KYC documents.,False,False,False,False
CASE001139,CUST00642,TXN0004963,2026-02-13,Account Issue,High,Resolved,33.22,True,Phone,I am unable to access my account.,False,False,False,False
CASE001140,CUST00567,TXN0000200,2025-07-12,Card Issue,Medium,Resolved,5.83,False,Phone,My card transaction is not working.,False,False,False,False
CASE001141,CUST01049,TXN0004670,2026-06-10,Refund,Medium,Escalated,8.8,False,Branch,When will I receive my refund?,False,False,False,False
CASE001142,CUST00173,TXN0002655,2025-07-10,Payment Failure,Low,In Progress,41.9,True,Phone,My payment failed and the amount was deducted.,False,False,False,False
CASE001143,CUST00704,TXN0003604,2026-01-21,Payment Failure,Low,In Progress,3.44,False,Chat,My payment failed and the amount was deducted.,False,False,False,False
CASE001144,CUST00720,TXN0006714,2025-05-08,Card Issue,Low,In Progress,3.26,False,Email,My card transaction is not working.,False,False,False,False
CASE001145,CUST00175,TXN0003065,2025-09-03,Account Issue,Low,Resolved,8.81,False,Branch,I am unable to access my account.,False,False,False,False
CASE001146,CUST01051,TXN0002596,2026-02-18,General Enquiry,Low,Resolved,14.78,False,App,I need information about my account.,False,False,False,False
CASE001147,CUST00293,TXN0006013,2025-07-17,KYC,Medium,In Progress,19.01,False,App,I need help updating my KYC documents.,False,False,False,False
CASE001148,CUST00833,TXN0005915,2025-09-21,Payment Failure,Medium,In Progress,18.38,False,App,My payment failed and the amount was deducted.,False,False,False,False
CASE001149,CUST00751,TXN0003213,2025-04-22,Transaction Dispute,Medium,Escalated,28.87,True,Email,I do not recognize this transaction.,False,False,False,False
CASE001150,CUST00431,TXN0004371,2025-05-17,General Enquiry,Medium,In Progress,3.4,False,Phone,I need information about my account.,False,False,False,False
CASE001151,CUST00892,TXN0004777,2026-02-11,Card Issue,Medium,In Progress,12.38,False,Branch,My card transaction is not working.,False,False,False,False
CASE001152,CUST00939,TXN0003602,2025-02-15,Refund,Low,Escalated,7.84,False,App,When will I receive my refund?,False,False,False,False
CASE001153,CUST01171,TXN0000769,2025-05-07,KYC,Medium,Resolved,18.3,False,Branch,I need help updating my KYC documents.,False,False,False,False
CASE001154,CUST00284,TXN0000575,2025-11-29,Refund,Low,In Progress,25.87,True,Phone,When will I receive my refund?,False,False,False,False
CASE001155,CUST00765,TXN0006704,2025-09-02,Refund,High,Resolved,48.4,True,Email,When will I receive my refund?,False,False,False,False
CASE001156,CUST01027,TXN0006447,2025-11-12,Card Issue,Medium,Resolved,12.61,False,Branch,My card transaction is not working.,False,False,False,False
CASE001157,CUST00271,TXN0004344,2026-05-21,General Enquiry,Low,Resolved,11.23,False,Branch,I need information about my account.,False,False,False,False
CASE001158,CUST00536,TXN0004299,2025-09-29,General Enquiry,High,Resolved,8.33,False,Phone,I need information about my account.,False,False,False,False
CASE001159,CUST00973,TXN0006660,2026-06-26,KYC,High,In Progress,7.35,False,Chat,I need help updating my KYC documents.,False,False,False,False
CASE001160,CUST00903,TXN0003704,2025-05-03,Account Issue,Medium,Resolved,,False,Email,I am unable to access my account.,False,False,True,True
CASE001161,CUST00601,TXN0003901,2026-04-01,Account Issue,Medium,Resolved,35.71,True,Phone,I am unable to access my account.,False,False,False,False
CASE001162,CUST00731,TXN0000917,2026-03-19,Transaction Dispute,Low,Open,,False,Branch,I do not recognize this transaction.,False,False,True,True
CASE001163,CUST01044,TXN0005209,2025-09-15,Card Issue,Low,Resolved,3.49,False,App,My card transaction is not working.,False,False,False,False
CASE001164,CUST00279,TXN0003479,2025-02-14,Card Issue,Medium,Resolved,11.67,False,Phone,My card transaction is not working.,False,False,False,False
CASE001165,CUST01148,TXN0006490,2026-02-25,Refund,Medium,Escalated,20.35,False,Branch,When will I receive my refund?,False,False,False,False
CASE001166,CUST00361,TXN0004201,2026-09-29,General Enquiry,Medium,Open,,False,Branch,I need information about my account.,False,False,False,True
CASE001167,CUST00156,TXN0000073,2026-07-22,Refund,High,In Progress,8.17,False,Email,When will I receive my refund?,False,False,False,False
CASE001168,CUST00303,TXN0000756,2026-05-04,Transaction Dispute,Medium,Resolved,66.01,True,Branch,I do not recognize this transaction.,False,False,False,False
CASE001169,CUST00557,TXN0003957,2025-11-30,KYC,Medium,In Progress,12.24,False,Email,I need help updating my KYC documents.,False,False,False,False
CASE001170,CUST00801,TXN0003618,2025-10-15,General Enquiry,High,Open,10.49,False,App,I need information about my account.,False,False,False,False
CASE001171,CUST01015,TXN0005435,2025-07-15,Payment Failure,Low,Resolved,18.85,False,Branch,My payment failed and the amount was deducted.,False,False,False,False
CASE001172,CUST00557,TXN0005018,2026-07-31,Refund,Medium,Open,13.46,False,Email,When will I receive my refund?,False,False,False,False
CASE001173,CUST00111,TXN0000077,2025-02-04,Refund,Medium,Open,8.62,False,Phone,When will I receive my refund?,False,False,False,False
CASE001174,CUST01134,TXN0005532,2026-03-10,Account Issue,Critical,Resolved,15.19,False,Chat,I am unable to access my account.,False,False,False,False
CASE001175,CUST00954,TXN0004387,2026-02-21,General Enquiry,Medium,Resolved,17.07,False,Email,I need information about my account.,False,False,False,False
CASE001176,CUST00014,TXN0006526,2025-03-30,Card Issue,High,Resolved,8.22,False,App,My card transaction is not working.,False,False,False,False
CASE001177,CUST00316,TXN0002045,2025-09-18,Payment Failure,Medium,Resolved,34.24,True,Chat,My payment failed and the amount was deducted.,False,False,False,False
CASE001178,CUST00383,TXN0003101,2025-04-13,Payment Failure,Medium,Open,18.69,False,Phone,My payment failed and the amount was deducted.,False,False,False,False
CASE001179,CUST00419,TXN0003208,2026-05-27,Account Issue,High,In Progress,8.22,False,Branch,I am unable to access my account.,False,False,False,False
CASE001180,CUST00612,TXN0003978,2026-02-09,Refund,Medium,Resolved,18.5,False,Email,When will I receive my refund?,False,False,False,False
CASE001181,CUST00647,TXN0000299,2025-02-01,Transaction Dispute,High,Resolved,16.27,False,App,I do not recognize this transaction.,False,False,False,False
CASE001182,CUST00761,TXN0006796,2025-02-06,Card Issue,Low,Resolved,30.98,True,App,My card transaction is not working.,False,False,False,False
CASE001183,CUST01058,TXN0006272,2025-07-12,General Enquiry,Medium,Resolved,51.49,True,Email,I need information about my account.,False,False,False,False
CASE001184,CUST00555,TXN0001926,2025-07-07,Card Issue,Low,Open,16.17,False,App,My card transaction is not working.,False,False,False,False
CASE001185,CUST00948,TXN0000929,2026-09-09,Card Issue,High,Open,30.28,True,Branch,My card transaction is not working.,False,False,False,False
CASE001186,CUST00464,TXN0003511,2025-02-13,Payment Failure,Medium,Resolved,38.08,True,App,My payment failed and the amount was deducted.,False,False,False,False
CASE001187,CUST00522,TXN0006188,2025-01-02,Refund,Low,In Progress,28.01,True,Phone,When will I receive my refund?,False,False,False,False
CASE001188,CUST01092,TXN0001556,2025-08-30,Account Issue,High,Open,5.61,False,App,I am unable to access my account.,False,False,False,False
CASE001189,CUST00797,TXN0004919,2025-08-21,General Enquiry,Medium,Escalated,6.34,False,Email,I need information about my account.,False,False,False,False
CASE001190,CUST00642,TXN0005563,2025-02-01,Card Issue,Low,In Progress,10.26,False,Chat,My card transaction is not working.,False,False,False,False
CASE001191,CUST00362,TXN0004896,2025-04-22,KYC,Medium,In Progress,50.15,True,App,I need help updating my KYC documents.,False,False,False,False
CASE001192,CUST00765,TXN0000183,2025-07-27,Card Issue,Medium,Open,1.69,False,Chat,My card transaction is not working.,False,False,False,False
CASE001193,CUST00535,TXN0006193,2025-03-03,Transaction Dispute,Medium,Resolved,15.69,False,App,I do not recognize this transaction.,False,False,False,False
CASE001194,CUST00743,TXN0006047,2025-02-06,Card Issue,High,Resolved,14.27,False,Branch,My card transaction is not working.,False,False,False,False
CASE001195,CUST01129,TXN0001347,2025-11-14,Refund,High,In Progress,8.93,False,App,When will I receive my refund?,False,False,False,False
CASE001196,CUST00071,TXN0002606,2026-06-22,Payment Failure,Medium,Resolved,17.64,False,Email,My payment failed and the amount was deducted.,False,False,False,False
CASE001197,CUST01043,TXN0002008,2025-10-24,Transaction Dispute,Medium,In Progress,4.3,False,Phone,I do not recognize this transaction.,False,False,False,False
CASE001198,CUST00437,TXN0005158,2025-05-23,Payment Failure,High,Open,19.51,False,Chat,My payment failed and the amount was deducted.,False,False,False,False
CASE001199,CUST00991,TXN0000487,2026-06-16,Refund,Low,In Progress,10.27,False,Email,When will I receive my refund?,False,False,False,False
CASE001200,CUST00156,TXN0003016,2026-08-09,Card Issue,High,Open,8.0,False,Branch,My card transaction is not working.,False,False,False,False
CASE001201,CUST00602,TXN0001608,2026-07-20,General Enquiry,Medium,Resolved,15.81,False,Branch,I need information about my account.,False,False,False,False
CASE001202,CUST01077,TXN0004827,2025-04-09,KYC,Low,In Progress,20.55,False,Chat,I need help updating my KYC documents.,False,False,False,False
CASE001203,CUST01018,TXN0005604,2026-03-04,Refund,Medium,Resolved,24.74,True,Branch,When will I receive my refund?,False,False,False,False
CASE001204,CUST01110,TXN0001194,2026-09-20,General Enquiry,Critical,In Progress,28.67,True,App,I need information about my account.,False,False,False,False
CASE001205,CUST00903,TXN0004688,2025-03-07,Payment Failure,Medium,In Progress,33.99,True,App,My payment failed and the amount was deducted.,False,False,False,False
CASE001206,CUST01073,TXN0004738,2026-06-05,Payment Failure,Medium,Resolved,33.05,True,App,My payment failed and the amount was deducted.,False,False,False,False
CASE001207,CUST01176,TXN0001347,2025-02-02,KYC,High,Resolved,7.39,False,Phone,I need help updating my KYC documents.,False,False,False,False
CASE001208,CUST00769,TXN0000196,2026-06-27,Refund,Medium,Resolved,30.61,True,Chat,When will I receive my refund?,False,False,False,False
CASE001209,CUST00190,TXN0002904,2026-09-08,Refund,Medium,In Progress,29.61,True,Branch,When will I receive my refund?,False,False,False,False
CASE001210,CUST00312,TXN0006875,2025-12-01,KYC,Low,Resolved,12.81,False,App,I need help updating my KYC documents.,False,False,False,False
CASE001211,CUST00581,TXN0006762,2026-02-25,KYC,High,Open,25.42,True,Chat,I need help updating my KYC documents.,False,False,False,False
CASE001212,CUST00911,TXN0002349,2025-11-28,Account Issue,High,Resolved,16.56,False,App,I am unable to access my account.,False,False,False,False
CASE001213,CUST00373,TXN0002830,2026-02-11,General Enquiry,Medium,Escalated,28.62,True,Chat,I need information about my account.,False,False,False,False
CASE001214,CUST00473,TXN0003066,2026-04-01,KYC,Medium,In Progress,17.21,False,Phone,I need help updating my KYC documents.,False,False,False,False
CASE001215,CUST00745,TXN0006371,2025-02-18,Account Issue,Medium,Resolved,39.56,True,Chat,I am unable to access my account.,False,False,False,False
CASE001216,CUST00519,TXN0000283,2025-04-10,KYC,Medium,Resolved,39.72,True,Chat,I need help updating my KYC documents.,False,False,False,False
CASE001217,CUST00761,TXN0003630,2026-02-22,Transaction Dispute,Low,Open,8.49,False,Chat,I do not recognize this transaction.,False,False,False,False
CASE001218,CUST00712,TXN0004610,2025-05-29,General Enquiry,Medium,In Progress,9.28,False,Phone,I need information about my account.,False,False,False,False
CASE001219,CUST00722,TXN0004157,2026-09-19,Account Issue,High,In Progress,12.99,False,Chat,I am unable to access my account.,False,False,False,False
CASE001220,CUST01053,TXN0000899,2026-03-15,KYC,Medium,In Progress,24.18,True,App,I need help updating my KYC documents.,False,False,False,False
CASE001221,CUST01167,TXN0001278,2025-03-15,KYC,High,In Progress,28.2,True,Branch,I need help updating my KYC documents.,False,False,False,False
CASE001222,CUST01085,TXN0002716,2025-10-11,Refund,Low,In Progress,35.1,True,Chat,When will I receive my refund?,False,False,False,False
CASE001223,CUST00955,TXN0003588,2026-09-28,Account Issue,Critical,In Progress,2.75,False,Email,I am unable to access my account.,False,False,False,False
CASE001224,CUST01057,TXN0001419,2025-02-11,Refund,High,Resolved,11.15,False,Email,When will I receive my refund?,False,False,False,False
CASE001225,CUST00894,TXN0005887,2025-03-24,Refund,Medium,In Progress,18.88,False,Email,When will I receive my refund?,False,False,False,False
CASE001226,CUST00361,TXN0001714,2025-10-10,General Enquiry,Medium,In Progress,22.08,False,App,I need information about my account.,False,False,False,False
CASE001227,CUST00170,TXN0001236,2026-08-10,General Enquiry,Critical,Open,35.15,True,Branch,I need information about my account.,False,False,False,False
CASE001228,CUST00451,TXN0004970,2025-07-24,Card Issue,Low,Resolved,24.98,True,Chat,My card transaction is not working.,False,False,False,False
CASE001229,CUST00759,TXN0005403,2025-02-06,Payment Failure,Unknown,Resolved,8.41,False,Email,My payment failed and the amount was deducted.,True,False,False,False
CASE001230,CUST01041,TXN0002364,2025-08-10,Refund,High,Resolved,6.65,False,Chat,When will I receive my refund?,False,False,False,False
CASE001231,CUST00019,TXN0003890,2025-02-18,Account Issue,Low,Escalated,13.94,False,Email,I am unable to access my account.,False,False,False,False
CASE001232,CUST00352,TXN0003527,2025-08-20,Account Issue,High,Open,20.18,False,Email,I am unable to access my account.,False,False,False,False
CASE001233,CUST00212,TXN0000094,2026-08-16,KYC,Unknown,In Progress,34.41,True,App,I need help updating my KYC documents.,True,False,False,False
CASE001234,CUST01024,TXN0002884,2025-09-10,Payment Failure,High,Resolved,16.95,False,Branch,My payment failed and the amount was deducted.,False,False,False,False
CASE001235,CUST00237,TXN0002262,2026-08-24,Refund,High,Resolved,16.05,False,Email,When will I receive my refund?,False,False,False,False
CASE001236,CUST00037,TXN0006797,2026-01-01,Transaction Dispute,Critical,Resolved,40.74,True,Chat,I do not recognize this transaction.,False,False,False,False
CASE001237,CUST00783,TXN0005466,2025-07-01,General Enquiry,Medium,Escalated,13.05,False,Chat,I need information about my account.,False,False,False,False
CASE001238,CUST00723,TXN0004341,2026-05-02,Transaction Dispute,High,Resolved,3.22,False,App,I do not recognize this transaction.,False,False,False,False
CASE001239,CUST00469,TXN0000133,2025-08-12,Refund,Medium,Escalated,14.27,False,Email,When will I receive my refund?,False,False,False,False
CASE001240,CUST00305,TXN0004509,2025-07-31,Refund,Medium,Open,28.64,True,App,When will I receive my refund?,False,False,False,False
CASE001241,CUST00616,TXN0003407,2025-06-27,KYC,High,Resolved,21.11,False,Phone,I need help updating my KYC documents.,False,False,False,False
CASE001242,CUST00909,TXN0000860,2026-01-04,Refund,Medium,Resolved,18.05,False,Phone,When will I receive my refund?,False,False,False,False
CASE001243,CUST00492,TXN0003650,2025-07-18,KYC,Medium,Resolved,33.19,True,Phone,I need help updating my KYC documents.,False,False,False,False
CASE001244,CUST00517,TXN0001533,2025-08-23,General Enquiry,Medium,Resolved,19.4,False,Email,I need information about my account.,False,False,False,False
CASE001245,CUST00728,TXN0002786,2025-10-15,Account Issue,Medium,In Progress,6.69,False,App,I am unable to access my account.,False,False,False,False
CASE001246,CUST00600,TXN0006664,2025-03-21,Transaction Dispute,Medium,Resolved,50.51,True,Branch,I do not recognize this transaction.,False,False,False,False
CASE001247,CUST01056,TXN0003237,2025-04-05,General Enquiry,Medium,Resolved,58.7,True,Email,I need information about my account.,False,False,False,False
CASE001248,CUST00601,TXN0000748,2025-08-04,KYC,Low,Resolved,2.36,False,Email,I need help updating my KYC documents.,False,False,False,False
CASE001249,CUST00571,TXN0004943,2025-06-05,Account Issue,Medium,Resolved,27.98,True,App,I am unable to access my account.,False,False,False,False
CASE001250,CUST00935,TXN0006329,2025-01-19,KYC,High,Open,6.57,False,Branch,I need help updating my KYC documents.,False,False,False,False
CASE001251,CUST00295,TXN0000423,2025-06-11,Refund,Low,Resolved,10.23,False,Chat,When will I receive my refund?,False,False,False,False
CASE001252,CUST00895,TXN0005197,2025-11-12,Card Issue,Low,Resolved,22.06,False,Phone,My card transaction is not working.,False,False,False,False
CASE001253,CUST01026,TXN0003200,2026-04-25,Payment Failure,High,Escalated,11.56,False,Phone,My payment failed and the amount was deducted.,False,False,False,False
CASE001254,CUST00568,TXN0002299,2025-07-15,Card Issue,Medium,Open,9.33,False,Phone,My card transaction is not working.,False,False,False,False
CASE001255,CUST00906,TXN0005765,2025-09-30,Refund,Low,Resolved,9.73,False,App,When will I receive my refund?,False,False,False,False
CASE001256,CUST00911,TXN0002370,2025-08-10,Card Issue,Medium,Resolved,12.46,False,Phone,My card transaction is not working.,False,False,False,False
CASE001257,CUST00272,TXN0000273,2025-06-16,Payment Failure,High,Resolved,6.33,False,Phone,My payment failed and the amount was deducted.,False,False,False,False
CASE001258,CUST00399,TXN0003182,2026-02-28,Transaction Dispute,Medium,Open,14.4,False,Chat,I do not recognize this transaction.,False,False,False,False
CASE001259,CUST01114,TXN0006074,2025-02-10,Refund,High,Escalated,16.26,False,Email,When will I receive my refund?,False,False,False,False
CASE001260,CUST00665,TXN0005038,2025-05-01,General Enquiry,High,Resolved,5.78,False,Chat,I need information about my account.,False,False,False,False
CASE001261,CUST00491,TXN0001954,2026-08-16,Refund,Medium,Resolved,16.23,False,Branch,When will I receive my refund?,False,False,False,False
CASE001262,CUST00909,TXN0002107,2026-07-05,Transaction Dispute,Medium,Open,7.82,False,Chat,I do not recognize this transaction.,False,False,False,False
CASE001263,CUST00201,TXN0005023,2025-02-10,Refund,Medium,In Progress,24.1,True,Chat,When will I receive my refund?,False,False,False,False
CASE001264,CUST00064,TXN0003494,2025-11-24,Payment Failure,Medium,In Progress,9.05,False,Branch,My payment failed and the amount was deducted.,False,False,False,False
CASE001265,CUST00118,TXN0006988,2026-09-27,KYC,Critical,Resolved,20.83,False,App,I need help updating my KYC documents.,False,False,False,False
CASE001266,CUST00223,TXN0001798,2026-06-11,Refund,Medium,Resolved,23.44,False,Email,When will I receive my refund?,False,False,False,False
CASE001267,CUST01107,TXN0003846,2025-01-06,KYC,Low,In Progress,19.67,False,Email,I need help updating my KYC documents.,False,False,False,False
CASE001268,CUST00126,TXN0001119,2026-02-26,KYC,Medium,Resolved,17.25,False,App,I need help updating my KYC documents.,False,False,False,False
CASE001269,CUST00091,TXN0001711,2026-03-17,Payment Failure,Critical,Resolved,16.1,False,Chat,My payment failed and the amount was deducted.,False,False,False,False
CASE001270,CUST00941,TXN0002572,2025-12-06,Account Issue,Medium,Escalated,29.04,True,Branch,I am unable to access my account.,False,False,False,False
CASE001271,CUST00039,TXN0003705,2026-08-02,General Enquiry,Medium,Resolved,36.1,True,Chat,I need information about my account.,False,False,False,False
CASE001272,CUST00617,TXN0002345,2025-12-26,Transaction Dispute,Unknown,In Progress,15.51,False,Phone,I do not recognize this transaction.,True,False,False,False
CASE001273,CUST00543,TXN0002939,2026-05-06,General Enquiry,Low,Resolved,21.07,False,Chat,I need information about my account.,False,False,False,False
CASE001274,CUST00458,TXN0000810,2026-05-10,Refund,High,Open,17.67,False,Email,When will I receive my refund?,False,False,False,False
CASE001275,CUST00297,TXN0003775,2026-04-07,Card Issue,Medium,In Progress,19.28,False,Phone,My card transaction is not working.,False,False,False,False
CASE001276,CUST00233,TXN0005206,2025-04-23,Payment Failure,Medium,Resolved,5.13,False,Email,My payment failed and the amount was deducted.,False,False,False,False
CASE001277,CUST00819,TXN0003296,2026-01-12,Transaction Dispute,High,Resolved,8.16,False,Phone,I do not recognize this transaction.,False,False,False,False
CASE001278,CUST00466,TXN0001926,2025-07-12,Payment Failure,Medium,Resolved,16.06,False,Chat,My payment failed and the amount was deducted.,False,False,False,False
CASE001279,CUST01063,TXN0001123,2025-06-06,Account Issue,Medium,Resolved,28.64,True,App,I am unable to access my account.,False,False,False,False
CASE001280,CUST00684,TXN0006517,2025-09-07,Payment Failure,Medium,Resolved,26.02,True,Email,My payment failed and the amount was deducted.,False,False,False,False
CASE001281,CUST00474,TXN0003502,2025-12-12,Refund,Medium,Resolved,40.64,True,Email,When will I receive my refund?,False,False,False,False
CASE001282,CUST00794,TXN0000489,2025-10-27,Card Issue,Medium,Resolved,7.26,False,Phone,My card transaction is not working.,False,False,False,False
CASE001283,CUST00427,TXN0002658,2025-06-20,Transaction Dispute,Low,Escalated,7.42,False,App,I do not recognize this transaction.,False,False,False,False
CASE001284,CUST00810,TXN0005324,2026-05-19,Transaction Dispute,High,In Progress,64.86,True,Chat,I do not recognize this transaction.,False,False,False,False
CASE001285,CUST00368,TXN0000694,2025-10-21,Transaction Dispute,Medium,Open,6.33,False,Branch,I do not recognize this transaction.,False,False,False,False
CASE001286,CUST00353,TXN0003086,2025-02-20,Transaction Dispute,Medium,Resolved,24.34,True,Chat,I do not recognize this transaction.,False,False,False,False
CASE001287,CUST00207,TXN0005945,2025-07-08,Transaction Dispute,High,Resolved,16.89,False,Branch,I do not recognize this transaction.,False,False,False,False
CASE001288,CUST00818,TXN0000316,2026-07-14,Account Issue,High,Resolved,13.88,False,Phone,I am unable to access my account.,False,False,False,False
CASE001289,CUST00697,TXN0005240,2026-01-11,Transaction Dispute,Medium,Resolved,13.18,False,Chat,I do not recognize this transaction.,False,False,False,False
CASE001290,CUST00489,TXN0004939,2025-12-12,Card Issue,Low,Resolved,16.7,False,Email,My card transaction is not working.,False,False,False,False
CASE001291,CUST00462,TXN0006904,2025-02-15,KYC,High,Resolved,25.23,True,Phone,I need help updating my KYC documents.,False,False,False,False
CASE001292,CUST00091,TXN0003187,2025-03-11,Card Issue,Medium,Resolved,15.49,False,Chat,My card transaction is not working.,False,False,False,False
CASE001293,CUST00623,TXN0005229,2026-09-14,General Enquiry,Medium,In Progress,28.55,True,Phone,I need information about my account.,False,False,False,False
CASE001294,CUST01197,TXN0000274,2025-03-11,Refund,Low,In Progress,12.87,False,Email,When will I receive my refund?,False,False,False,False
CASE001295,CUST00537,TXN0004847,2025-12-18,Account Issue,High,In Progress,42.17,True,Chat,I am unable to access my account.,False,False,False,False
CASE001296,CUST00821,TXN0000543,2025-10-08,Transaction Dispute,High,Resolved,28.5,True,App,I do not recognize this transaction.,False,False,False,False
CASE001297,CUST00111,TXN0000577,2026-05-07,Payment Failure,Medium,Escalated,25.92,True,App,My payment failed and the amount was deducted.,False,False,False,False
CASE001298,CUST00985,TXN0003954,2025-12-30,Refund,Low,Resolved,35.85,True,App,When will I receive my refund?,False,False,False,False
CASE001299,CUST00716,TXN0000834,2025-05-21,KYC,High,Resolved,3.45,False,Phone,I need help updating my KYC documents.,False,False,False,False
CASE001300,CUST00516,TXN0004629,2025-08-06,Card Issue,Medium,Resolved,17.9,False,Chat,My card transaction is not working.,False,False,False,False
CASE001301,CUST00358,TXN0004632,2025-09-30,KYC,Medium,Resolved,25.51,True,Chat,I need help updating my KYC documents.,False,False,False,False
CASE001302,CUST00110,TXN0004272,2025-09-20,Refund,High,Resolved,8.06,False,Phone,When will I receive my refund?,False,False,False,False
CASE001303,CUST01028,TXN0003908,2025-09-09,Payment Failure,Medium,Resolved,4.49,False,Branch,My payment failed and the amount was deducted.,False,False,False,False
CASE001304,CUST00714,TXN0005812,2026-02-04,Payment Failure,High,Escalated,25.93,True,Branch,My payment failed and the amount was deducted.,False,False,False,False
CASE001305,CUST00158,TXN0000081,2025-12-18,Payment Failure,High,Resolved,8.08,False,App,My payment failed and the amount was deducted.,False,False,False,False
CASE001306,CUST00301,TXN0001600,2025-07-22,Payment Failure,Medium,In Progress,5.41,False,App,My payment failed and the amount was deducted.,False,False,False,False
CASE001307,CUST00011,TXN0000255,2025-02-18,Account Issue,Critical,Open,29.02,True,Phone,I am unable to access my account.,False,False,False,False
CASE001308,CUST00878,TXN0002899,2025-01-06,Card Issue,Low,Resolved,43.33,True,Email,My card transaction is not working.,False,False,False,False
CASE001309,CUST01183,TXN0003854,2025-07-25,Transaction Dispute,High,Resolved,7.78,False,App,I do not recognize this transaction.,False,False,False,False
CASE001310,CUST00873,TXN0005037,2025-12-13,Refund,High,Resolved,12.32,False,Phone,When will I receive my refund?,False,False,False,False
CASE001311,CUST00671,TXN0006563,2026-02-08,Account Issue,High,In Progress,19.84,False,App,I am unable to access my account.,False,False,False,False
CASE001312,CUST00235,TXN0004285,2025-10-20,General Enquiry,Medium,In Progress,32.31,True,Chat,I need information about my account.,False,False,False,False
CASE001313,CUST01174,TXN0000695,2025-12-17,Account Issue,Low,In Progress,31.99,True,Email,I am unable to access my account.,False,False,False,False
CASE001314,CUST00757,TXN0005576,2025-06-27,Refund,Medium,In Progress,32.23,True,Email,When will I receive my refund?,False,False,False,False
CASE001315,CUST01060,TXN0004787,2025-12-27,Card Issue,Medium,Resolved,2.25,False,Phone,Not Provided,False,True,False,False
CASE001316,CUST00722,TXN0005358,2025-07-02,Transaction Dispute,High,Resolved,10.6,False,App,I do not recognize this transaction.,False,False,False,False
CASE001317,CUST01140,TXN0004363,2025-05-03,Payment Failure,Medium,Open,11.45,False,Branch,My payment failed and the amount was deducted.,False,False,False,False
CASE001318,CUST00637,TXN0002499,2025-10-17,Payment Failure,High,In Progress,41.85,True,Phone,My payment failed and the amount was deducted.,False,False,False,False
CASE001319,CUST01104,TXN0003066,2025-08-26,General Enquiry,Medium,Escalated,68.46,True,Email,I need information about my account.,False,False,False,False
CASE001320,CUST00546,TXN0004359,2026-05-29,KYC,High,In Progress,21.51,False,App,I need help updating my KYC documents.,False,False,False,False
CASE001321,CUST00536,TXN0005207,2025-04-06,Refund,High,Resolved,1.55,False,Email,When will I receive my refund?,False,False,False,False
CASE001322,CUST01027,TXN0004220,2026-06-02,KYC,Medium,Resolved,15.77,False,Phone,I need help updating my KYC documents.,False,False,False,False
CASE001323,CUST01070,TXN0001006,2025-08-21,KYC,Critical,Resolved,19.06,False,Email,Not Provided,False,True,False,False
CASE001324,CUST01068,TXN0005620,2025-01-22,Refund,Low,In Progress,17.82,False,Phone,When will I receive my refund?,False,False,False,False
CASE001325,CUST00463,TXN0000599,2025-09-07,Refund,Low,Resolved,20.82,False,Chat,When will I receive my refund?,False,False,False,False
CASE001326,CUST00185,TXN0000575,2025-10-12,Payment Failure,Medium,Resolved,13.89,False,Branch,My payment failed and the amount was deducted.,False,False,False,False
CASE001327,CUST00120,TXN0006516,2025-11-24,Payment Failure,Medium,Resolved,20.82,False,Phone,My payment failed and the amount was deducted.,False,False,False,False
CASE001328,CUST00982,TXN0005289,2026-04-26,Account Issue,Medium,Escalated,11.24,False,Chat,I am unable to access my account.,False,False,False,False
CASE001329,CUST00838,TXN0000336,2026-06-26,Transaction Dispute,Critical,Resolved,22.22,False,Branch,I do not recognize this transaction.,False,False,False,False
CASE001330,CUST00172,TXN0006144,2026-06-08,Transaction Dispute,Low,Escalated,54.01,True,Phone,I do not recognize this transaction.,False,False,False,False
CASE001331,CUST00972,TXN0000831,2026-09-14,General Enquiry,Medium,Resolved,48.37,True,Branch,I need information about my account.,False,False,False,False
CASE001332,CUST00339,TXN0004512,2025-04-10,Card Issue,Critical,In Progress,9.09,False,App,My card transaction is not working.,False,False,False,False
CASE001333,CUST01068,TXN0006406,2025-02-12,Transaction Dispute,Low,Escalated,13.63,False,Email,I do not recognize this transaction.,False,False,False,False
CASE001334,CUST00467,TXN0003526,2025-07-15,KYC,Medium,Resolved,27.98,True,Phone,I need help updating my KYC documents.,False,False,False,False
CASE001335,CUST00456,TXN0001293,2026-01-17,Refund,High,Resolved,10.56,False,App,When will I receive my refund?,False,False,False,False
CASE001336,CUST00576,TXN0006512,2026-01-31,Transaction Dispute,Critical,Open,6.92,False,Chat,I do not recognize this transaction.,False,False,False,False
CASE001337,CUST00989,TXN0005163,2026-01-03,Card Issue,High,Resolved,13.91,False,Branch,My card transaction is not working.,False,False,False,False
CASE001338,CUST00669,TXN0001388,2025-07-28,Account Issue,Medium,Escalated,58.1,True,App,I am unable to access my account.,False,False,False,False
CASE001339,CUST00562,TXN0005153,2026-01-23,Payment Failure,Low,Resolved,27.04,True,Phone,My payment failed and the amount was deducted.,False,False,False,False
CASE001340,CUST01054,TXN0003958,2025-10-01,Account Issue,Low,Resolved,9.81,False,Email,I am unable to access my account.,False,False,False,False
CASE001341,CUST00132,TXN0001058,2026-05-09,General Enquiry,Medium,In Progress,14.89,False,Email,I need information about my account.,False,False,False,False
CASE001342,CUST00394,TXN0005285,2025-05-10,Transaction Dispute,Low,In Progress,16.29,False,App,I do not recognize this transaction.,False,False,False,False
CASE001343,CUST00787,TXN0006745,2026-04-16,Refund,Medium,Resolved,10.26,False,App,When will I receive my refund?,False,False,False,False
CASE001344,CUST01150,TXN0001674,2025-05-19,Card Issue,Medium,In Progress,22.15,False,Branch,My card transaction is not working.,False,False,False,False
CASE001345,CUST01074,TXN0001276,2026-03-13,Payment Failure,Medium,In Progress,21.96,False,Chat,My payment failed and the amount was deducted.,False,False,False,False
CASE001346,CUST00944,TXN0003176,2026-08-14,General Enquiry,Medium,Resolved,38.25,True,Chat,I need information about my account.,False,False,False,False
CASE001347,CUST00482,TXN0001849,2026-03-15,Account Issue,Low,Resolved,7.07,False,Phone,I am unable to access my account.,False,False,False,False
CASE001348,CUST00180,TXN0000098,2025-04-04,Account Issue,Medium,Open,25.47,True,Email,I am unable to access my account.,False,False,False,False
CASE001349,CUST00482,TXN0000955,2025-03-24,KYC,Low,Resolved,25.6,True,App,I need help updating my KYC documents.,False,False,False,False
CASE001350,CUST00862,TXN0005709,2025-10-10,KYC,Medium,Resolved,28.66,True,Chat,I need help updating my KYC documents.,False,False,False,False
CASE001351,CUST00171,TXN0001610,2025-08-10,Refund,Medium,Resolved,27.38,True,Chat,When will I receive my refund?,False,False,False,False
CASE001352,CUST00856,TXN0001653,2025-10-18,General Enquiry,High,In Progress,7.56,False,Email,I need information about my account.,False,False,False,False
CASE001353,CUST00541,TXN0000589,2026-04-20,Account Issue,Medium,Resolved,10.25,False,Phone,I am unable to access my account.,False,False,False,False
CASE001354,CUST00255,TXN0004703,2026-08-31,Payment Failure,Medium,Resolved,4.2,False,Email,My payment failed and the amount was deducted.,False,False,False,False
CASE001355,CUST01003,TXN0001091,2026-07-16,KYC,Medium,Resolved,21.86,False,Chat,I need help updating my KYC documents.,False,False,False,False
CASE001356,CUST00344,TXN0000239,2025-07-24,Account Issue,Low,Resolved,30.47,True,App,I am unable to access my account.,False,False,False,False
CASE001357,CUST00492,TXN0002683,2026-05-18,General Enquiry,Medium,Resolved,20.89,False,App,I need information about my account.,False,False,False,False
CASE001358,CUST01159,TXN0006169,2026-07-17,Payment Failure,Medium,Resolved,14.39,False,Chat,My payment failed and the amount was deducted.,False,False,False,False
CASE001359,CUST00695,TXN0003227,2025-01-31,Card Issue,High,Open,24.01,True,Chat,My card transaction is not working.,False,False,False,False
CASE001360,CUST00645,TXN0006612,2026-06-09,Refund,Low,Resolved,4.82,False,Email,When will I receive my refund?,False,False,False,False
CASE001361,CUST00689,TXN0005671,2025-06-10,Card Issue,Medium,Resolved,13.82,False,Phone,My card transaction is not working.,False,False,False,False
CASE001362,CUST00409,TXN0006597,2025-10-24,Refund,Low,Resolved,35.6,True,Chat,When will I receive my refund?,False,False,False,False
CASE001363,CUST00285,TXN0000300,2026-07-20,Payment Failure,Low,Resolved,7.25,False,Phone,My payment failed and the amount was deducted.,False,False,False,False
CASE001364,CUST00325,TXN0000772,2025-12-22,General Enquiry,Medium,Resolved,,True,Email,I need information about my account.,False,False,False,True
CASE001365,CUST01086,TXN0002843,2026-01-21,Refund,Low,Open,7.96,False,Chat,When will I receive my refund?,False,False,False,False
CASE001366,CUST00933,TXN0003437,2025-06-09,Payment Failure,Medium,Resolved,2.6,False,Email,My payment failed and the amount was deducted.,False,False,False,False
CASE001367,CUST00021,TXN0000790,2025-08-17,Transaction Dispute,Low,Open,10.87,False,App,I do not recognize this transaction.,False,False,False,False
CASE001368,CUST00306,TXN0001436,2026-08-23,Refund,Low,Resolved,4.94,False,Chat,When will I receive my refund?,False,False,False,False
CASE001369,CUST00062,TXN0005432,2025-12-10,Card Issue,Low,Resolved,20.61,False,Phone,My card transaction is not working.,False,False,False,False
CASE001370,CUST00617,TXN0000425,2025-09-13,Payment Failure,Medium,In Progress,5.43,False,App,My payment failed and the amount was deducted.,False,False,False,False
CASE001371,CUST00199,TXN0003658,2025-11-04,Card Issue,Low,In Progress,32.41,True,Phone,My card transaction is not working.,False,False,False,False
CASE001372,CUST00441,TXN0001294,2025-05-22,KYC,Medium,Resolved,10.64,False,Branch,Not Provided,False,True,False,False
CASE001373,CUST00411,TXN0000439,2025-01-12,General Enquiry,High,Resolved,29.44,True,Phone,I need information about my account.,False,False,False,False
CASE001374,CUST00160,TXN0000567,2026-01-06,Transaction Dispute,Medium,Open,4.03,False,App,I do not recognize this transaction.,False,False,False,False
CASE001375,CUST00253,TXN0006271,2026-01-11,Card Issue,Medium,In Progress,6.69,False,Branch,My card transaction is not working.,False,False,False,False
CASE001376,CUST01185,TXN0003239,2026-09-09,Payment Failure,Medium,Resolved,11.91,False,Branch,My payment failed and the amount was deducted.,False,False,False,False
CASE001377,CUST00748,TXN0000753,2026-06-03,Refund,Medium,Resolved,1.1,False,Chat,When will I receive my refund?,False,False,False,False
CASE001378,CUST00915,TXN0003602,2025-04-02,Card Issue,Medium,Escalated,31.87,True,Chat,My card transaction is not working.,False,False,False,False
CASE001379,CUST00097,TXN0003832,2026-08-16,Refund,Medium,Escalated,8.99,False,App,When will I receive my refund?,False,False,False,False
CASE001380,CUST00553,TXN0005966,2025-05-10,Refund,Critical,Open,14.65,False,Chat,When will I receive my refund?,False,False,False,False
CASE001381,CUST00813,TXN0000150,2025-05-23,General Enquiry,Medium,Escalated,30.14,True,Chat,I need information about my account.,False,False,False,False
CASE001382,CUST00462,TXN0004334,2025-10-16,General Enquiry,Medium,In Progress,10.19,False,Chat,I need information about my account.,False,False,False,False
CASE001383,CUST01004,TXN0006623,2025-10-20,KYC,Medium,Open,37.66,True,Phone,I need help updating my KYC documents.,False,False,False,False
CASE001384,CUST00161,TXN0004378,2025-11-02,Account Issue,Medium,Resolved,6.01,False,Chat,I am unable to access my account.,False,False,False,False
CASE001385,CUST00142,TXN0001217,2025-03-17,Payment Failure,Medium,Resolved,8.98,False,Chat,My payment failed and the amount was deducted.,False,False,False,False
CASE001386,CUST00102,TXN0005986,2025-03-25,Refund,Medium,Open,11.18,False,Chat,When will I receive my refund?,False,False,False,False
CASE001387,CUST00362,TXN0004367,2025-05-07,KYC,High,Resolved,11.65,False,Branch,I need help updating my KYC documents.,False,False,False,False
CASE001388,CUST01059,TXN0006112,2026-06-08,Refund,High,Open,10.87,False,Branch,When will I receive my refund?,False,False,False,False
CASE001389,CUST00493,TXN0005160,2025-09-16,KYC,Low,Resolved,10.26,False,Email,I need help updating my KYC documents.,False,False,False,False
CASE001390,CUST01008,TXN0004454,2025-01-08,General Enquiry,Medium,Resolved,30.42,True,App,I need information about my account.,False,False,False,False
CASE001391,CUST00416,TXN0003375,2026-04-21,Account Issue,High,Resolved,19.69,False,Email,I am unable to access my account.,False,False,False,False
CASE001392,CUST00874,TXN0005676,2025-11-05,General Enquiry,High,Resolved,9.94,False,Chat,I need information about my account.,False,False,False,False
CASE001393,CUST00198,TXN0000011,2025-02-21,General Enquiry,Medium,In Progress,15.79,False,Email,I need information about my account.,False,False,False,False
CASE001394,CUST00219,TXN0001597,2025-04-18,Account Issue,Medium,Resolved,26.42,True,Branch,I am unable to access my account.,False,False,False,False
CASE001395,CUST00593,TXN0006741,2026-04-22,General Enquiry,High,Open,12.13,False,App,Not Provided,False,True,False,False
CASE001396,CUST00056,TXN0003057,2025-07-13,Refund,Medium,Open,23.42,False,Chat,When will I receive my refund?,False,False,False,False
CASE001397,CUST00169,TXN0000106,2026-04-26,Account Issue,Medium,Resolved,25.61,True,Chat,I am unable to access my account.,False,False,False,False
CASE001398,CUST00547,TXN0001205,2025-09-23,Payment Failure,Medium,Resolved,33.46,True,Branch,My payment failed and the amount was deducted.,False,False,False,False
CASE001399,CUST00809,TXN0002731,2025-02-07,Account Issue,Medium,In Progress,18.07,False,Phone,I am unable to access my account.,False,False,False,False
CASE001400,CUST01062,TXN0002356,2025-09-08,Refund,Low,In Progress,14.25,False,Phone,When will I receive my refund?,False,False,False,False
CASE001401,CUST00660,TXN0005111,2025-11-16,General Enquiry,Medium,Escalated,28.82,True,App,I need information about my account.,False,False,False,False
CASE001402,CUST00588,TXN0003669,2025-05-29,Card Issue,Low,Resolved,19.07,False,App,My card transaction is not working.,False,False,False,False
CASE001403,CUST00932,TXN0004252,2025-09-12,General Enquiry,Low,In Progress,5.79,False,Chat,I need information about my account.,False,False,False,False
CASE001404,CUST00389,TXN0006019,2026-09-12,Transaction Dispute,Unknown,Open,9.99,False,Branch,I do not recognize this transaction.,True,False,False,False
CASE001405,CUST00378,TXN0006982,2025-12-15,Refund,Low,In Progress,2.28,False,App,When will I receive my refund?,False,False,False,False
CASE001406,CUST00693,TXN0000158,2026-04-06,KYC,Medium,Open,10.33,False,Phone,Not Provided,False,True,False,False
CASE001407,CUST00536,TXN0003393,2026-09-02,Account Issue,High,Resolved,11.69,False,App,I am unable to access my account.,False,False,False,False
CASE001408,CUST00710,TXN0003682,2026-01-14,Transaction Dispute,High,In Progress,,False,Email,I do not recognize this transaction.,False,False,False,True
CASE001409,CUST00171,TXN0004962,2025-12-19,Account Issue,Medium,Open,16.24,False,Email,I am unable to access my account.,False,False,False,False
CASE001410,CUST00371,TXN0006562,2025-09-28,General Enquiry,Low,In Progress,21.14,False,Phone,I need information about my account.,False,False,False,False
CASE001411,CUST01178,TXN0002115,2025-07-01,General Enquiry,Low,Open,8.78,False,Phone,I need information about my account.,False,False,False,False
CASE001412,CUST00248,TXN0006464,2025-01-01,Payment Failure,Medium,Resolved,28.31,True,Chat,My payment failed and the amount was deducted.,False,False,False,False
CASE001413,CUST00015,TXN0000824,2025-07-19,Payment Failure,Medium,In Progress,12.69,False,Branch,My payment failed and the amount was deducted.,False,False,False,False
CASE001414,CUST00400,TXN0001305,2026-09-01,Account Issue,Medium,Open,30.63,True,Email,I am unable to access my account.,False,False,False,False
CASE001415,CUST00939,TXN0002176,2025-07-24,Card Issue,Critical,Resolved,9.1,False,Branch,My card transaction is not working.,False,False,False,False
CASE001416,CUST01100,TXN0006014,2026-01-05,Transaction Dispute,Medium,Resolved,11.11,False,Email,I do not recognize this transaction.,False,False,False,False
CASE001417,CUST00753,TXN0002492,2025-10-20,Refund,High,In Progress,31.92,True,Chat,When will I receive my refund?,False,False,False,False
CASE001418,CUST00023,TXN0006126,2025-05-14,Payment Failure,Low,Resolved,6.23,False,App,My payment failed and the amount was deducted.,False,False,False,False
CASE001419,CUST01144,TXN0003142,2025-04-16,Payment Failure,Medium,Open,38.31,True,Chat,My payment failed and the amount was deducted.,False,False,False,False
CASE001420,CUST00550,TXN0002025,2025-01-06,KYC,Low,Resolved,4.43,False,App,I need help updating my KYC documents.,False,False,False,False
CASE001421,CUST01168,TXN0001683,2025-04-04,Transaction Dispute,Medium,Resolved,17.98,False,Branch,I do not recognize this transaction.,False,False,False,False
CASE001422,CUST00735,TXN0001701,2025-09-15,Account Issue,Low,Escalated,29.99,True,Branch,I am unable to access my account.,False,False,False,False
CASE001423,CUST00021,TXN0006807,2025-01-27,Account Issue,High,Resolved,11.66,False,Phone,I am unable to access my account.,False,False,False,False
CASE001424,CUST00033,TXN0005466,2025-10-15,Card Issue,Medium,Resolved,14.4,False,App,My card transaction is not working.,False,False,False,False
CASE001425,CUST01118,TXN0000416,2025-11-27,KYC,Low,In Progress,14.93,False,Chat,I need help updating my KYC documents.,False,False,False,False
CASE001426,CUST00043,TXN0000885,2025-08-28,Transaction Dispute,Medium,In Progress,21.38,False,Email,I do not recognize this transaction.,False,False,False,False
CASE001427,CUST01098,TXN0001487,2025-11-24,Refund,Critical,Open,6.69,False,Email,When will I receive my refund?,False,False,False,False
CASE001428,CUST01169,TXN0005584,2025-04-10,Payment Failure,Medium,Resolved,17.04,False,Chat,My payment failed and the amount was deducted.,False,False,False,False
CASE001429,CUST00430,TXN0004564,2026-04-04,Transaction Dispute,Medium,Open,11.89,False,App,I do not recognize this transaction.,False,False,False,False
CASE001430,CUST00462,TXN0005186,2025-03-23,KYC,High,In Progress,10.19,False,Email,I need help updating my KYC documents.,False,False,False,False
CASE001431,CUST00069,TXN0003093,2025-06-07,Account Issue,Low,Open,8.18,False,Phone,I am unable to access my account.,False,False,False,False
CASE001432,CUST00403,TXN0004528,2025-11-08,Refund,Medium,Resolved,5.91,False,Branch,When will I receive my refund?,False,False,False,False
CASE001433,CUST00373,TXN0006376,2026-04-03,KYC,Medium,Resolved,50.14,True,App,I need help updating my KYC documents.,False,False,False,False
CASE001434,CUST00708,TXN0004184,2026-05-05,Payment Failure,Medium,In Progress,21.73,False,App,My payment failed and the amount was deducted.,False,False,False,False
CASE001435,CUST01020,TXN0004900,2026-03-06,Card Issue,Medium,Escalated,,False,Email,My card transaction is not working.,False,False,False,True
CASE001436,CUST00246,TXN0001617,2026-03-28,Refund,Medium,Resolved,22.27,False,Phone,When will I receive my refund?,False,False,False,False
CASE001437,CUST00643,TXN0005492,2025-07-25,KYC,Low,In Progress,11.56,False,Branch,I need help updating my KYC documents.,False,False,False,False
CASE001438,CUST01187,TXN0002016,2025-10-16,General Enquiry,Medium,In Progress,8.14,False,App,I need information about my account.,False,False,False,False
CASE001439,CUST00573,TXN0002799,2025-04-06,Transaction Dispute,High,Resolved,40.39,True,Chat,I do not recognize this transaction.,False,False,False,False
CASE001440,CUST00052,TXN0005078,2026-09-02,Payment Failure,Low,Resolved,19.36,False,Email,My payment failed and the amount was deducted.,False,False,False,False
CASE001441,CUST00660,TXN0000706,2025-10-04,Refund,Medium,Resolved,7.3,False,Chat,When will I receive my refund?,False,False,False,False
CASE001442,CUST00970,TXN0000304,2026-02-14,Card Issue,Low,Resolved,5.69,False,Phone,My card transaction is not working.,False,False,False,False
CASE001443,CUST01168,TXN0002139,2025-04-09,Refund,Medium,Resolved,37.85,True,App,When will I receive my refund?,False,False,False,False
CASE001444,CUST00950,TXN0006467,2025-03-27,Transaction Dispute,Medium,Escalated,15.2,False,Phone,I do not recognize this transaction.,False,False,False,False
CASE001445,CUST00779,TXN0000976,2025-06-07,Account Issue,Medium,Escalated,22.08,False,Chat,I am unable to access my account.,False,False,False,False
CASE001446,CUST00328,TXN0006341,2025-07-28,Account Issue,Low,Resolved,25.44,True,Branch,I am unable to access my account.,False,False,False,False
CASE001447,CUST00765,TXN0002369,2025-01-21,General Enquiry,High,Resolved,54.33,True,App,I need information about my account.,False,False,False,False
CASE001448,CUST00850,TXN0005452,2026-08-28,General Enquiry,Low,In Progress,39.28,True,App,I need information about my account.,False,False,False,False
CASE001449,CUST00847,TXN0002194,2026-02-04,Transaction Dispute,Medium,Resolved,27.57,True,Chat,I do not recognize this transaction.,False,False,False,False
CASE001450,CUST00270,TXN0000363,2025-07-14,Account Issue,Low,Resolved,16.7,False,Branch,I am unable to access my account.,False,False,False,False
CASE001451,CUST00252,TXN0005596,2026-08-06,General Enquiry,Critical,Resolved,35.12,True,Chat,I need information about my account.,False,False,False,False
CASE001452,CUST00285,TXN0006389,2026-06-07,Payment Failure,Medium,In Progress,35.86,True,Branch,My payment failed and the amount was deducted.,False,False,False,False
CASE001453,CUST00384,TXN0005205,2026-01-27,Card Issue,Low,Resolved,23.29,False,Email,My card transaction is not working.,False,False,False,False
CASE001454,CUST00262,TXN0005749,2025-05-20,KYC,Low,Resolved,7.32,False,Branch,I need help updating my KYC documents.,False,False,False,False
CASE001455,CUST00694,TXN0002695,2026-08-02,KYC,Medium,Resolved,20.59,False,Chat,I need help updating my KYC documents.,False,False,False,False
CASE001456,CUST00012,TXN0000727,2026-05-16,Refund,Medium,In Progress,11.43,False,Chat,When will I receive my refund?,False,False,False,False
CASE001457,CUST00641,TXN0001677,2026-03-20,Card Issue,Low,Escalated,19.26,False,Chat,My card transaction is not working.,False,False,False,False
CASE001458,CUST00387,TXN0000057,2025-12-03,Account Issue,Medium,Resolved,22.58,False,Phone,I am unable to access my account.,False,False,False,False
CASE001459,CUST00351,TXN0003247,2025-11-17,Payment Failure,Medium,In Progress,6.72,False,App,My payment failed and the amount was deducted.,False,False,False,False
CASE001460,CUST00951,TXN0000310,2025-01-21,Card Issue,High,Resolved,16.69,False,Email,My card transaction is not working.,False,False,False,False
CASE001461,CUST01170,TXN0004137,2026-08-06,General Enquiry,High,Resolved,13.19,False,App,I need information about my account.,False,False,False,False
CASE001462,CUST00087,TXN0000339,2025-04-12,Card Issue,Low,Resolved,1.87,False,Email,My card transaction is not working.,False,False,False,False
CASE001463,CUST00719,TXN0001999,2026-09-23,Card Issue,Medium,Resolved,4.75,False,App,My card transaction is not working.,False,False,False,False
CASE001464,CUST00017,TXN0000885,2026-09-28,Account Issue,High,Escalated,23.27,False,App,I am unable to access my account.,False,False,False,False
CASE001465,CUST00544,TXN0004053,2025-08-16,Transaction Dispute,Low,Escalated,20.32,False,Chat,I do not recognize this transaction.,False,False,False,False
CASE001466,CUST00178,TXN0003389,2026-04-25,Account Issue,High,Resolved,47.32,True,Branch,I am unable to access my account.,False,False,False,False
CASE001467,CUST01146,TXN0000814,2025-09-26,Payment Failure,Medium,In Progress,40.4,True,Branch,My payment failed and the amount was deducted.,False,False,False,False
CASE001468,CUST01107,TXN0005790,2025-07-15,General Enquiry,Critical,In Progress,17.22,False,Branch,I need information about my account.,False,False,False,False
CASE001469,CUST00152,TXN0006527,2025-07-07,Transaction Dispute,Medium,Resolved,5.75,False,Chat,I do not recognize this transaction.,False,False,False,False
CASE001470,CUST01029,TXN0003269,2025-11-21,Card Issue,Low,Resolved,22.54,False,Email,My card transaction is not working.,False,False,False,False
CASE001471,CUST00799,TXN0006652,2026-04-16,KYC,Medium,Open,2.03,False,Chat,I need help updating my KYC documents.,False,False,False,False
CASE001472,CUST00087,TXN0000073,2025-11-03,General Enquiry,Medium,Escalated,3.98,False,App,I need information about my account.,False,False,False,False
CASE001473,CUST00409,TXN0000703,2025-07-01,Account Issue,High,Resolved,27.53,True,Phone,I am unable to access my account.,False,False,False,False
CASE001474,CUST00850,TXN0003452,2025-09-07,Account Issue,Low,In Progress,3.28,False,Email,I am unable to access my account.,False,False,False,False
CASE001475,CUST00489,TXN0004169,2026-07-19,Card Issue,Medium,In Progress,16.23,False,Branch,My card transaction is not working.,False,False,False,False
CASE001476,CUST00840,TXN0006491,2025-10-24,Transaction Dispute,Medium,Open,22.2,False,Email,I do not recognize this transaction.,False,False,False,False
CASE001477,CUST00817,TXN0002324,2026-09-08,KYC,Medium,In Progress,14.02,False,Branch,I need help updating my KYC documents.,False,False,False,False
CASE001478,CUST00789,TXN0001539,2025-07-13,Payment Failure,Medium,Escalated,19.1,False,App,My payment failed and the amount was deducted.,False,False,False,False
CASE001479,CUST00196,TXN0004538,2025-05-07,Account Issue,High,Resolved,26.25,True,Phone,I am unable to access my account.,False,False,False,False
CASE001480,CUST00278,TXN0006660,2025-03-22,Refund,Medium,Resolved,7.26,False,App,When will I receive my refund?,False,False,False,False
CASE001481,CUST00362,TXN0003000,2025-08-22,Account Issue,Medium,Resolved,27.37,True,Phone,I am unable to access my account.,False,False,False,False
CASE001482,CUST00421,TXN0006856,2025-02-11,KYC,Low,Resolved,34.86,True,Email,I need help updating my KYC documents.,False,False,False,False
CASE001483,CUST00148,TXN0001274,2025-04-24,KYC,Medium,Resolved,3.96,False,App,I need help updating my KYC documents.,False,False,False,False
CASE001484,CUST00910,TXN0000670,2025-04-26,Account Issue,Low,Resolved,21.37,False,Branch,I am unable to access my account.,False,False,False,False
CASE001485,CUST00939,TXN0004398,2025-01-08,KYC,Low,In Progress,,False,Branch,I need help updating my KYC documents.,False,False,False,True
CASE001486,CUST00700,TXN0003692,2025-05-11,Refund,Low,Resolved,18.11,False,Phone,When will I receive my refund?,False,False,False,False
CASE001487,CUST00821,TXN0000743,2026-06-22,Refund,High,Resolved,12.37,False,Phone,When will I receive my refund?,False,False,False,False
CASE001488,CUST00232,TXN0005423,2025-03-20,Card Issue,High,Resolved,33.7,True,Branch,My card transaction is not working.,False,False,False,False
CASE001489,CUST00312,TXN0000582,2026-05-28,KYC,Low,Resolved,18.49,False,Branch,I need help updating my KYC documents.,False,False,False,False
CASE001490,CUST00564,TXN0002828,2025-10-28,Payment Failure,Medium,Open,8.16,False,Chat,My payment failed and the amount was deducted.,False,False,False,False
CASE001491,CUST00997,TXN0002745,2025-09-06,KYC,High,In Progress,1.87,False,Chat,I need help updating my KYC documents.,False,False,False,False
CASE001492,CUST00251,TXN0004266,2025-03-30,Payment Failure,Medium,Resolved,18.17,False,Email,My payment failed and the amount was deducted.,False,False,False,False
CASE001493,CUST00797,TXN0004198,2025-03-30,General Enquiry,High,Resolved,24.96,True,Phone,I need information about my account.,False,False,False,False
CASE001494,CUST00721,TXN0000403,2025-05-25,Card Issue,Medium,Open,30.66,True,Branch,My card transaction is not working.,False,False,False,False
CASE001495,CUST01055,TXN0004553,2026-06-24,Transaction Dispute,Medium,In Progress,24.15,True,App,I do not recognize this transaction.,False,False,False,False
CASE001496,CUST00957,TXN0000417,2026-03-18,Card Issue,Low,Open,16.37,False,Phone,My card transaction is not working.,False,False,False,False
CASE001497,CUST00026,TXN0004271,2026-08-14,Account Issue,Medium,In Progress,45.78,True,Branch,I am unable to access my account.,False,False,False,False
CASE001498,CUST00267,TXN0000642,2026-03-26,Payment Failure,Medium,Resolved,9.33,False,Phone,My payment failed and the amount was deducted.,False,False,False,False
CASE001499,CUST00804,TXN0004654,2025-04-30,General Enquiry,Medium,Open,23.5,False,Chat,I need information about my account.,False,False,False,False
CASE001500,CUST00962,TXN0000942,2026-01-02,Account Issue,Medium,Open,4.22,False,App,I am unable to access my account.,False,False,False,False
CASE001501,CUST00152,TXN0000093,2025-08-06,KYC,High,Resolved,16.38,False,App,I need help updating my KYC documents.,False,False,False,False
CASE001502,CUST01146,TXN0002548,2026-03-18,Payment Failure,Medium,In Progress,13.01,False,Phone,My payment failed and the amount was deducted.,False,False,False,False
CASE001503,CUST00180,TXN0003609,2026-05-15,Refund,Low,Resolved,12.44,False,Branch,When will I receive my refund?,False,False,False,False
CASE001504,CUST00403,TXN0000544,2025-02-06,General Enquiry,High,Resolved,35.37,True,App,I need information about my account.,False,False,False,False
CASE001505,CUST01088,TXN0002247,2026-06-22,General Enquiry,Medium,Resolved,10.2,False,App,I need information about my account.,False,False,False,False
CASE001506,CUST00446,TXN0006945,2025-02-26,Refund,Medium,Resolved,24.19,True,Phone,When will I receive my refund?,False,False,False,False
CASE001507,CUST00796,TXN0004599,2026-09-29,Transaction Dispute,Medium,In Progress,31.77,True,App,I do not recognize this transaction.,False,False,False,False
CASE001508,CUST00113,TXN0001666,2026-07-11,Refund,Medium,Resolved,4.09,False,Phone,When will I receive my refund?,False,False,False,False
CASE001509,CUST00043,TXN0005339,2026-08-14,General Enquiry,Low,Resolved,9.5,False,App,I need information about my account.,False,False,False,False
CASE001510,CUST00330,TXN0002063,2025-09-05,KYC,Medium,Resolved,30.57,True,Phone,I need help updating my KYC documents.,False,False,False,False
CASE001511,CUST00352,TXN0000148,2026-05-28,Refund,Low,Resolved,8.23,False,Branch,When will I receive my refund?,False,False,False,False
CASE001512,CUST00550,TXN0005005,2025-12-03,Account Issue,Medium,Open,14.36,False,App,I am unable to access my account.,False,False,False,False
CASE001513,CUST00428,TXN0005891,2026-01-27,Transaction Dispute,Medium,Open,25.49,True,Chat,I do not recognize this transaction.,False,False,False,False
CASE001514,CUST00514,TXN0002659,2026-04-07,Card Issue,High,In Progress,12.22,False,Email,My card transaction is not working.,False,False,False,False
CASE001515,CUST00863,TXN0002454,2025-03-25,General Enquiry,High,Escalated,8.34,False,Email,I need information about my account.,False,False,False,False
CASE001516,CUST00918,TXN0002612,2025-10-20,Transaction Dispute,Medium,In Progress,29.06,True,Chat,I do not recognize this transaction.,False,False,False,False
CASE001517,CUST00168,TXN0006372,2026-07-25,General Enquiry,Medium,Resolved,19.95,False,Branch,I need information about my account.,False,False,False,False
CASE001518,CUST01189,TXN0006581,2025-10-13,General Enquiry,Medium,Open,22.47,False,Branch,I need information about my account.,False,False,False,False
CASE001519,CUST00754,TXN0001133,2026-08-30,Payment Failure,Medium,Resolved,7.09,False,Branch,My payment failed and the amount was deducted.,False,False,False,False
CASE001520,CUST00746,TXN0002884,2025-02-19,Refund,High,In Progress,13.67,False,App,When will I receive my refund?,False,False,False,False
CASE001521,CUST00514,TXN0004729,2026-01-21,General Enquiry,High,Open,22.06,False,Email,I need information about my account.,False,False,False,False
CASE001522,CUST00428,TXN0003554,2025-01-22,Refund,Low,Resolved,17.95,False,App,When will I receive my refund?,False,False,False,False
CASE001523,CUST00867,TXN0003276,2026-06-13,Card Issue,Medium,Resolved,10.53,False,Chat,My card transaction is not working.,False,False,False,False
CASE001524,CUST00060,TXN0005097,2025-11-10,Payment Failure,High,Resolved,30.37,True,Chat,My payment failed and the amount was deducted.,False,False,False,False
CASE001525,CUST00529,TXN0002302,2026-08-10,Transaction Dispute,Medium,Open,36.95,True,Branch,I do not recognize this transaction.,False,False,False,False
CASE001526,CUST00290,TXN0002834,2026-03-27,General Enquiry,Low,Resolved,6.54,False,Chat,I need information about my account.,False,False,False,False
CASE001527,CUST00951,TXN0002199,2026-05-22,Payment Failure,Medium,Resolved,7.89,False,Phone,My payment failed and the amount was deducted.,False,False,False,False
CASE001528,CUST00158,TXN0006301,2025-10-15,Refund,Low,In Progress,8.78,False,Phone,When will I receive my refund?,False,False,False,False
CASE001529,CUST00606,TXN0003011,2025-09-30,KYC,Low,Open,13.89,False,Phone,I need help updating my KYC documents.,False,False,False,False
CASE001530,CUST01189,TXN0004899,2026-07-08,General Enquiry,Low,In Progress,25.88,True,Phone,I need information about my account.,False,False,False,False
CASE001531,CUST00074,TXN0001399,2025-06-17,Refund,Critical,Resolved,23.29,False,App,When will I receive my refund?,False,False,False,False
CASE001532,CUST00098,TXN0004692,2026-08-30,General Enquiry,High,Resolved,35.89,True,App,I need information about my account.,False,False,False,False
CASE001533,CUST00086,TXN0000894,2025-03-04,Transaction Dispute,Medium,Resolved,9.38,False,Branch,I do not recognize this transaction.,False,False,False,False
CASE001534,CUST00538,TXN0005364,2025-03-13,KYC,Medium,Resolved,9.89,False,Email,I need help updating my KYC documents.,False,False,False,False
CASE001535,CUST00436,TXN0001366,2025-06-10,Transaction Dispute,Medium,In Progress,29.0,True,Branch,I do not recognize this transaction.,False,False,False,False
CASE001536,CUST00026,TXN0004111,2025-06-08,Account Issue,Medium,In Progress,29.44,True,App,I am unable to access my account.,False,False,False,False
CASE001537,CUST00989,TXN0002741,2026-03-31,Transaction Dispute,Medium,Open,16.91,False,Branch,I do not recognize this transaction.,False,False,False,False
CASE001538,CUST00025,TXN0002524,2025-06-06,KYC,Medium,In Progress,12.87,False,Email,I need help updating my KYC documents.,False,False,False,False
CASE001539,CUST00640,TXN0005127,2026-09-23,KYC,Medium,Resolved,14.4,False,Email,I need help updating my KYC documents.,False,False,False,False
CASE001540,CUST00610,TXN0005356,2025-02-15,Card Issue,Medium,Open,2.93,False,Email,My card transaction is not working.,False,False,False,False
CASE001541,CUST00280,TXN0003825,2025-01-07,Refund,Medium,In Progress,30.26,True,App,When will I receive my refund?,False,False,False,False
CASE001542,CUST00983,TXN0006713,2026-03-14,Card Issue,Medium,Escalated,10.84,False,Chat,My card transaction is not working.,False,False,False,False
CASE001543,CUST00954,TXN0004621,2025-12-13,General Enquiry,Low,Resolved,23.7,False,Email,I need information about my account.,False,False,False,False
CASE001544,CUST00323,TXN0006659,2025-06-24,Refund,Medium,In Progress,49.17,True,App,When will I receive my refund?,False,False,False,False
CASE001545,CUST00268,TXN0003605,2026-06-24,Payment Failure,Medium,Resolved,13.11,False,Email,My payment failed and the amount was deducted.,False,False,False,False
CASE001546,CUST00974,TXN0006576,2025-03-29,Transaction Dispute,Medium,In Progress,4.41,False,Branch,I do not recognize this transaction.,False,False,False,False
CASE001547,CUST00777,TXN0005708,2025-11-14,Payment Failure,Medium,Resolved,25.12,True,Chat,My payment failed and the amount was deducted.,False,False,False,False
CASE001548,CUST00142,TXN0000702,2025-08-12,Card Issue,Medium,In Progress,9.26,False,Branch,My card transaction is not working.,False,False,False,False
CASE001549,CUST00338,TXN0000081,2025-10-16,Card Issue,Medium,Resolved,13.06,False,Email,My card transaction is not working.,False,False,False,False
CASE001550,CUST00452,TXN0002672,2026-09-20,Card Issue,Medium,Resolved,58.09,True,App,My card transaction is not working.,False,False,False,False
CASE001551,CUST00928,TXN0004859,2026-04-01,General Enquiry,Medium,Resolved,12.03,False,Phone,I need information about my account.,False,False,False,False
CASE001552,CUST00385,TXN0002385,2025-06-19,Payment Failure,High,Resolved,22.56,False,App,My payment failed and the amount was deducted.,False,False,False,False
CASE001553,CUST00077,TXN0002585,2025-02-09,KYC,Medium,Resolved,13.13,False,Phone,I need help updating my KYC documents.,False,False,False,False
CASE001554,CUST01063,TXN0001002,2026-07-11,Transaction Dispute,Medium,Open,3.46,False,Phone,I do not recognize this transaction.,False,False,False,False
CASE001555,CUST00934,TXN0002681,2026-04-23,Card Issue,Medium,Open,17.18,False,App,Not Provided,False,True,False,False
CASE001556,CUST00771,TXN0004812,2025-04-01,General Enquiry,High,In Progress,48.86,True,App,I need information about my account.,False,False,False,False
CASE001557,CUST00875,TXN0006901,2026-02-20,Payment Failure,Medium,Resolved,28.39,True,Branch,My payment failed and the amount was deducted.,False,False,False,False
CASE001558,CUST01169,TXN0006171,2026-01-17,Payment Failure,Low,In Progress,8.09,False,Branch,My payment failed and the amount was deducted.,False,False,False,False
CASE001559,CUST00128,TXN0001140,2026-09-26,Transaction Dispute,High,In Progress,,False,Email,I do not recognize this transaction.,False,False,False,True
CASE001560,CUST00377,TXN0000774,2026-09-26,Refund,High,In Progress,9.12,False,Branch,When will I receive my refund?,False,False,False,False
CASE001561,CUST00221,TXN0001618,2025-11-28,Transaction Dispute,High,Resolved,10.18,False,App,I do not recognize this transaction.,False,False,False,False
CASE001562,CUST00203,TXN0005428,2026-09-11,General Enquiry,High,Open,13.29,False,Chat,I need information about my account.,False,False,False,False
CASE001563,CUST00970,TXN0005040,2026-03-07,Payment Failure,High,In Progress,15.84,False,App,My payment failed and the amount was deducted.,False,False,False,False
CASE001564,CUST00354,TXN0005713,2025-12-17,General Enquiry,Low,Resolved,18.03,False,Email,I need information about my account.,False,False,False,False
CASE001565,CUST00015,TXN0003024,2025-04-30,Payment Failure,Medium,Resolved,22.25,False,Phone,My payment failed and the amount was deducted.,False,False,False,False
CASE001566,CUST00317,TXN0000026,2025-09-06,Account Issue,High,Resolved,8.33,False,App,I am unable to access my account.,False,False,False,False
CASE001567,CUST00310,TXN0001779,2025-08-04,General Enquiry,Medium,Resolved,37.68,True,Phone,I need information about my account.,False,False,False,False
CASE001568,CUST00171,TXN0004064,2025-08-27,Card Issue,High,In Progress,18.54,False,Chat,My card transaction is not working.,False,False,False,False
CASE001569,CUST01013,TXN0003729,2026-08-07,KYC,Medium,Open,10.77,False,Branch,I need help updating my KYC documents.,False,False,False,False
CASE001570,CUST00932,TXN0005381,2026-08-11,Payment Failure,High,In Progress,18.41,False,Email,My payment failed and the amount was deducted.,False,False,False,False
CASE001571,CUST00374,TXN0002184,2025-09-12,Transaction Dispute,Medium,Open,15.04,False,Email,I do not recognize this transaction.,False,False,False,False
CASE001572,CUST00849,TXN0003507,2025-12-22,Refund,Medium,Resolved,14.41,False,Branch,When will I receive my refund?,False,False,False,False
CASE001573,CUST00675,TXN0006401,2025-11-02,Payment Failure,Critical,In Progress,17.34,False,Email,My payment failed and the amount was deducted.,False,False,False,False
CASE001574,CUST00241,TXN0002928,2026-05-06,Refund,Low,Resolved,29.89,True,Email,When will I receive my refund?,False,False,False,False
CASE001575,CUST00334,TXN0000511,2025-02-21,General Enquiry,High,Resolved,18.67,False,Email,I need information about my account.,False,False,False,False
CASE001576,CUST00209,TXN0001004,2026-06-25,Refund,Low,Resolved,15.6,False,Phone,When will I receive my refund?,False,False,False,False
CASE001577,CUST00035,TXN0005346,2026-08-30,Account Issue,Medium,Open,30.94,True,Phone,I am unable to access my account.,False,False,False,False
CASE001578,CUST01104,TXN0004846,2025-05-10,Transaction Dispute,Low,Resolved,34.36,True,App,I do not recognize this transaction.,False,False,False,False
CASE001579,CUST00749,TXN0002760,2026-05-04,Refund,Low,Resolved,,False,Email,When will I receive my refund?,False,False,False,True
CASE001580,CUST00420,TXN0005306,2025-10-10,Transaction Dispute,Medium,Resolved,20.18,False,App,I do not recognize this transaction.,False,False,False,False
CASE001581,CUST01013,TXN0000509,2025-10-24,Card Issue,Medium,Open,4.74,False,Email,My card transaction is not working.,False,False,False,False
CASE001582,CUST01116,TXN0005527,2026-03-02,Card Issue,Medium,In Progress,21.42,False,Email,My card transaction is not working.,False,False,False,False
CASE001583,CUST00918,TXN0005900,2026-04-19,Refund,Medium,Resolved,24.0,False,Chat,When will I receive my refund?,False,False,False,False
CASE001584,CUST00299,TXN0002807,2025-09-24,Payment Failure,Medium,In Progress,11.93,False,Branch,My payment failed and the amount was deducted.,False,False,False,False
CASE001585,CUST00931,TXN0005759,2025-03-03,Payment Failure,Medium,In Progress,32.65,True,Email,My payment failed and the amount was deducted.,False,False,False,False
CASE001586,CUST00811,TXN0001678,2026-02-13,General Enquiry,Medium,Open,55.92,True,Email,I need information about my account.,False,False,False,False
CASE001587,CUST00888,TXN0001609,2026-01-17,Account Issue,Low,Resolved,10.17,False,App,I am unable to access my account.,False,False,False,False
CASE001588,CUST00127,TXN0004203,2026-03-10,KYC,High,Resolved,26.51,True,Chat,I need help updating my KYC documents.,False,False,False,False
CASE001589,CUST01170,TXN0000950,2026-03-04,Card Issue,High,Resolved,14.29,False,Chat,My card transaction is not working.,False,False,False,False
CASE001590,CUST00567,TXN0000266,2025-06-28,Payment Failure,Medium,In Progress,26.65,True,Branch,My payment failed and the amount was deducted.,False,False,False,False
CASE001591,CUST00992,TXN0002987,2025-03-14,Transaction Dispute,Medium,In Progress,16.51,False,Phone,I do not recognize this transaction.,False,False,False,False
CASE001592,CUST00335,TXN0003098,2025-02-19,Payment Failure,Medium,Resolved,39.13,True,Phone,My payment failed and the amount was deducted.,False,False,False,False
CASE001593,CUST00675,TXN0006275,2026-02-13,Card Issue,Medium,Resolved,41.5,True,Chat,My card transaction is not working.,False,False,False,False
CASE001594,CUST00258,TXN0000617,2025-12-08,Card Issue,Low,In Progress,1.77,False,App,My card transaction is not working.,False,False,False,False
CASE001595,CUST00282,TXN0002239,2025-03-18,Transaction Dispute,Critical,Open,41.7,True,App,I do not recognize this transaction.,False,False,False,False
CASE001596,CUST01054,TXN0003803,2025-06-26,Card Issue,High,Resolved,28.67,True,Chat,My card transaction is not working.,False,False,False,False
CASE001597,CUST00630,TXN0002037,2025-10-30,Refund,Medium,Resolved,21.14,False,Chat,When will I receive my refund?,False,False,False,False
CASE001598,CUST00399,TXN0002843,2025-11-17,General Enquiry,Medium,In Progress,16.95,False,App,I need information about my account.,False,False,False,False
CASE001599,CUST00853,TXN0005579,2025-11-07,General Enquiry,High,In Progress,3.89,False,Chat,I need information about my account.,False,False,False,False
CASE001600,CUST01034,TXN0003243,2026-04-25,General Enquiry,Low,Resolved,5.74,False,Phone,I need information about my account.,False,False,False,False
CASE001601,CUST00814,TXN0000631,2025-03-22,KYC,High,In Progress,4.79,False,Email,I need help updating my KYC documents.,False,False,False,False
CASE001602,CUST00431,TXN0002592,2026-07-07,Account Issue,High,Resolved,5.64,False,Phone,I am unable to access my account.,False,False,False,False
CASE001603,CUST01113,TXN0000241,2025-08-13,Card Issue,Medium,Resolved,19.89,False,App,My card transaction is not working.,False,False,False,False
CASE001604,CUST00779,TXN0002122,2025-06-12,Card Issue,High,In Progress,18.08,False,App,My card transaction is not working.,False,False,False,False
CASE001605,CUST00004,TXN0002130,2026-04-14,Card Issue,High,Escalated,11.93,False,Chat,My card transaction is not working.,False,False,False,False
CASE001606,CUST01127,TXN0000005,2025-06-02,General Enquiry,Low,In Progress,23.93,False,Phone,I need information about my account.,False,False,False,False
CASE001607,CUST01132,TXN0003394,2025-02-23,General Enquiry,Medium,Resolved,6.41,False,Chat,I need information about my account.,False,False,False,False
CASE001608,CUST00586,TXN0001419,2025-05-08,Refund,Medium,Resolved,12.22,False,App,When will I receive my refund?,False,False,False,False
CASE001609,CUST00421,TXN0006273,2026-08-25,KYC,Medium,Resolved,18.13,False,Email,I need help updating my KYC documents.,False,False,False,False
CASE001610,CUST00510,TXN0004768,2025-06-22,Card Issue,High,Resolved,28.72,True,Branch,My card transaction is not working.,False,False,False,False
CASE001611,CUST01154,TXN0004531,2025-11-07,General Enquiry,High,Resolved,,False,Branch,I need information about my account.,False,False,False,True
CASE001612,CUST00985,TXN0004650,2025-06-29,KYC,Low,Open,36.9,True,Phone,I need help updating my KYC documents.,False,False,False,False
CASE001613,CUST00416,TXN0000470,2025-05-08,Payment Failure,Low,Escalated,12.6,False,Chat,My payment failed and the amount was deducted.,False,False,False,False
CASE001614,CUST00825,TXN0004483,2025-02-26,Card Issue,Low,In Progress,4.12,False,Branch,My card transaction is not working.,False,False,False,False
CASE001615,CUST00878,TXN0001453,2025-11-14,Account Issue,Medium,Resolved,5.95,False,App,I am unable to access my account.,False,False,False,False
CASE001616,CUST00497,TXN0003125,2025-09-22,General Enquiry,Medium,Resolved,10.73,False,Email,I need information about my account.,False,False,False,False
CASE001617,CUST01198,TXN0000177,2025-06-11,Account Issue,High,Resolved,5.22,False,Branch,I am unable to access my account.,False,False,False,False
CASE001618,CUST00836,TXN0000068,2026-02-12,General Enquiry,Medium,In Progress,18.03,False,Branch,I need information about my account.,False,False,False,False
CASE001619,CUST00208,TXN0002818,2025-05-23,Card Issue,Medium,In Progress,15.48,False,Email,My card transaction is not working.,False,False,False,False
CASE001620,CUST01054,TXN0002434,2025-04-07,Account Issue,High,Resolved,21.38,False,Chat,I am unable to access my account.,False,False,False,False
CASE001621,CUST00389,TXN0000837,2026-02-09,Refund,Medium,In Progress,10.69,False,Branch,When will I receive my refund?,False,False,False,False
CASE001622,CUST00968,TXN0000566,2026-06-16,Account Issue,High,Open,17.79,False,App,I am unable to access my account.,False,False,False,False
CASE001623,CUST00993,TXN0000112,2026-09-25,General Enquiry,Medium,Resolved,7.03,False,Phone,I need information about my account.,False,False,False,False
CASE001624,CUST00016,TXN0006429,2026-09-01,General Enquiry,High,Resolved,17.27,False,Branch,I need information about my account.,False,False,False,False
CASE001625,CUST00872,TXN0003060,2025-02-21,Refund,Low,Resolved,7.22,False,Chat,When will I receive my refund?,False,False,False,False
CASE001626,CUST00004,TXN0001261,2025-08-09,Account Issue,Low,Resolved,13.95,False,Phone,I am unable to access my account.,False,False,False,False
CASE001627,CUST01008,TXN0006340,2025-03-31,Transaction Dispute,Low,Resolved,7.7,False,Phone,I do not recognize this transaction.,False,False,False,False
CASE001628,CUST00310,TXN0000364,2025-07-05,Card Issue,Medium,Resolved,22.49,False,App,My card transaction is not working.,False,False,False,False
CASE001629,CUST00459,TXN0003919,2026-01-28,Transaction Dispute,High,Resolved,33.67,True,App,I do not recognize this transaction.,False,False,False,False
CASE001630,CUST00575,TXN0004233,2026-08-03,Transaction Dispute,High,In Progress,7.57,False,Chat,I do not recognize this transaction.,False,False,False,False
CASE001631,CUST01036,TXN0005447,2025-03-19,Refund,Medium,Resolved,83.25,True,Email,When will I receive my refund?,False,False,False,False
CASE001632,CUST00823,TXN0001020,2026-08-24,Transaction Dispute,High,Resolved,27.66,True,App,I do not recognize this transaction.,False,False,False,False
CASE001633,CUST00723,TXN0000054,2025-01-31,General Enquiry,Medium,Open,10.92,False,Email,I need information about my account.,False,False,False,False
CASE001634,CUST00682,TXN0005746,2025-01-07,Card Issue,Medium,Open,8.86,False,Chat,My card transaction is not working.,False,False,False,False
CASE001635,CUST00023,TXN0001978,2026-09-18,Payment Failure,High,In Progress,10.5,False,App,My payment failed and the amount was deducted.,False,False,False,False
CASE001636,CUST00479,TXN0005825,2025-07-22,KYC,Low,Open,13.69,False,Chat,I need help updating my KYC documents.,False,False,False,False
CASE001637,CUST00564,TXN0000538,2026-03-29,KYC,Low,Resolved,20.7,False,Email,I need help updating my KYC documents.,False,False,False,False
CASE001638,CUST01103,TXN0005609,2026-01-03,KYC,Medium,Resolved,17.28,False,Chat,I need help updating my KYC documents.,False,False,False,False
CASE001639,CUST00064,TXN0006368,2026-09-04,Refund,High,In Progress,7.63,False,Chat,When will I receive my refund?,False,False,False,False
CASE001640,CUST01001,TXN0000802,2026-03-27,Transaction Dispute,Medium,Resolved,8.34,False,Phone,I do not recognize this transaction.,False,False,False,False
CASE001641,CUST00651,TXN0003235,2026-04-18,KYC,High,Resolved,42.86,True,Branch,I need help updating my KYC documents.,False,False,False,False
CASE001642,CUST01129,TXN0001978,2026-06-30,Transaction Dispute,Low,Resolved,16.56,False,Chat,I do not recognize this transaction.,False,False,False,False
CASE001643,CUST01073,TXN0005196,2025-11-06,Payment Failure,Low,Resolved,14.31,False,Branch,My payment failed and the amount was deducted.,False,False,False,False
CASE001644,CUST00500,TXN0003951,2026-02-04,KYC,Low,In Progress,21.74,False,Branch,I need help updating my KYC documents.,False,False,False,False
CASE001645,CUST00727,TXN0004284,2025-06-19,General Enquiry,Medium,Resolved,12.32,False,Branch,I need information about my account.,False,False,False,False
CASE001646,CUST00438,TXN0001016,2026-08-02,Refund,Medium,Resolved,14.07,False,Branch,When will I receive my refund?,False,False,False,False
CASE001647,CUST00502,TXN0004815,2025-05-07,General Enquiry,Medium,Open,11.25,False,App,I need information about my account.,False,False,False,False
CASE001648,CUST00267,TXN0002150,2025-03-16,General Enquiry,High,In Progress,15.08,False,Branch,I need information about my account.,False,False,False,False
CASE001649,CUST00106,TXN0002703,2025-06-24,Account Issue,Low,In Progress,28.33,True,Phone,I am unable to access my account.,False,False,False,False
CASE001650,CUST00007,TXN0006908,2025-04-20,Refund,High,Escalated,43.09,True,Branch,When will I receive my refund?,False,False,False,False
CASE001651,CUST01160,TXN0001174,2025-09-20,Transaction Dispute,Medium,Escalated,11.3,False,Email,I do not recognize this transaction.,False,False,False,False
CASE001652,CUST00420,TXN0006705,2026-05-30,Refund,High,Resolved,4.63,False,Chat,When will I receive my refund?,False,False,False,False
CASE001653,CUST00618,TXN0001610,2025-02-13,General Enquiry,Medium,Resolved,38.34,True,Branch,I need information about my account.,False,False,False,False
CASE001654,CUST00534,TXN0006202,2026-08-18,Card Issue,Medium,Resolved,23.63,False,Email,My card transaction is not working.,False,False,False,False
CASE001655,CUST00695,TXN0003334,2025-11-26,Payment Failure,High,Resolved,38.14,True,App,My payment failed and the amount was deducted.,False,False,False,False
CASE001656,CUST00749,TXN0005141,2025-03-29,Payment Failure,Low,Resolved,21.42,False,Branch,My payment failed and the amount was deducted.,False,False,False,False
CASE001657,CUST00271,TXN0005125,2025-09-28,Card Issue,Medium,Resolved,19.51,False,Chat,My card transaction is not working.,False,False,False,False
CASE001658,CUST00155,TXN0004453,2025-04-07,General Enquiry,Medium,In Progress,11.48,False,Chat,I need information about my account.,False,False,False,False
CASE001659,CUST00251,TXN0005165,2025-11-01,General Enquiry,Low,In Progress,17.64,False,Chat,I need information about my account.,False,False,False,False
CASE001660,CUST00479,TXN0003776,2026-03-02,Card Issue,Medium,Resolved,28.01,True,Chat,My card transaction is not working.,False,False,False,False
CASE001661,CUST00840,TXN0000052,2025-01-02,Refund,Medium,Resolved,30.33,True,Phone,When will I receive my refund?,False,False,False,False
CASE001662,CUST00753,TXN0005538,2025-10-04,Payment Failure,Low,Resolved,7.81,False,Chat,My payment failed and the amount was deducted.,False,False,False,False
CASE001663,CUST00828,TXN0000809,2025-06-19,Payment Failure,Low,Escalated,11.24,False,Chat,My payment failed and the amount was deducted.,False,False,False,False
CASE001664,CUST00868,TXN0005860,2026-07-14,Account Issue,High,In Progress,1.0,False,Email,I am unable to access my account.,False,False,False,False
CASE001665,CUST00386,TXN0004191,2025-09-25,Payment Failure,Medium,Open,8.3,False,Branch,My payment failed and the amount was deducted.,False,False,False,False
CASE001666,CUST00051,TXN0004063,2025-03-19,KYC,Medium,In Progress,13.88,False,Chat,I need help updating my KYC documents.,False,False,False,False
CASE001667,CUST00379,TXN0005057,2025-10-22,KYC,Low,In Progress,26.58,True,Branch,I need help updating my KYC documents.,False,False,False,False
CASE001668,CUST00490,TXN0005359,2025-11-14,KYC,Low,Resolved,12.96,False,Chat,I need help updating my KYC documents.,False,False,False,False
CASE001669,CUST00727,TXN0006683,2026-05-23,Card Issue,Medium,In Progress,7.98,False,Phone,My card transaction is not working.,False,False,False,False
CASE001670,CUST00908,TXN0006585,2026-03-16,KYC,Medium,In Progress,28.42,True,Email,I need help updating my KYC documents.,False,False,False,False
CASE001671,CUST00899,TXN0004625,2026-05-01,Card Issue,Low,Resolved,44.31,True,Email,My card transaction is not working.,False,False,False,False
CASE001672,CUST00355,TXN0006221,2025-01-28,Transaction Dispute,Medium,Resolved,7.8,False,App,I do not recognize this transaction.,False,False,False,False
CASE001673,CUST00816,TXN0000824,2026-03-31,Transaction Dispute,High,Open,9.27,False,Phone,I do not recognize this transaction.,False,False,False,False
CASE001674,CUST00091,TXN0003563,2025-01-07,Refund,High,Open,20.6,False,Branch,When will I receive my refund?,False,False,False,False
CASE001675,CUST00454,TXN0004491,2025-06-23,Refund,Medium,In Progress,21.59,False,Branch,When will I receive my refund?,False,False,False,False
CASE001676,CUST00211,TXN0005430,2025-11-15,Transaction Dispute,Medium,Resolved,29.78,True,Email,I do not recognize this transaction.,False,False,False,False
CASE001677,CUST01009,TXN0001095,2025-04-11,General Enquiry,Medium,Resolved,16.88,False,App,I need information about my account.,False,False,False,False
CASE001678,CUST00634,TXN0001317,2025-04-22,Transaction Dispute,High,Open,32.93,True,Phone,I do not recognize this transaction.,False,False,False,False
CASE001679,CUST00536,TXN0000880,2025-10-07,General Enquiry,High,Escalated,2.34,False,Email,I need information about my account.,False,False,False,False
CASE001680,CUST00007,TXN0005521,2026-08-06,Card Issue,Low,Resolved,10.73,False,Branch,My card transaction is not working.,False,False,False,False
CASE001681,CUST01126,TXN0006120,2025-09-20,Account Issue,Low,Resolved,6.25,False,App,I am unable to access my account.,False,False,False,False
CASE001682,CUST00707,TXN0003663,2025-05-23,Refund,Low,Resolved,18.05,False,App,When will I receive my refund?,False,False,False,False
CASE001683,CUST00768,TXN0000046,2025-08-23,Refund,High,Resolved,4.28,False,Chat,When will I receive my refund?,False,False,False,False
CASE001684,CUST00340,TXN0002707,2026-06-11,KYC,Medium,In Progress,5.59,False,Phone,I need help updating my KYC documents.,False,False,False,False
CASE001685,CUST00517,TXN0006840,2025-02-05,KYC,Medium,Resolved,15.16,False,Phone,I need help updating my KYC documents.,False,False,False,False
CASE001686,CUST00632,TXN0003888,2026-07-07,KYC,Medium,Resolved,33.47,True,Branch,I need help updating my KYC documents.,False,False,False,False
CASE001687,CUST00525,TXN0004441,2025-06-15,Card Issue,Medium,Resolved,30.16,True,Chat,My card transaction is not working.,False,False,False,False
CASE001688,CUST00283,TXN0000764,2026-01-30,Refund,Medium,In Progress,10.26,False,Chat,When will I receive my refund?,False,False,False,False
CASE001689,CUST00695,TXN0006423,2026-06-05,Account Issue,Unknown,Resolved,6.68,False,Phone,I am unable to access my account.,True,False,False,False
CASE001690,CUST00728,TXN0002259,2025-02-23,Card Issue,Low,Open,15.29,False,Phone,My card transaction is not working.,False,False,False,False
CASE001691,CUST00344,TXN0004491,2025-10-24,Account Issue,High,In Progress,23.54,False,Chat,I am unable to access my account.,False,False,False,False
CASE001692,CUST00982,TXN0003105,2026-03-19,General Enquiry,High,Escalated,13.7,False,Branch,I need information about my account.,False,False,False,False
CASE001693,CUST00309,TXN0002113,2025-01-01,Transaction Dispute,Medium,Resolved,18.26,False,Chat,I do not recognize this transaction.,False,False,False,False
CASE001694,CUST00265,TXN0006551,2026-05-21,General Enquiry,Critical,In Progress,9.35,False,Email,I need information about my account.,False,False,False,False
CASE001695,CUST00862,TXN0004812,2025-02-12,KYC,Medium,In Progress,14.86,False,App,I need help updating my KYC documents.,False,False,False,False
CASE001696,CUST00886,TXN0003711,2026-08-24,General Enquiry,Low,Open,21.93,False,Branch,I need information about my account.,False,False,False,False
CASE001697,CUST00212,TXN0005486,2026-09-11,Account Issue,Medium,In Progress,22.89,False,Email,I am unable to access my account.,False,False,False,False
CASE001698,CUST01100,TXN0004084,2025-08-17,Card Issue,Low,Resolved,13.02,False,App,My card transaction is not working.,False,False,False,False
CASE001699,CUST01023,TXN0002761,2025-08-14,Account Issue,Medium,Resolved,19.66,False,Phone,I am unable to access my account.,False,False,False,False
CASE001700,CUST00232,TXN0001937,2026-06-02,KYC,Medium,In Progress,1.33,False,Phone,I need help updating my KYC documents.,False,False,False,False
CASE001701,CUST00755,TXN0001219,2026-01-05,KYC,Medium,Open,40.79,True,Chat,I need help updating my KYC documents.,False,False,False,False
CASE001702,CUST00605,TXN0005312,2026-04-23,General Enquiry,High,Open,37.51,True,Branch,I need information about my account.,False,False,False,False
CASE001703,CUST00805,TXN0005653,2026-05-14,Transaction Dispute,Low,In Progress,48.09,True,Branch,I do not recognize this transaction.,False,False,False,False
CASE001704,CUST00512,TXN0002672,2026-07-15,Card Issue,Low,Resolved,40.3,True,Phone,My card transaction is not working.,False,False,False,False
CASE001705,CUST00274,TXN0003291,2025-10-03,Transaction Dispute,Medium,In Progress,5.31,False,Chat,I do not recognize this transaction.,False,False,False,False
CASE001706,CUST00640,TXN0003914,2025-08-13,KYC,Medium,Resolved,28.78,True,Chat,I need help updating my KYC documents.,False,False,False,False
CASE001707,CUST00456,TXN0006818,2025-09-06,General Enquiry,Medium,Escalated,22.37,False,Chat,Not Provided,False,True,False,False
CASE001708,CUST00168,TXN0003386,2026-06-26,KYC,Low,Open,26.93,True,Branch,I need help updating my KYC documents.,False,False,False,False
CASE001709,CUST00799,TXN0001826,2025-05-13,KYC,Medium,Resolved,22.94,False,App,I need help updating my KYC documents.,False,False,False,False
CASE001710,CUST00763,TXN0001079,2025-04-26,Payment Failure,Medium,Resolved,21.26,False,Branch,My payment failed and the amount was deducted.,False,False,False,False
CASE001711,CUST00887,TXN0002296,2025-01-18,Card Issue,Medium,In Progress,27.86,True,Email,My card transaction is not working.,False,False,False,False
CASE001712,CUST00040,TXN0006135,2025-12-11,KYC,Medium,Resolved,3.01,False,App,I need help updating my KYC documents.,False,False,False,False
CASE001713,CUST00608,TXN0002542,2025-05-10,Card Issue,Medium,Open,24.34,True,App,My card transaction is not working.,False,False,False,False
CASE001714,CUST01197,TXN0002953,2025-06-12,Card Issue,High,Resolved,14.97,False,Branch,My card transaction is not working.,False,False,False,False
CASE001715,CUST00648,TXN0003017,2025-02-20,General Enquiry,Medium,In Progress,3.3,False,Branch,I need information about my account.,False,False,False,False
CASE001716,CUST00786,TXN0001440,2026-03-21,Refund,High,Escalated,5.49,False,Chat,When will I receive my refund?,False,False,False,False
CASE001717,CUST00375,TXN0006777,2025-02-28,Transaction Dispute,Low,Escalated,17.22,False,App,I do not recognize this transaction.,False,False,False,False
CASE001718,CUST00766,TXN0002716,2025-06-26,Payment Failure,Medium,Open,4.25,False,Email,My payment failed and the amount was deducted.,False,False,False,False
CASE001719,CUST00839,TXN0005914,2026-03-29,Card Issue,Medium,Open,22.11,False,Phone,My card transaction is not working.,False,False,False,False
CASE001720,CUST00129,TXN0000229,2025-12-31,KYC,Medium,In Progress,14.54,False,Phone,I need help updating my KYC documents.,False,False,False,False
CASE001721,CUST00345,TXN0006913,2025-12-20,Refund,High,Resolved,16.95,False,Chat,When will I receive my refund?,False,False,False,False
CASE001722,CUST01108,TXN0002821,2025-11-01,Transaction Dispute,Low,In Progress,19.85,False,Phone,I do not recognize this transaction.,False,False,False,False
CASE001723,CUST00315,TXN0004370,2025-12-28,Transaction Dispute,Medium,Resolved,19.72,False,App,I do not recognize this transaction.,False,False,False,False
CASE001724,CUST00520,TXN0000280,2026-03-06,General Enquiry,Low,Resolved,22.3,False,Email,I need information about my account.,False,False,False,False
CASE001725,CUST00109,TXN0003026,2026-04-13,KYC,Medium,In Progress,13.53,False,App,I need help updating my KYC documents.,False,False,False,False
CASE001726,CUST00782,TXN0005672,2026-09-27,KYC,Critical,Resolved,16.04,False,Chat,I need help updating my KYC documents.,False,False,False,False
CASE001727,CUST00450,TXN0002216,2025-03-27,Payment Failure,Medium,Escalated,26.3,True,Chat,My payment failed and the amount was deducted.,False,False,False,False
CASE001728,CUST01019,TXN0002211,2026-09-01,KYC,Low,Resolved,13.32,False,Chat,I need help updating my KYC documents.,False,False,False,False
CASE001729,CUST00930,TXN0005600,2026-01-03,KYC,Low,In Progress,3.75,False,Email,I need help updating my KYC documents.,False,False,False,False
CASE001730,CUST00928,TXN0003423,2026-06-18,General Enquiry,Low,In Progress,,False,Phone,I need information about my account.,False,False,True,True
CASE001731,CUST00312,TXN0000165,2026-06-28,Card Issue,Medium,In Progress,12.14,False,Phone,My card transaction is not working.,False,False,False,False
CASE001732,CUST00230,TXN0006072,2025-04-01,Account Issue,High,Resolved,9.46,False,App,I am unable to access my account.,False,False,False,False
CASE001733,CUST00799,TXN0001744,2025-03-31,Account Issue,Medium,Resolved,12.74,False,Phone,I am unable to access my account.,False,False,False,False
CASE001734,CUST00594,TXN0005768,2025-03-23,Refund,Medium,In Progress,20.32,False,Phone,When will I receive my refund?,False,False,False,False
CASE001735,CUST01133,TXN0002868,2026-01-03,Payment Failure,Low,Open,28.17,True,App,My payment failed and the amount was deducted.,False,False,False,False
CASE001736,CUST01162,TXN0004105,2025-06-23,Refund,High,In Progress,5.58,False,Email,When will I receive my refund?,False,False,False,False
CASE001737,CUST01029,TXN0001097,2026-09-14,Refund,Medium,Resolved,24.86,True,Branch,When will I receive my refund?,False,False,False,False
CASE001738,CUST01178,TXN0003354,2026-05-23,Card Issue,Low,In Progress,10.23,False,Branch,My card transaction is not working.,False,False,False,False
CASE001739,CUST00041,TXN0002886,2026-07-25,General Enquiry,High,Resolved,30.71,True,Chat,I need information about my account.,False,False,False,False
CASE001740,CUST00803,TXN0002691,2025-07-31,General Enquiry,Medium,Open,13.7,False,Phone,I need information about my account.,False,False,False,False
CASE001741,CUST00114,TXN0006937,2025-04-04,Account Issue,Medium,Resolved,20.52,False,Chat,I am unable to access my account.,False,False,False,False
CASE001742,CUST01084,TXN0003208,2026-09-29,Transaction Dispute,Low,Escalated,17.53,False,App,I do not recognize this transaction.,False,False,False,False
CASE001743,CUST00985,TXN0004453,2026-09-17,Refund,High,Open,14.23,False,Chat,When will I receive my refund?,False,False,False,False
CASE001744,CUST00364,TXN0006371,2026-07-12,Refund,High,Open,74.76,True,Branch,When will I receive my refund?,False,False,False,False
CASE001745,CUST01199,TXN0000705,2026-07-03,Transaction Dispute,Medium,Resolved,15.89,False,Email,I do not recognize this transaction.,False,False,False,False
CASE001746,CUST00256,TXN0005725,2025-07-01,Account Issue,Medium,In Progress,36.52,True,Phone,I am unable to access my account.,False,False,False,False
CASE001747,CUST01058,TXN0002286,2025-06-14,Account Issue,Low,Resolved,15.28,False,Chat,I am unable to access my account.,False,False,False,False
CASE001748,CUST00273,TXN0003139,2025-11-06,Account Issue,High,Open,23.97,False,Branch,Not Provided,False,True,False,False
CASE001749,CUST00168,TXN0002047,2025-02-05,Account Issue,Medium,Resolved,3.15,False,Email,I am unable to access my account.,False,False,False,False
CASE001750,CUST01019,TXN0002440,2026-01-09,General Enquiry,Medium,Resolved,44.43,True,Chat,I need information about my account.,False,False,False,False
CASE001751,CUST00273,TXN0005209,2026-01-13,Account Issue,Medium,In Progress,10.25,False,App,I am unable to access my account.,False,False,False,False
CASE001752,CUST00158,TXN0000841,2026-05-31,KYC,Critical,Resolved,10.46,False,Email,I need help updating my KYC documents.,False,False,False,False
CASE001753,CUST00244,TXN0001965,2026-08-16,General Enquiry,Medium,Resolved,,False,Branch,I need information about my account.,False,False,True,True
CASE001754,CUST01019,TXN0000594,2025-10-21,Transaction Dispute,Low,Open,5.14,False,Email,I do not recognize this transaction.,False,False,False,False
CASE001755,CUST00977,TXN0002827,2026-04-26,Card Issue,High,Resolved,45.4,True,Chat,My card transaction is not working.,False,False,False,False
CASE001756,CUST00224,TXN0004590,2025-04-13,Payment Failure,Medium,Resolved,6.73,False,Chat,My payment failed and the amount was deducted.,False,False,False,False
CASE001757,CUST00097,TXN0001768,2026-07-12,General Enquiry,High,Escalated,8.58,False,Email,I need information about my account.,False,False,False,False
CASE001758,CUST00284,TXN0005991,2026-04-12,Transaction Dispute,High,Resolved,21.26,False,App,I do not recognize this transaction.,False,False,False,False
CASE001759,CUST00762,TXN0002670,2026-06-24,Account Issue,Critical,Resolved,,False,Phone,I am unable to access my account.,False,False,False,True
CASE001760,CUST01128,TXN0005720,2025-03-13,General Enquiry,Low,In Progress,5.31,False,App,I need information about my account.,False,False,False,False
CASE001761,CUST01053,TXN0000731,2025-11-26,Payment Failure,Low,In Progress,20.13,False,Chat,My payment failed and the amount was deducted.,False,False,False,False
CASE001762,CUST00129,TXN0005068,2025-07-15,Refund,Unknown,In Progress,21.98,False,Phone,When will I receive my refund?,True,False,False,False
CASE001763,CUST00937,TXN0004799,2026-03-01,KYC,High,In Progress,13.33,False,Phone,I need help updating my KYC documents.,False,False,False,False
CASE001764,CUST00672,TXN0002650,2025-06-05,KYC,Medium,Resolved,21.29,False,App,I need help updating my KYC documents.,False,False,False,False
CASE001765,CUST00016,TXN0000990,2025-01-03,KYC,Low,Resolved,33.95,True,Branch,I need help updating my KYC documents.,False,False,False,False
CASE001766,CUST00118,TXN0004309,2026-02-28,Refund,Low,Open,42.3,True,Branch,When will I receive my refund?,False,False,False,False
CASE001767,CUST01087,TXN0003873,2025-09-24,Transaction Dispute,Medium,Resolved,5.88,False,Email,I do not recognize this transaction.,False,False,False,False
CASE001768,CUST00864,TXN0001235,2025-12-13,Card Issue,Medium,In Progress,25.94,True,Branch,My card transaction is not working.,False,False,False,False
CASE001769,CUST01032,TXN0002163,2025-08-11,Transaction Dispute,Low,Resolved,8.86,False,App,I do not recognize this transaction.,False,False,False,False
CASE001770,CUST00658,TXN0002051,2026-08-06,KYC,Low,In Progress,32.14,True,Branch,I need help updating my KYC documents.,False,False,False,False
CASE001771,CUST00904,TXN0004447,2026-06-07,Account Issue,Medium,Resolved,27.04,True,Chat,I am unable to access my account.,False,False,False,False
CASE001772,CUST00993,TXN0003585,2025-07-17,Transaction Dispute,Medium,In Progress,6.88,False,Email,I do not recognize this transaction.,False,False,False,False
CASE001773,CUST00138,TXN0003017,2025-12-23,Transaction Dispute,Medium,Resolved,10.07,False,Email,I do not recognize this transaction.,False,False,False,False
CASE001774,CUST00540,TXN0000869,2025-02-24,Refund,High,Resolved,23.41,False,Branch,When will I receive my refund?,False,False,False,False
CASE001775,CUST01028,TXN0006868,2025-08-22,Transaction Dispute,Low,Escalated,16.38,False,Chat,I do not recognize this transaction.,False,False,False,False
CASE001776,CUST00371,TXN0004683,2026-03-11,General Enquiry,Low,Escalated,5.93,False,App,I need information about my account.,False,False,False,False
CASE001777,CUST00547,TXN0006204,2025-10-20,Card Issue,High,Resolved,20.32,False,Chat,My card transaction is not working.,False,False,False,False
CASE001778,CUST00616,TXN0006310,2026-03-20,Account Issue,Medium,Open,9.83,False,Phone,I am unable to access my account.,False,False,False,False
CASE001779,CUST00163,TXN0004558,2025-04-09,Transaction Dispute,High,In Progress,15.28,False,Branch,I do not recognize this transaction.,False,False,False,False
CASE001780,CUST01136,TXN0004963,2025-05-08,KYC,Low,In Progress,29.27,True,Email,I need help updating my KYC documents.,False,False,False,False
CASE001781,CUST01185,TXN0002780,2026-07-26,KYC,Medium,Resolved,16.09,False,App,I need help updating my KYC documents.,False,False,False,False
CASE001782,CUST00175,TXN0000647,2025-03-24,General Enquiry,Medium,In Progress,18.07,False,Branch,I need information about my account.,False,False,False,False
CASE001783,CUST00080,TXN0000631,2026-03-30,KYC,Low,In Progress,7.57,False,Chat,I need help updating my KYC documents.,False,False,False,False
CASE001784,CUST01132,TXN0002948,2025-10-01,Refund,Low,Resolved,9.42,False,Email,When will I receive my refund?,False,False,False,False
CASE001785,CUST01036,TXN0001001,2025-09-02,General Enquiry,Medium,Resolved,9.3,False,Chat,I need information about my account.,False,False,False,False
CASE001786,CUST00980,TXN0006348,2026-08-31,General Enquiry,Medium,Resolved,16.02,False,App,I need information about my account.,False,False,False,False
CASE001787,CUST00169,TXN0005324,2026-03-18,Card Issue,Medium,Resolved,8.09,False,App,My card transaction is not working.,False,False,False,False
CASE001788,CUST00431,TXN0003573,2026-07-31,KYC,Low,Resolved,,False,App,I need help updating my KYC documents.,False,False,False,True
CASE001789,CUST01132,TXN0006364,2025-03-24,Transaction Dispute,Low,Resolved,35.61,True,Email,I do not recognize this transaction.,False,False,False,False
CASE001790,CUST00092,TXN0003562,2025-07-15,Transaction Dispute,Medium,In Progress,28.4,True,Phone,I do not recognize this transaction.,False,False,False,False
CASE001791,CUST00018,TXN0004619,2025-04-10,KYC,Low,Resolved,27.53,True,App,I need help updating my KYC documents.,False,False,False,False
CASE001792,CUST00582,TXN0004371,2025-06-07,Card Issue,Medium,Resolved,18.87,False,Phone,My card transaction is not working.,False,False,False,False
CASE001793,CUST00119,TXN0003387,2026-03-24,KYC,Medium,Open,,False,Phone,I need help updating my KYC documents.,False,False,True,True
CASE001794,CUST00690,TXN0001269,2025-10-31,General Enquiry,High,Resolved,9.81,False,App,I need information about my account.,False,False,False,False
CASE001795,CUST00875,TXN0003281,2026-06-05,Account Issue,Low,Resolved,26.59,True,Phone,I am unable to access my account.,False,False,False,False
CASE001796,CUST00872,TXN0000225,2025-04-20,Account Issue,Low,Resolved,13.05,False,Branch,I am unable to access my account.,False,False,False,False
CASE001797,CUST00458,TXN0001735,2025-06-28,General Enquiry,Medium,Resolved,17.87,False,App,I need information about my account.,False,False,False,False
CASE001798,CUST00479,TXN0003893,2026-03-03,Refund,Medium,Escalated,25.63,True,App,When will I receive my refund?,False,False,False,False
CASE001799,CUST00522,TXN0002498,2025-11-09,Payment Failure,Medium,In Progress,19.81,False,Chat,My payment failed and the amount was deducted.,False,False,False,False
CASE001800,CUST00917,TXN0001367,2025-06-27,KYC,Low,Open,19.83,False,Chat,I need help updating my KYC documents.,False,False,False,False
CASE001801,CUST00682,TXN0003963,2025-01-07,KYC,Medium,Escalated,37.91,True,Email,I need help updating my KYC documents.,False,False,False,False
CASE001802,CUST01184,TXN0005251,2025-05-11,Refund,High,Resolved,12.59,False,Branch,When will I receive my refund?,False,False,False,False
CASE001803,CUST00280,TXN0001529,2025-12-15,Account Issue,Low,In Progress,16.66,False,Email,I am unable to access my account.,False,False,False,False
CASE001804,CUST00926,TXN0000128,2026-05-15,Transaction Dispute,Medium,Open,17.44,False,Phone,I do not recognize this transaction.,False,False,False,False
CASE001805,CUST01082,TXN0004333,2025-10-12,General Enquiry,Medium,Open,16.4,False,Phone,I need information about my account.,False,False,False,False
CASE001806,CUST00886,TXN0001100,2026-08-11,Transaction Dispute,Medium,Resolved,12.49,False,Chat,I do not recognize this transaction.,False,False,False,False
CASE001807,CUST00708,TXN0006339,2026-08-06,Transaction Dispute,Low,Resolved,20.06,False,Email,I do not recognize this transaction.,False,False,False,False
CASE001808,CUST00724,TXN0003244,2026-08-07,KYC,Medium,Open,6.06,False,Branch,I need help updating my KYC documents.,False,False,False,False
CASE001809,CUST01167,TXN0005363,2025-03-24,Refund,High,Resolved,35.41,True,Chat,When will I receive my refund?,False,False,False,False
CASE001810,CUST00218,TXN0000877,2026-05-27,Payment Failure,Medium,Resolved,8.84,False,App,My payment failed and the amount was deducted.,False,False,False,False
CASE001811,CUST00628,TXN0005802,2026-09-19,Transaction Dispute,Medium,Resolved,19.37,False,Email,I do not recognize this transaction.,False,False,False,False
CASE001812,CUST00615,TXN0002802,2025-10-25,Payment Failure,Medium,Resolved,12.48,False,Chat,My payment failed and the amount was deducted.,False,False,False,False
CASE001813,CUST00850,TXN0004325,2025-09-04,Payment Failure,Medium,Escalated,19.19,False,Chat,My payment failed and the amount was deducted.,False,False,False,False
CASE001814,CUST01096,TXN0000612,2025-10-06,KYC,Medium,In Progress,19.25,False,Email,I need help updating my KYC documents.,False,False,False,False
CASE001815,CUST00865,TXN0003952,2025-03-23,Payment Failure,Medium,Resolved,11.52,False,Chat,My payment failed and the amount was deducted.,False,False,False,False
CASE001816,CUST01157,TXN0006784,2026-01-07,Account Issue,Medium,In Progress,15.17,False,Chat,I am unable to access my account.,False,False,False,False
CASE001817,CUST00863,TXN0002716,2025-12-22,Transaction Dispute,Medium,Resolved,7.65,False,Branch,I do not recognize this transaction.,False,False,False,False
CASE001818,CUST00851,TXN0005953,2025-02-13,Refund,High,In Progress,3.17,False,App,When will I receive my refund?,False,False,False,False
CASE001819,CUST00360,TXN0006190,2026-06-18,Card Issue,Low,Open,9.48,False,Email,My card transaction is not working.,False,False,False,False
CASE001820,CUST00040,TXN0001049,2026-02-18,Transaction Dispute,Low,Open,5.06,False,Phone,I do not recognize this transaction.,False,False,False,False
CASE001821,CUST00754,TXN0002970,2026-08-15,Card Issue,Medium,In Progress,7.51,False,App,My card transaction is not working.,False,False,False,False
CASE001822,CUST00644,TXN0002980,2025-12-12,KYC,Medium,Resolved,6.63,False,Chat,I need help updating my KYC documents.,False,False,False,False
CASE001823,CUST01089,TXN0005737,2026-01-19,KYC,Critical,In Progress,18.65,False,Chat,I need help updating my KYC documents.,False,False,False,False
CASE001824,CUST00472,TXN0001620,2025-07-28,Card Issue,Medium,In Progress,,True,App,My card transaction is not working.,False,False,True,True
CASE001825,CUST01139,TXN0001586,2025-02-15,KYC,Medium,In Progress,4.58,False,App,I need help updating my KYC documents.,False,False,False,False
CASE001826,CUST00369,TXN0001702,2025-11-29,General Enquiry,Medium,Open,5.51,False,Branch,I need information about my account.,False,False,False,False
CASE001827,CUST00952,TXN0001528,2025-10-30,Transaction Dispute,Medium,Escalated,18.75,False,Branch,I do not recognize this transaction.,False,False,False,False
CASE001828,CUST00561,TXN0004172,2026-06-04,Card Issue,Low,Resolved,24.07,True,App,My card transaction is not working.,False,False,False,False
CASE001829,CUST01002,TXN0003856,2026-09-13,Transaction Dispute,Critical,Resolved,26.83,True,Branch,I do not recognize this transaction.,False,False,False,False
CASE001830,CUST00811,TXN0004261,2025-08-04,KYC,Low,Open,4.74,False,Email,I need help updating my KYC documents.,False,False,False,False
CASE001831,CUST00396,TXN0001240,2025-02-17,Card Issue,Low,Open,19.67,False,Email,My card transaction is not working.,False,False,False,False
CASE001832,CUST01186,TXN0005101,2025-03-09,Payment Failure,Medium,Open,37.87,True,Email,My payment failed and the amount was deducted.,False,False,False,False
CASE001833,CUST00657,TXN0004613,2026-07-01,Card Issue,Medium,Resolved,24.48,True,Email,My card transaction is not working.,False,False,False,False
CASE001834,CUST00928,TXN0006903,2025-12-04,Account Issue,Medium,Open,17.5,False,Email,I am unable to access my account.,False,False,False,False
CASE001835,CUST00941,TXN0003334,2025-12-21,Card Issue,High,Resolved,17.38,False,Chat,My card transaction is not working.,False,False,False,False
CASE001836,CUST00810,TXN0005659,2026-02-09,Account Issue,Medium,In Progress,26.63,True,Phone,I am unable to access my account.,False,False,False,False
CASE001837,CUST00822,TXN0002699,2026-06-06,Transaction Dispute,Low,Resolved,1.41,False,Email,I do not recognize this transaction.,False,False,False,False
CASE001838,CUST00500,TXN0002191,2026-09-08,KYC,Medium,Resolved,29.71,True,Phone,I need help updating my KYC documents.,False,False,False,False
CASE001839,CUST00435,TXN0002319,2026-02-07,Card Issue,Medium,In Progress,14.51,False,Branch,My card transaction is not working.,False,False,False,False
CASE001840,CUST00330,TXN0003672,2025-07-15,Refund,Low,Resolved,10.86,False,Branch,When will I receive my refund?,False,False,False,False
CASE001841,CUST00256,TXN0005158,2026-09-23,General Enquiry,High,Resolved,29.7,True,Email,I need information about my account.,False,False,False,False
CASE001842,CUST00167,TXN0002704,2026-06-01,Refund,Medium,Resolved,11.58,False,App,When will I receive my refund?,False,False,False,False
CASE001843,CUST00486,TXN0001809,2025-11-03,Transaction Dispute,Low,Open,25.85,True,Chat,I do not recognize this transaction.,False,False,False,False
CASE001844,CUST00876,TXN0000265,2026-09-06,Card Issue,Medium,In Progress,13.97,False,Phone,My card transaction is not working.,False,False,False,False
CASE001845,CUST00999,TXN0002562,2025-04-26,General Enquiry,High,Resolved,8.9,False,App,I need information about my account.,False,False,False,False
CASE001846,CUST01120,TXN0000888,2025-06-13,Payment Failure,Low,Resolved,21.11,False,Email,My payment failed and the amount was deducted.,False,False,False,False
CASE001847,CUST00876,TXN0000296,2025-10-16,Payment Failure,Low,Resolved,10.0,False,App,My payment failed and the amount was deducted.,False,False,False,False
CASE001848,CUST01160,TXN0004770,2026-07-11,Refund,Low,Resolved,11.94,False,App,When will I receive my refund?,False,False,False,False
CASE001849,CUST01084,TXN0005231,2026-01-22,General Enquiry,Medium,Resolved,12.98,False,App,I need information about my account.,False,False,False,False
CASE001850,CUST00178,TXN0000832,2025-05-26,Transaction Dispute,Medium,Resolved,17.61,False,Chat,I do not recognize this transaction.,False,False,False,False
CASE001851,CUST00042,TXN0000283,2025-06-07,Refund,Medium,Resolved,21.98,False,App,When will I receive my refund?,False,False,False,False
CASE001852,CUST00509,TXN0003899,2025-02-10,KYC,Low,In Progress,18.52,False,Email,I need help updating my KYC documents.,False,False,False,False
CASE001853,CUST00457,TXN0004092,2025-09-17,KYC,Low,Resolved,13.91,False,Email,I need help updating my KYC documents.,False,False,False,False
CASE001854,CUST00447,TXN0001681,2026-09-11,Card Issue,Low,Resolved,4.88,False,Phone,My card transaction is not working.,False,False,False,False
CASE001855,CUST00970,TXN0000677,2026-03-16,Refund,Medium,Resolved,,False,Phone,When will I receive my refund?,False,False,False,True
CASE001856,CUST00601,TXN0000572,2025-03-03,Card Issue,Low,In Progress,45.14,True,Email,My card transaction is not working.,False,False,False,False
CASE001857,CUST00776,TXN0003740,2025-07-29,KYC,Low,Resolved,15.03,False,Phone,I need help updating my KYC documents.,False,False,False,False
CASE001858,CUST00052,TXN0006092,2026-01-26,Refund,High,Resolved,10.72,False,Email,When will I receive my refund?,False,False,False,False
CASE001859,CUST00648,TXN0005762,2025-02-02,Transaction Dispute,High,Resolved,8.98,False,Phone,I do not recognize this transaction.,False,False,False,False
CASE001860,CUST01133,TXN0003973,2026-09-19,Transaction Dispute,Low,Resolved,7.63,False,App,I do not recognize this transaction.,False,False,False,False
CASE001861,CUST00599,TXN0000609,2025-06-13,Transaction Dispute,High,Resolved,32.08,True,Branch,I do not recognize this transaction.,False,False,False,False
CASE001862,CUST00710,TXN0001648,2025-07-22,Transaction Dispute,Unknown,Resolved,14.95,False,Chat,I do not recognize this transaction.,True,False,False,False
CASE001863,CUST00560,TXN0006471,2025-09-06,KYC,Low,Escalated,11.64,False,Branch,I need help updating my KYC documents.,False,False,False,False
CASE001864,CUST00311,TXN0003107,2025-05-26,Card Issue,Medium,Resolved,16.93,False,Branch,My card transaction is not working.,False,False,False,False
CASE001865,CUST01183,TXN0000219,2025-07-30,Payment Failure,High,In Progress,14.88,False,Chat,My payment failed and the amount was deducted.,False,False,False,False
CASE001866,CUST00739,TXN0000244,2025-07-16,Refund,Medium,Resolved,19.5,False,Phone,When will I receive my refund?,False,False,False,False
CASE001867,CUST00883,TXN0000988,2025-07-14,General Enquiry,Low,Escalated,12.31,False,Branch,I need information about my account.,False,False,False,False
CASE001868,CUST01148,TXN0003839,2025-03-14,Transaction Dispute,Medium,Resolved,11.56,False,App,I do not recognize this transaction.,False,False,False,False
CASE001869,CUST00682,TXN0003453,2025-09-08,Refund,Low,Resolved,17.89,False,App,When will I receive my refund?,False,False,False,False
CASE001870,CUST00300,TXN0005297,2025-02-26,Account Issue,High,Open,10.13,False,Chat,I am unable to access my account.,False,False,False,False
CASE001871,CUST00869,TXN0001341,2026-02-05,Account Issue,Medium,Resolved,25.89,True,Phone,I am unable to access my account.,False,False,False,False
CASE001872,CUST00551,TXN0000389,2026-07-15,Account Issue,High,Resolved,30.9,True,Branch,I am unable to access my account.,False,False,False,False
CASE001873,CUST00504,TXN0001259,2025-11-04,Refund,Medium,Resolved,11.05,False,Chat,When will I receive my refund?,False,False,False,False
CASE001874,CUST00664,TXN0002559,2025-10-04,Transaction Dispute,Medium,In Progress,23.93,False,Branch,I do not recognize this transaction.,False,False,False,False
CASE001875,CUST00754,TXN0002039,2025-02-15,General Enquiry,Critical,Open,10.85,False,Email,I need information about my account.,False,False,False,False
CASE001876,CUST00253,TXN0005223,2025-02-22,General Enquiry,High,Resolved,13.46,False,Email,I need information about my account.,False,False,False,False
CASE001877,CUST00746,TXN0000472,2026-04-12,Card Issue,Medium,Open,27.8,True,Branch,My card transaction is not working.,False,False,False,False
CASE001878,CUST00840,TXN0001554,2026-08-05,KYC,Medium,Resolved,8.73,False,App,I need help updating my KYC documents.,False,False,False,False
CASE001879,CUST00328,TXN0000654,2026-06-26,Card Issue,Medium,Open,49.19,True,Chat,My card transaction is not working.,False,False,False,False
CASE001880,CUST00095,TXN0002596,2025-01-07,Refund,Medium,In Progress,20.06,False,Chat,When will I receive my refund?,False,False,False,False
CASE001881,CUST00400,TXN0005638,2025-10-24,Payment Failure,Critical,Resolved,0.8,False,Branch,My payment failed and the amount was deducted.,False,False,False,False
CASE001882,CUST00090,TXN0000412,2026-04-22,Card Issue,High,Resolved,31.9,True,Email,My card transaction is not working.,False,False,False,False
CASE001883,CUST00800,TXN0006353,2025-05-03,Refund,Low,In Progress,26.36,True,Chat,When will I receive my refund?,False,False,False,False
CASE001884,CUST00959,TXN0002888,2026-04-02,Transaction Dispute,Medium,Resolved,19.09,False,App,I do not recognize this transaction.,False,False,False,False
CASE001885,CUST00043,TXN0003092,2026-03-15,Card Issue,Medium,Open,11.45,False,Branch,My card transaction is not working.,False,False,False,False
CASE001886,CUST00126,TXN0004979,2026-05-08,General Enquiry,High,Resolved,5.8,False,App,I need information about my account.,False,False,False,False
CASE001887,CUST00834,TXN0005201,2026-06-14,KYC,Low,In Progress,18.35,False,App,I need help updating my KYC documents.,False,False,False,False
CASE001888,CUST00509,TXN0004673,2025-06-02,Transaction Dispute,High,In Progress,22.03,False,App,I do not recognize this transaction.,False,False,False,False
CASE001889,CUST00773,TXN0000895,2026-02-18,Account Issue,High,Resolved,25.77,True,Branch,I am unable to access my account.,False,False,False,False
CASE001890,CUST00508,TXN0006535,2025-12-16,Transaction Dispute,Medium,In Progress,22.68,False,Chat,I do not recognize this transaction.,False,False,False,False
CASE001891,CUST00838,TXN0003736,2025-10-28,Card Issue,Medium,In Progress,51.81,True,Chat,My card transaction is not working.,False,False,False,False
CASE001892,CUST00979,TXN0006553,2026-03-07,KYC,Low,Resolved,38.11,True,Phone,I need help updating my KYC documents.,False,False,False,False
CASE001893,CUST00635,TXN0006667,2025-01-23,Card Issue,Medium,Resolved,44.88,True,Chat,My card transaction is not working.,False,False,False,False
CASE001894,CUST00352,TXN0000428,2026-03-18,General Enquiry,Low,Resolved,17.96,False,Branch,I need information about my account.,False,False,False,False
CASE001895,CUST00101,TXN0001037,2025-05-15,Account Issue,Medium,Resolved,20.76,False,App,I am unable to access my account.,False,False,False,False
CASE001896,CUST00917,TXN0002022,2025-04-27,General Enquiry,High,Resolved,15.56,False,Chat,I need information about my account.,False,False,False,False
CASE001897,CUST00396,TXN0003674,2025-04-18,KYC,Low,Resolved,9.55,False,Branch,I need help updating my KYC documents.,False,False,False,False
CASE001898,CUST00932,TXN0006415,2025-04-12,Transaction Dispute,High,Escalated,14.03,False,App,I do not recognize this transaction.,False,False,False,False
CASE001899,CUST00856,TXN0006545,2026-09-19,KYC,Critical,Resolved,16.66,False,Branch,I need help updating my KYC documents.,False,False,False,False
CASE001900,CUST00561,TXN0003620,2026-04-22,Transaction Dispute,Low,Resolved,34.77,True,Email,I do not recognize this transaction.,False,False,False,False
CASE001901,CUST00768,TXN0002916,2025-03-13,Payment Failure,Medium,In Progress,17.04,False,Chat,My payment failed and the amount was deducted.,False,False,False,False
CASE001902,CUST01056,TXN0003351,2026-09-16,KYC,Low,Open,12.65,False,Email,I need help updating my KYC documents.,False,False,False,False
CASE001903,CUST00178,TXN0005638,2026-02-02,Account Issue,Low,Open,14.08,False,Chat,I am unable to access my account.,False,False,False,False
CASE001904,CUST01063,TXN0004688,2026-01-18,Account Issue,Medium,In Progress,9.18,False,Chat,I am unable to access my account.,False,False,False,False
CASE001905,CUST00066,TXN0006626,2025-09-18,KYC,Medium,Open,27.42,True,Email,I need help updating my KYC documents.,False,False,False,False
CASE001906,CUST00062,TXN0003633,2026-05-11,Account Issue,Medium,In Progress,58.87,True,Phone,I am unable to access my account.,False,False,False,False
CASE001907,CUST00126,TXN0003584,2025-07-31,Refund,Low,Resolved,53.15,True,Chat,When will I receive my refund?,False,False,False,False
CASE001908,CUST00687,TXN0000506,2025-03-08,Payment Failure,Medium,Escalated,7.31,False,App,My payment failed and the amount was deducted.,False,False,False,False
CASE001909,CUST00193,TXN0006142,2025-07-26,KYC,Low,In Progress,20.34,False,Email,I need help updating my KYC documents.,False,False,False,False
CASE001910,CUST01174,TXN0004970,2025-02-27,Account Issue,Medium,Resolved,32.35,True,Branch,I am unable to access my account.,False,False,False,False
CASE001911,CUST01178,TXN0005318,2025-04-08,KYC,Low,Resolved,10.03,False,Email,I need help updating my KYC documents.,False,False,False,False
CASE001912,CUST00105,TXN0001977,2026-03-30,KYC,Critical,Open,31.24,True,Email,I need help updating my KYC documents.,False,False,False,False
CASE001913,CUST01136,TXN0004597,2025-06-02,Card Issue,Unknown,Resolved,34.34,True,Phone,My card transaction is not working.,True,False,False,False
CASE001914,CUST00913,TXN0005554,2026-04-29,KYC,Medium,Resolved,9.42,False,Chat,I need help updating my KYC documents.,False,False,False,False
CASE001915,CUST00966,TXN0003322,2026-08-15,Refund,Medium,In Progress,22.75,False,App,When will I receive my refund?,False,False,False,False
CASE001916,CUST00464,TXN0005993,2025-10-29,KYC,High,Resolved,7.91,False,Chat,I need help updating my KYC documents.,False,False,False,False
CASE001917,CUST00813,TXN0005618,2025-01-06,Account Issue,Medium,Open,13.06,False,Email,I am unable to access my account.,False,False,False,False
CASE001918,CUST00544,TXN0004481,2026-04-01,Refund,Medium,Open,19.53,False,Email,When will I receive my refund?,False,False,False,False
CASE001919,CUST00024,TXN0002765,2026-02-14,Account Issue,High,Resolved,11.18,False,Chat,I am unable to access my account.,False,False,False,False
CASE001920,CUST00927,TXN0003778,2026-04-21,Card Issue,Critical,Resolved,21.05,False,Chat,My card transaction is not working.,False,False,False,False
CASE001921,CUST00789,TXN0005721,2026-09-28,Card Issue,Low,Resolved,8.0,False,Branch,My card transaction is not working.,False,False,False,False
CASE001922,CUST00285,TXN0005335,2025-08-05,General Enquiry,Low,Escalated,5.82,False,Branch,I need information about my account.,False,False,False,False
CASE001923,CUST00808,TXN0005478,2026-09-26,Refund,High,Resolved,8.78,False,Chat,When will I receive my refund?,False,False,False,False
CASE001924,CUST01075,TXN0004965,2025-05-11,Transaction Dispute,Low,Resolved,6.29,False,Chat,I do not recognize this transaction.,False,False,False,False
CASE001925,CUST00360,TXN0004880,2026-09-13,Card Issue,Low,Resolved,10.49,False,Branch,My card transaction is not working.,False,False,False,False
CASE001926,CUST00150,TXN0001769,2026-01-18,Refund,Low,Resolved,11.96,False,Chat,When will I receive my refund?,False,False,False,False
CASE001927,CUST00581,TXN0003410,2025-03-06,Card Issue,Medium,In Progress,10.89,False,Email,My card transaction is not working.,False,False,False,False
CASE001928,CUST00249,TXN0005616,2025-04-19,General Enquiry,Medium,Resolved,14.87,False,Chat,I need information about my account.,False,False,False,False
CASE001929,CUST01085,TXN0000921,2025-04-12,General Enquiry,Low,Open,9.15,False,Branch,I need information about my account.,False,False,False,False
CASE001930,CUST00403,TXN0000301,2026-07-30,Payment Failure,High,Resolved,31.78,True,Email,My payment failed and the amount was deducted.,False,False,False,False
CASE001931,CUST00484,TXN0005387,2025-06-22,Refund,Critical,Resolved,7.76,False,Phone,When will I receive my refund?,False,False,False,False
CASE001932,CUST00472,TXN0005769,2025-07-27,Payment Failure,Medium,Resolved,19.92,False,Chat,My payment failed and the amount was deducted.,False,False,False,False
CASE001933,CUST00565,TXN0004054,2025-02-11,Payment Failure,High,In Progress,4.64,False,Chat,My payment failed and the amount was deducted.,False,False,False,False
CASE001934,CUST00578,TXN0004022,2025-12-13,Transaction Dispute,High,Open,22.39,False,Phone,I do not recognize this transaction.,False,False,False,False
CASE001935,CUST00140,TXN0003893,2025-05-11,Refund,Medium,In Progress,18.62,False,Branch,When will I receive my refund?,False,False,False,False
CASE001936,CUST00126,TXN0006009,2025-10-18,General Enquiry,Low,Open,29.35,True,Phone,I need information about my account.,False,False,False,False
CASE001937,CUST00029,TXN0004720,2026-06-16,Refund,Medium,Resolved,14.86,False,Branch,When will I receive my refund?,False,False,False,False
CASE001938,CUST01066,TXN0002778,2025-08-07,Card Issue,High,Resolved,33.78,True,Branch,My card transaction is not working.,False,False,False,False
CASE001939,CUST00012,TXN0005151,2025-07-24,Refund,High,In Progress,51.11,True,Chat,When will I receive my refund?,False,False,False,False
CASE001940,CUST00579,TXN0002634,2026-05-02,General Enquiry,Medium,Resolved,49.66,True,Branch,I need information about my account.,False,False,False,False
CASE001941,CUST00674,TXN0003385,2025-12-24,Transaction Dispute,High,Resolved,22.17,False,Chat,I do not recognize this transaction.,False,False,False,False
CASE001942,CUST00932,TXN0004149,2025-04-26,Account Issue,Low,Escalated,53.93,True,Branch,I am unable to access my account.,False,False,False,False
CASE001943,CUST00153,TXN0004110,2026-06-18,KYC,High,Resolved,40.1,True,Email,I need help updating my KYC documents.,False,False,False,False
CASE001944,CUST00918,TXN0006672,2026-08-09,Transaction Dispute,Medium,In Progress,,False,Chat,I do not recognize this transaction.,False,False,False,True
CASE001945,CUST00798,TXN0005961,2025-07-14,Refund,Medium,In Progress,19.3,False,App,When will I receive my refund?,False,False,False,False
CASE001946,CUST00627,TXN0003117,2025-02-21,KYC,High,Resolved,43.1,True,Chat,I need help updating my KYC documents.,False,False,False,False
CASE001947,CUST01050,TXN0005315,2026-04-13,General Enquiry,Low,Resolved,32.85,True,Phone,I need information about my account.,False,False,False,False
CASE001948,CUST01061,TXN0003625,2025-03-13,General Enquiry,High,Escalated,4.6,False,Chat,I need information about my account.,False,False,False,False
CASE001949,CUST00973,TXN0000627,2026-05-18,KYC,Medium,Open,30.65,True,Email,I need help updating my KYC documents.,False,False,False,False
CASE001950,CUST00212,TXN0004915,2026-06-17,General Enquiry,Unknown,In Progress,8.0,False,Chat,I need information about my account.,True,False,False,False
CASE001951,CUST01138,TXN0003671,2026-06-21,KYC,Medium,Resolved,28.56,True,Chat,I need help updating my KYC documents.,False,False,False,False
CASE001952,CUST00306,TXN0003184,2025-04-02,Card Issue,High,Resolved,20.13,False,Branch,My card transaction is not working.,False,False,False,False
CASE001953,CUST00392,TXN0005703,2025-05-04,Payment Failure,Low,Resolved,22.34,False,Email,My payment failed and the amount was deducted.,False,False,False,False
CASE001954,CUST00094,TXN0005676,2026-04-25,Payment Failure,Medium,Resolved,12.21,False,Phone,My payment failed and the amount was deducted.,False,False,False,False
CASE001955,CUST01113,TXN0005950,2026-08-17,Card Issue,Low,Open,21.61,False,App,My card transaction is not working.,False,False,False,False
CASE001956,CUST00482,TXN0004729,2026-04-21,General Enquiry,Low,Resolved,19.55,False,Chat,I need information about my account.,False,False,False,False
CASE001957,CUST00323,TXN0006139,2025-09-13,Account Issue,High,In Progress,17.09,False,Phone,I am unable to access my account.,False,False,False,False
CASE001958,CUST00084,TXN0006932,2025-12-30,Payment Failure,Medium,Resolved,19.88,False,Chat,My payment failed and the amount was deducted.,False,False,False,False
CASE001959,CUST01164,TXN0002814,2025-05-08,Refund,Medium,Resolved,9.17,False,Chat,When will I receive my refund?,False,False,False,False
CASE001960,CUST00084,TXN0001707,2026-05-27,Card Issue,High,Resolved,16.88,False,Chat,My card transaction is not working.,False,False,False,False
CASE001961,CUST00750,TXN0002630,2025-12-20,Payment Failure,Critical,Open,15.44,False,Branch,My payment failed and the amount was deducted.,False,False,False,False
CASE001962,CUST00595,TXN0003046,2026-07-13,Card Issue,Medium,Resolved,9.05,False,Branch,My card transaction is not working.,False,False,False,False
CASE001963,CUST00681,TXN0000959,2025-07-09,Account Issue,Low,Open,15.19,False,Branch,I am unable to access my account.,False,False,False,False
CASE001964,CUST00851,TXN0001622,2026-03-09,General Enquiry,Low,Resolved,2.39,False,Chat,I need information about my account.,False,False,False,False
CASE001965,CUST00106,TXN0001356,2025-11-28,Transaction Dispute,Medium,Open,20.2,False,Phone,I do not recognize this transaction.,False,False,False,False
CASE001966,CUST00310,TXN0005847,2025-07-05,Payment Failure,Medium,In Progress,35.71,True,Phone,My payment failed and the amount was deducted.,False,False,False,False
CASE001967,CUST00599,TXN0004766,2025-08-28,Card Issue,Medium,Open,27.63,True,Email,My card transaction is not working.,False,False,False,False
CASE001968,CUST00944,TXN0005494,2026-08-25,Account Issue,Medium,Open,9.08,False,Chat,I am unable to access my account.,False,False,False,False
CASE001969,CUST00438,TXN0003164,2026-02-23,Payment Failure,Low,Resolved,4.85,False,Email,My payment failed and the amount was deducted.,False,False,False,False
CASE001970,CUST00376,TXN0003954,2025-01-20,Payment Failure,Medium,In Progress,7.96,False,Email,My payment failed and the amount was deducted.,False,False,False,False
CASE001971,CUST00602,TXN0005083,2026-08-15,Card Issue,High,In Progress,18.42,False,Phone,My card transaction is not working.,False,False,False,False
CASE001972,CUST01066,TXN0001423,2025-05-12,Refund,Low,In Progress,8.61,False,App,When will I receive my refund?,False,False,False,False
CASE001973,CUST00418,TXN0002646,2026-06-04,Transaction Dispute,High,Resolved,9.1,False,App,I do not recognize this transaction.,False,False,False,False
CASE001974,CUST00100,TXN0003253,2025-09-28,KYC,Medium,Resolved,16.68,False,Chat,I need help updating my KYC documents.,False,False,False,False
CASE001975,CUST00055,TXN0000462,2026-06-23,KYC,Low,In Progress,14.42,False,App,I need help updating my KYC documents.,False,False,False,False
CASE001976,CUST00400,TXN0000263,2026-08-25,Transaction Dispute,Medium,Open,45.07,True,Email,I do not recognize this transaction.,False,False,False,False
CASE001977,CUST01162,TXN0004215,2026-04-20,KYC,High,Resolved,29.07,True,App,I need help updating my KYC documents.,False,False,False,False
CASE001978,CUST00864,TXN0002084,2025-05-07,Account Issue,Medium,Resolved,29.24,True,App,I am unable to access my account.,False,False,False,False
CASE001979,CUST01091,TXN0003073,2026-04-22,Refund,High,Resolved,5.44,False,Phone,When will I receive my refund?,False,False,False,False
CASE001980,CUST01116,TXN0000374,2025-11-02,General Enquiry,Medium,Escalated,14.02,False,App,I need information about my account.,False,False,False,False
CASE001981,CUST00398,TXN0002262,2025-03-29,General Enquiry,High,Open,4.0,False,Phone,I need information about my account.,False,False,False,False
CASE001982,CUST00995,TXN0001237,2025-09-17,Account Issue,Medium,In Progress,41.82,True,Phone,I am unable to access my account.,False,False,False,False
CASE001983,CUST00365,TXN0006550,2026-09-02,KYC,High,In Progress,36.19,True,Branch,I need help updating my KYC documents.,False,False,False,False
CASE001984,CUST01008,TXN0002989,2026-01-09,Refund,Medium,Open,10.97,False,App,When will I receive my refund?,False,False,False,False
CASE001985,CUST00543,TXN0002264,2026-03-21,General Enquiry,Medium,Resolved,28.74,True,App,I need information about my account.,False,False,False,False
CASE001986,CUST00230,TXN0006688,2026-02-01,General Enquiry,Low,Resolved,47.75,True,App,I need information about my account.,False,False,False,False
CASE001987,CUST00410,TXN0005281,2025-11-11,Account Issue,High,In Progress,22.96,False,Phone,I am unable to access my account.,False,False,False,False
CASE001988,CUST00977,TXN0003464,2025-05-17,General Enquiry,Critical,Resolved,21.4,False,Email,I need information about my account.,False,False,False,False
CASE001989,CUST00929,TXN0003781,2025-07-20,KYC,Medium,In Progress,21.3,False,App,I need help updating my KYC documents.,False,False,False,False
CASE001990,CUST00232,TXN0000211,2026-07-07,Account Issue,Medium,Resolved,24.62,True,Email,I am unable to access my account.,False,False,False,False
CASE001991,CUST00278,TXN0000013,2026-01-02,KYC,Low,Resolved,30.78,True,Chat,I need help updating my KYC documents.,False,False,False,False
CASE001992,CUST00727,TXN0005774,2026-03-01,KYC,Low,In Progress,28.04,True,Phone,I need help updating my KYC documents.,False,False,False,False
CASE001993,CUST00924,TXN0006560,2025-05-27,Payment Failure,High,Open,13.53,False,Email,My payment failed and the amount was deducted.,False,False,False,False
CASE001994,CUST01024,TXN0003451,2026-02-10,Transaction Dispute,Low,Resolved,15.86,False,Phone,I do not recognize this transaction.,False,False,False,False
CASE001995,CUST00798,TXN0005765,2025-01-20,General Enquiry,Medium,Resolved,19.05,False,Email,I need information about my account.,False,False,False,False
CASE001996,CUST00733,TXN0004202,2025-12-27,Payment Failure,Medium,Resolved,32.15,True,Chat,My payment failed and the amount was deducted.,False,False,False,False
CASE001997,CUST00197,TXN0001473,2025-09-17,Transaction Dispute,Medium,In Progress,34.58,True,App,I do not recognize this transaction.,False,False,False,False
CASE001998,CUST00768,TXN0004888,2025-09-22,General Enquiry,Medium,Resolved,16.98,False,Email,I need information about my account.,False,False,False,False
CASE001999,CUST00065,TXN0004359,2025-04-15,Payment Failure,Medium,In Progress,32.54,True,App,My payment failed and the amount was deducted.,False,False,False,False
CASE002000,CUST00897,TXN0000238,2025-08-11,Refund,Medium,Resolved,1.92,False,Email,When will I receive my refund?,False,False,False,False
CASE002001,CUST00591,TXN0002374,2026-06-30,General Enquiry,Medium,Open,37.49,True,Phone,I need information about my account.,False,False,False,False
CASE002002,CUST00698,TXN0001046,2025-10-26,General Enquiry,Low,Resolved,10.06,False,Chat,I need information about my account.,False,False,False,False
CASE002003,CUST01152,TXN0005649,2025-10-22,Transaction Dispute,Medium,Open,37.5,True,Email,I do not recognize this transaction.,False,False,False,False
CASE002004,CUST00155,TXN0005537,2025-09-10,Payment Failure,Medium,Resolved,9.24,False,Chat,My payment failed and the amount was deducted.,False,False,False,False
CASE002005,CUST01013,TXN0004856,2026-04-10,General Enquiry,High,Resolved,23.04,False,Phone,I need information about my account.,False,False,False,False
CASE002006,CUST00564,TXN0004683,2026-02-27,General Enquiry,Medium,Resolved,3.66,False,Email,I need information about my account.,False,False,False,False
CASE002007,CUST00346,TXN0003732,2026-01-25,Transaction Dispute,Low,In Progress,10.66,False,Phone,I do not recognize this transaction.,False,False,False,False
CASE002008,CUST00240,TXN0002869,2026-07-02,KYC,Medium,Resolved,26.2,True,Branch,I need help updating my KYC documents.,False,False,False,False
CASE002009,CUST01060,TXN0005426,2026-07-08,General Enquiry,Medium,In Progress,10.97,False,Email,I need information about my account.,False,False,False,False
CASE002010,CUST00562,TXN0000509,2026-08-28,Card Issue,Low,Resolved,16.34,False,Phone,My card transaction is not working.,False,False,False,False
CASE002011,CUST00908,TXN0004293,2026-01-06,KYC,Medium,In Progress,8.67,False,Chat,I need help updating my KYC documents.,False,False,False,False
CASE002012,CUST00947,TXN0001947,2026-07-29,Card Issue,Medium,In Progress,23.49,False,App,My card transaction is not working.,False,False,False,False
CASE002013,CUST00815,TXN0004699,2025-09-26,Payment Failure,Medium,Escalated,11.48,False,Email,My payment failed and the amount was deducted.,False,False,False,False
CASE002014,CUST00615,TXN0006787,2025-09-15,Card Issue,Medium,Resolved,10.19,False,App,My card transaction is not working.,False,False,False,False
CASE002015,CUST00454,TXN0003918,2026-02-05,Refund,Medium,Resolved,15.47,False,Email,When will I receive my refund?,False,False,False,False
CASE002016,CUST00641,TXN0004662,2026-01-16,Card Issue,Low,Open,4.81,False,Chat,My card transaction is not working.,False,False,False,False
CASE002017,CUST00313,TXN0005753,2025-01-07,Card Issue,Low,Resolved,6.6,False,Branch,My card transaction is not working.,False,False,False,False
CASE002018,CUST00575,TXN0006836,2025-03-12,Refund,Medium,In Progress,17.04,False,Phone,When will I receive my refund?,False,False,False,False
CASE002019,CUST00738,TXN0004628,2025-02-11,General Enquiry,Medium,In Progress,10.36,False,App,I need information about my account.,False,False,False,False
CASE002020,CUST01127,TXN0000481,2025-07-02,Card Issue,Low,Open,66.71,True,App,My card transaction is not working.,False,False,False,False
CASE002021,CUST00516,TXN0005045,2025-07-29,Payment Failure,Medium,Resolved,8.0,False,Chat,My payment failed and the amount was deducted.,False,False,False,False
CASE002022,CUST00094,TXN0005817,2025-01-30,Account Issue,Medium,Resolved,2.14,False,Chat,I am unable to access my account.,False,False,False,False
CASE002023,CUST00550,TXN0004085,2026-08-23,Account Issue,Medium,Resolved,13.07,False,Email,I am unable to access my account.,False,False,False,False
CASE002024,CUST01171,TXN0001322,2025-10-27,Refund,Medium,Resolved,17.69,False,Branch,When will I receive my refund?,False,False,False,False
CASE002025,CUST00700,TXN0000131,2026-08-24,Payment Failure,Medium,In Progress,36.44,True,App,My payment failed and the amount was deducted.,False,False,False,False
CASE002026,CUST01111,TXN0002205,2025-02-04,KYC,Medium,Resolved,24.67,True,Phone,I need help updating my KYC documents.,False,False,False,False
CASE002027,CUST00492,TXN0002379,2026-01-31,KYC,Medium,Escalated,4.52,False,Branch,I need help updating my KYC documents.,False,False,False,False
CASE002028,CUST00246,TXN0001040,2025-06-26,Card Issue,High,Escalated,12.12,False,Chat,My card transaction is not working.,False,False,False,False
CASE002029,CUST00196,TXN0005162,2026-05-16,Refund,Medium,Resolved,1.7,False,App,When will I receive my refund?,False,False,False,False
CASE002030,CUST00791,TXN0003756,2025-05-03,Card Issue,Low,In Progress,,True,Email,My card transaction is not working.,False,False,False,True
CASE002031,CUST00250,TXN0004697,2025-04-29,Refund,Unknown,Resolved,39.91,True,App,When will I receive my refund?,True,False,False,False
CASE002032,CUST00318,TXN0006464,2025-11-07,Account Issue,Low,Resolved,28.25,True,Chat,I am unable to access my account.,False,False,False,False
CASE002033,CUST00007,TXN0005347,2025-04-06,Transaction Dispute,Medium,Resolved,34.08,True,Chat,I do not recognize this transaction.,False,False,False,False
CASE002034,CUST00403,TXN0006996,2025-01-16,General Enquiry,High,Resolved,17.19,False,Chat,I need information about my account.,False,False,False,False
CASE002035,CUST01171,TXN0002669,2026-06-01,General Enquiry,Medium,Resolved,11.18,False,App,I need information about my account.,False,False,False,False
CASE002036,CUST00129,TXN0003402,2025-01-16,Account Issue,High,In Progress,6.28,False,Phone,I am unable to access my account.,False,False,False,False
CASE002037,CUST00825,TXN0003836,2025-04-18,Card Issue,Medium,Resolved,26.52,True,Phone,My card transaction is not working.,False,False,False,False
CASE002038,CUST00028,TXN0002833,2026-07-25,Refund,High,Escalated,12.01,False,App,When will I receive my refund?,False,False,False,False
CASE002039,CUST00857,TXN0005857,2025-03-09,Card Issue,Medium,Escalated,36.63,True,Email,My card transaction is not working.,False,False,False,False
CASE002040,CUST00478,TXN0001965,2026-03-10,Refund,Medium,In Progress,30.67,True,Chat,When will I receive my refund?,False,False,False,False
CASE002041,CUST00795,TXN0005939,2026-05-03,General Enquiry,Low,Resolved,15.02,False,Email,I need information about my account.,False,False,False,False
CASE002042,CUST01082,TXN0001015,2025-11-19,General Enquiry,Medium,Resolved,7.03,False,Branch,I need information about my account.,False,False,False,False
CASE002043,CUST00383,TXN0006485,2025-02-27,General Enquiry,High,Open,22.99,False,Phone,I need information about my account.,False,False,False,False
CASE002044,CUST00132,TXN0003115,2026-03-02,KYC,High,Resolved,3.17,False,Chat,I need help updating my KYC documents.,False,False,False,False
CASE002045,CUST00941,TXN0000877,2025-04-26,Card Issue,High,Resolved,41.02,True,Branch,My card transaction is not working.,False,False,False,False
CASE002046,CUST01155,TXN0001086,2026-03-10,Refund,High,Resolved,12.25,False,Phone,When will I receive my refund?,False,False,False,False
CASE002047,CUST00117,TXN0006013,2026-06-03,Payment Failure,High,Resolved,23.67,False,Branch,My payment failed and the amount was deducted.,False,False,False,False
CASE002048,CUST01072,TXN0006255,2025-05-10,Account Issue,Critical,In Progress,14.9,False,Branch,I am unable to access my account.,False,False,False,False
CASE002049,CUST01028,TXN0003860,2025-01-26,Refund,Medium,Open,9.72,False,Chat,When will I receive my refund?,False,False,False,False
CASE002050,CUST00415,TXN0003976,2025-07-17,General Enquiry,High,In Progress,8.88,False,Chat,I need information about my account.,False,False,False,False
CASE002051,CUST00154,TXN0005923,2026-09-07,General Enquiry,Medium,Resolved,18.17,False,Email,I need information about my account.,False,False,False,False
CASE002052,CUST00958,TXN0005042,2025-12-26,KYC,High,In Progress,24.28,True,App,I need help updating my KYC documents.,False,False,False,False
CASE002053,CUST00322,TXN0004193,2026-06-06,Account Issue,Medium,Resolved,18.63,False,Phone,I am unable to access my account.,False,False,False,False
CASE002054,CUST01061,TXN0006564,2026-06-13,KYC,Low,Resolved,27.36,True,App,I need help updating my KYC documents.,False,False,False,False
CASE002055,CUST00498,TXN0002075,2025-04-19,KYC,Medium,In Progress,7.71,False,Chat,I need help updating my KYC documents.,False,False,False,False
CASE002056,CUST00241,TXN0003018,2025-06-13,Refund,Low,Open,28.94,True,Branch,When will I receive my refund?,False,False,False,False
CASE002057,CUST00516,TXN0005759,2026-06-28,General Enquiry,High,Resolved,30.37,True,Email,I need information about my account.,False,False,False,False
CASE002058,CUST01125,TXN0004667,2025-09-16,Transaction Dispute,Low,Resolved,16.0,False,Phone,I do not recognize this transaction.,False,False,False,False
CASE002059,CUST00656,TXN0002510,2025-11-25,General Enquiry,Medium,Resolved,46.79,True,Chat,I need information about my account.,False,False,False,False
CASE002060,CUST00934,TXN0000729,2025-07-17,Account Issue,High,Resolved,18.08,False,App,I am unable to access my account.,False,False,False,False
CASE002061,CUST01153,TXN0000794,2026-01-29,Transaction Dispute,Low,Resolved,14.0,False,Email,I do not recognize this transaction.,False,False,False,False
CASE002062,CUST01092,TXN0005716,2025-01-16,General Enquiry,Medium,Resolved,12.74,False,Chat,I need information about my account.,False,False,False,False
CASE002063,CUST01167,TXN0006255,2026-09-04,Payment Failure,High,Open,20.05,False,Chat,My payment failed and the amount was deducted.,False,False,False,False
CASE002064,CUST00206,TXN0005979,2025-07-22,General Enquiry,High,Open,20.28,False,App,I need information about my account.,False,False,False,False
CASE002065,CUST00952,TXN0005739,2026-06-20,Transaction Dispute,Medium,Resolved,12.55,False,App,I do not recognize this transaction.,False,False,False,False
CASE002066,CUST00509,TXN0003011,2026-03-12,Payment Failure,Medium,Resolved,14.02,False,App,My payment failed and the amount was deducted.,False,False,False,False
CASE002067,CUST01029,TXN0004749,2025-09-11,Transaction Dispute,High,In Progress,13.56,False,App,I do not recognize this transaction.,False,False,False,False
CASE002068,CUST00707,TXN0006988,2026-01-30,KYC,Medium,Open,36.47,True,Chat,I need help updating my KYC documents.,False,False,False,False
CASE002069,CUST00545,TXN0001242,2025-09-03,Account Issue,Low,Open,12.21,False,Branch,I am unable to access my account.,False,False,False,False
CASE002070,CUST00706,TXN0001762,2026-08-12,General Enquiry,Medium,Resolved,2.8,False,Branch,I need information about my account.,False,False,False,False
CASE002071,CUST00988,TXN0005494,2026-06-23,Transaction Dispute,Medium,Open,15.02,False,Branch,I do not recognize this transaction.,False,False,False,False
CASE002072,CUST00526,TXN0006158,2026-05-16,Payment Failure,Low,In Progress,21.24,False,Branch,My payment failed and the amount was deducted.,False,False,False,False
CASE002073,CUST00351,TXN0005555,2025-04-01,Account Issue,Low,Open,12.69,False,App,I am unable to access my account.,False,False,False,False
CASE002074,CUST00709,TXN0004353,2025-01-17,Transaction Dispute,Medium,Resolved,2.42,False,Email,I do not recognize this transaction.,False,False,False,False
CASE002075,CUST00818,TXN0003679,2025-10-15,Refund,Medium,Resolved,13.9,False,App,When will I receive my refund?,False,False,False,False
CASE002076,CUST01107,TXN0006385,2025-02-25,Payment Failure,Medium,Open,17.34,False,Email,My payment failed and the amount was deducted.,False,False,False,False
CASE002077,CUST01090,TXN0004464,2025-12-27,Refund,Medium,Open,5.22,False,Branch,When will I receive my refund?,False,False,False,False
CASE002078,CUST00834,TXN0000983,2025-03-04,Payment Failure,Low,Resolved,29.58,True,Phone,My payment failed and the amount was deducted.,False,False,False,False
CASE002079,CUST00891,TXN0005390,2025-03-30,Transaction Dispute,Medium,Open,13.02,False,Branch,I do not recognize this transaction.,False,False,False,False
CASE002080,CUST01053,TXN0000157,2026-07-18,Transaction Dispute,Medium,Escalated,,True,Chat,I do not recognize this transaction.,False,False,False,True
CASE002081,CUST00998,TXN0004541,2026-07-28,Transaction Dispute,High,Resolved,16.48,False,App,I do not recognize this transaction.,False,False,False,False
CASE002082,CUST00203,TXN0006970,2025-02-11,KYC,Medium,Escalated,9.18,False,Phone,I need help updating my KYC documents.,False,False,False,False
CASE002083,CUST00662,TXN0004402,2026-04-30,KYC,Medium,Resolved,12.17,False,App,I need help updating my KYC documents.,False,False,False,False
CASE002084,CUST00344,TXN0004524,2025-10-27,Account Issue,Medium,In Progress,23.91,False,Phone,I am unable to access my account.,False,False,False,False
CASE002085,CUST00303,TXN0001048,2025-02-10,KYC,Medium,Resolved,17.64,False,Chat,I need help updating my KYC documents.,False,False,False,False
CASE002086,CUST00361,TXN0005335,2025-10-18,KYC,Medium,In Progress,45.21,True,Branch,I need help updating my KYC documents.,False,False,False,False
CASE002087,CUST00324,TXN0001598,2026-05-28,Payment Failure,Medium,Resolved,4.57,False,App,My payment failed and the amount was deducted.,False,False,False,False
CASE002088,CUST01167,TXN0002407,2025-09-26,Refund,Low,Resolved,,True,Branch,When will I receive my refund?,False,False,False,True
CASE002089,CUST00125,TXN0003037,2025-06-09,KYC,Low,In Progress,13.14,False,Chat,I need help updating my KYC documents.,False,False,False,False
CASE002090,CUST00118,TXN0002121,2026-04-14,Account Issue,Medium,Resolved,10.27,False,App,I am unable to access my account.,False,False,False,False
CASE002091,CUST00412,TXN0002836,2025-02-10,Card Issue,Medium,Resolved,18.86,False,Chat,My card transaction is not working.,False,False,False,False
CASE002092,CUST00554,TXN0003307,2025-12-23,Transaction Dispute,High,Resolved,30.47,True,Phone,I do not recognize this transaction.,False,False,False,False
CASE002093,CUST00462,TXN0000359,2025-02-15,Card Issue,High,Resolved,11.19,False,Email,My card transaction is not working.,False,False,False,False
CASE002094,CUST00602,TXN0000408,2025-02-22,Account Issue,High,Resolved,22.11,False,Branch,I am unable to access my account.,False,False,False,False
CASE002095,CUST00251,TXN0002231,2025-03-12,Account Issue,Medium,In Progress,24.45,True,Phone,I am unable to access my account.,False,False,False,False
CASE002096,CUST01032,TXN0005099,2025-03-18,Refund,Low,In Progress,40.43,True,Email,When will I receive my refund?,False,False,False,False
CASE002097,CUST00519,TXN0000453,2026-06-29,Refund,High,In Progress,,False,Chat,When will I receive my refund?,False,False,False,True
CASE002098,CUST00644,TXN0001154,2025-11-07,KYC,Medium,Resolved,2.45,False,Phone,I need help updating my KYC documents.,False,False,False,False
CASE002099,CUST00967,TXN0006466,2026-03-20,General Enquiry,Medium,Open,60.28,True,App,I need information about my account.,False,False,False,False
CASE002100,CUST00012,TXN0004427,2025-07-13,Payment Failure,Medium,Resolved,5.52,False,App,My payment failed and the amount was deducted.,False,False,False,False
CASE002101,CUST00237,TXN0000957,2025-03-26,Payment Failure,High,Open,,True,Branch,My payment failed and the amount was deducted.,False,False,True,True
CASE002102,CUST00304,TXN0006772,2025-03-14,Refund,High,In Progress,25.72,True,App,When will I receive my refund?,False,False,False,False
CASE002103,CUST00427,TXN0001418,2025-03-22,Refund,Medium,In Progress,11.09,False,Phone,When will I receive my refund?,False,False,False,False
CASE002104,CUST00875,TXN0002250,2025-12-07,KYC,Medium,Resolved,12.02,False,Phone,I need help updating my KYC documents.,False,False,False,False
CASE002105,CUST00744,TXN0002930,2025-02-08,Card Issue,Medium,Resolved,24.02,True,App,My card transaction is not working.,False,False,False,False
CASE002106,CUST00341,TXN0001276,2026-01-24,Refund,Medium,Resolved,10.53,False,Email,When will I receive my refund?,False,False,False,False
CASE002107,CUST00711,TXN0006455,2025-03-19,Card Issue,High,Resolved,8.24,False,Phone,My card transaction is not working.,False,False,False,False
CASE002108,CUST00213,TXN0005717,2025-12-22,Payment Failure,Medium,Open,20.96,False,Email,My payment failed and the amount was deducted.,False,False,False,False
CASE002109,CUST00786,TXN0003450,2025-09-14,Account Issue,Medium,In Progress,29.18,True,Chat,I am unable to access my account.,False,False,False,False
CASE002110,CUST00757,TXN0004153,2025-07-05,Card Issue,Low,Open,14.78,False,Phone,My card transaction is not working.,False,False,False,False
CASE002111,CUST00235,TXN0005345,2025-04-19,General Enquiry,Medium,Resolved,23.45,False,App,I need information about my account.,False,False,False,False
CASE002112,CUST00730,TXN0003045,2026-07-07,KYC,Low,Escalated,12.75,False,App,I need help updating my KYC documents.,False,False,False,False
CASE002113,CUST00231,TXN0003708,2026-06-28,KYC,Low,Resolved,23.78,False,App,I need help updating my KYC documents.,False,False,False,False
CASE002114,CUST00355,TXN0004547,2025-04-30,Transaction Dispute,Medium,Escalated,8.74,False,Phone,I do not recognize this transaction.,False,False,False,False
CASE002115,CUST00753,TXN0006117,2025-12-20,Transaction Dispute,Medium,Resolved,3.89,False,Branch,I do not recognize this transaction.,False,False,False,False
CASE002116,CUST00674,TXN0005510,2026-07-28,Refund,Medium,Resolved,4.04,False,App,When will I receive my refund?,False,False,False,False
CASE002117,CUST00718,TXN0004736,2025-03-08,KYC,Medium,Resolved,13.86,False,App,I need help updating my KYC documents.,False,False,False,False
CASE002118,CUST00063,TXN0003815,2026-08-05,Payment Failure,Medium,Resolved,10.29,False,Chat,My payment failed and the amount was deducted.,False,False,False,False
CASE002119,CUST01019,TXN0003875,2025-02-01,Refund,Medium,Resolved,8.53,False,Branch,When will I receive my refund?,False,False,False,False
CASE002120,CUST00757,TXN0000258,2025-04-23,General Enquiry,Medium,Escalated,5.78,False,Branch,I need information about my account.,False,False,False,False
CASE002121,CUST00151,TXN0005044,2025-05-27,General Enquiry,Critical,Resolved,9.71,False,App,I need information about my account.,False,False,False,False
CASE002122,CUST00799,TXN0004918,2025-10-22,Payment Failure,Medium,Escalated,29.83,True,Branch,My payment failed and the amount was deducted.,False,False,False,False
CASE002123,CUST01051,TXN0006987,2026-06-01,Account Issue,Low,Open,20.78,False,Phone,I am unable to access my account.,False,False,False,False
CASE002124,CUST00650,TXN0001892,2026-01-01,Payment Failure,High,In Progress,6.44,False,Branch,My payment failed and the amount was deducted.,False,False,False,False
CASE002125,CUST00760,TXN0006665,2025-04-15,Account Issue,High,Resolved,6.5,False,Phone,I am unable to access my account.,False,False,False,False
CASE002126,CUST00096,TXN0005272,2025-04-11,KYC,Critical,In Progress,22.52,False,Email,I need help updating my KYC documents.,False,False,False,False
CASE002127,CUST00049,TXN0002986,2026-07-17,Transaction Dispute,High,Escalated,6.67,False,Phone,I do not recognize this transaction.,False,False,False,False
CASE002128,CUST00274,TXN0006201,2026-04-24,Payment Failure,Medium,In Progress,65.7,True,Email,My payment failed and the amount was deducted.,False,False,False,False
CASE002129,CUST00814,TXN0001752,2025-09-25,KYC,Medium,Resolved,29.19,True,Branch,I need help updating my KYC documents.,False,False,False,False
CASE002130,CUST00674,TXN0002166,2025-08-28,Refund,High,Resolved,13.65,False,Email,When will I receive my refund?,False,False,False,False
CASE002131,CUST00056,TXN0006627,2026-04-08,Card Issue,Medium,In Progress,15.82,False,Phone,My card transaction is not working.,False,False,False,False
CASE002132,CUST00373,TXN0001256,2025-09-10,Refund,Medium,In Progress,3.9,False,Email,When will I receive my refund?,False,False,False,False
CASE002133,CUST01169,TXN0000724,2025-05-18,Payment Failure,High,In Progress,35.06,True,Email,My payment failed and the amount was deducted.,False,False,False,False
CASE002134,CUST00921,TXN0002364,2025-11-26,Payment Failure,Medium,Escalated,3.41,False,Chat,My payment failed and the amount was deducted.,False,False,False,False
CASE002135,CUST01059,TXN0003698,2025-10-29,Transaction Dispute,Low,Resolved,8.88,False,Email,I do not recognize this transaction.,False,False,False,False
CASE002136,CUST00344,TXN0000111,2025-01-23,Account Issue,High,In Progress,15.23,False,Chat,I am unable to access my account.,False,False,False,False
CASE002137,CUST00494,TXN0006402,2025-12-15,General Enquiry,Low,Resolved,11.08,False,Branch,I need information about my account.,False,False,False,False
CASE002138,CUST00359,TXN0002652,2026-08-05,Payment Failure,High,Resolved,9.24,False,Phone,My payment failed and the amount was deducted.,False,False,False,False
CASE002139,CUST01109,TXN0004969,2025-01-19,Payment Failure,Medium,In Progress,8.31,False,App,My payment failed and the amount was deducted.,False,False,False,False
CASE002140,CUST01169,TXN0000989,2026-01-22,Payment Failure,Medium,Open,13.84,False,Chat,My payment failed and the amount was deducted.,False,False,False,False
CASE002141,CUST00635,TXN0002775,2026-01-01,Card Issue,Medium,Resolved,27.07,True,Branch,My card transaction is not working.,False,False,False,False
CASE002142,CUST00419,TXN0006970,2026-04-15,KYC,Low,Resolved,32.3,True,App,I need help updating my KYC documents.,False,False,False,False
CASE002143,CUST00860,TXN0000577,2026-04-06,Card Issue,Medium,Resolved,,False,Branch,My card transaction is not working.,False,False,True,True
CASE002144,CUST00735,TXN0005695,2026-02-12,Payment Failure,Medium,In Progress,8.17,False,Chat,My payment failed and the amount was deducted.,False,False,False,False
CASE002145,CUST00410,TXN0001210,2025-03-20,Refund,Low,Open,29.09,True,App,When will I receive my refund?,False,False,False,False
CASE002146,CUST00760,TXN0006695,2025-08-31,Payment Failure,High,In Progress,40.09,True,Branch,My payment failed and the amount was deducted.,False,False,False,False
CASE002147,CUST00692,TXN0003537,2025-08-02,Payment Failure,High,Resolved,,True,Branch,My payment failed and the amount was deducted.,False,False,True,True
CASE002148,CUST01102,TXN0003744,2025-05-30,Payment Failure,Low,In Progress,24.49,True,Chat,My payment failed and the amount was deducted.,False,False,False,False
CASE002149,CUST00470,TXN0005913,2025-09-08,General Enquiry,Medium,Open,,True,Email,I need information about my account.,False,False,False,True
CASE002150,CUST00466,TXN0001332,2026-08-26,Payment Failure,Unknown,Resolved,21.11,False,App,My payment failed and the amount was deducted.,True,False,False,False
CASE002151,CUST01023,TXN0006309,2026-03-02,Refund,Low,Resolved,15.02,False,Phone,When will I receive my refund?,False,False,False,False
CASE002152,CUST01075,TXN0006734,2025-09-18,General Enquiry,Medium,Open,35.61,True,Phone,I need information about my account.,False,False,False,False
CASE002153,CUST00770,TXN0005520,2026-09-28,Transaction Dispute,High,Open,3.16,False,Phone,Not Provided,False,True,False,False
CASE002154,CUST00477,TXN0003660,2026-04-12,Transaction Dispute,Medium,Resolved,41.66,True,Phone,I do not recognize this transaction.,False,False,False,False
CASE002155,CUST00587,TXN0004049,2025-02-13,Card Issue,Medium,Escalated,18.31,False,Phone,My card transaction is not working.,False,False,False,False
CASE002156,CUST01076,TXN0004965,2025-06-28,Card Issue,High,Escalated,32.14,True,Email,My card transaction is not working.,False,False,False,False
CASE002157,CUST00791,TXN0001002,2025-08-07,Account Issue,Critical,Resolved,8.63,False,Phone,I am unable to access my account.,False,False,False,False
CASE002158,CUST00431,TXN0001916,2025-09-18,Card Issue,Medium,Open,25.84,True,Email,My card transaction is not working.,False,False,False,False
CASE002159,CUST00741,TXN0000583,2025-09-29,Account Issue,High,Resolved,,False,Email,I am unable to access my account.,False,False,False,True
CASE002160,CUST00171,TXN0005205,2026-09-17,KYC,Low,Open,26.99,True,Email,I need help updating my KYC documents.,False,False,False,False
CASE002161,CUST00234,TXN0004498,2026-09-12,Payment Failure,Critical,Open,15.4,False,App,My payment failed and the amount was deducted.,False,False,False,False
CASE002162,CUST01131,TXN0006584,2025-07-11,General Enquiry,Medium,Resolved,6.73,False,App,I need information about my account.,False,False,False,False
CASE002163,CUST00224,TXN0003795,2025-05-12,Account Issue,Medium,Resolved,33.19,True,Email,I am unable to access my account.,False,False,False,False
CASE002164,CUST00249,TXN0004128,2026-07-20,Payment Failure,Low,Resolved,21.91,False,Email,My payment failed and the amount was deducted.,False,False,False,False
CASE002165,CUST01163,TXN0005227,2025-04-30,General Enquiry,Medium,Resolved,4.87,False,Email,I need information about my account.,False,False,False,False
CASE002166,CUST00256,TXN0000486,2025-06-23,General Enquiry,Low,Resolved,5.92,False,Branch,I need information about my account.,False,False,False,False
CASE002167,CUST00802,TXN0003531,2025-07-18,Refund,Medium,Resolved,27.65,True,Chat,When will I receive my refund?,False,False,False,False
CASE002168,CUST00240,TXN0006923,2026-06-21,KYC,Medium,Resolved,17.16,False,App,I need help updating my KYC documents.,False,False,False,False
CASE002169,CUST00451,TXN0000815,2025-09-07,Payment Failure,Unknown,Resolved,34.43,True,Phone,My payment failed and the amount was deducted.,True,False,False,False
CASE002170,CUST00930,TXN0004335,2026-05-09,Payment Failure,High,Resolved,7.97,False,Email,My payment failed and the amount was deducted.,False,False,False,False
CASE002171,CUST00660,TXN0002338,2025-02-28,Account Issue,Medium,Resolved,6.79,False,Phone,I am unable to access my account.,False,False,False,False
CASE002172,CUST00841,TXN0004594,2025-01-20,Payment Failure,Medium,In Progress,18.23,False,Branch,My payment failed and the amount was deducted.,False,False,False,False
CASE002173,CUST01150,TXN0002235,2025-05-24,Refund,Medium,Resolved,28.4,True,App,When will I receive my refund?,False,False,False,False
CASE002174,CUST00548,TXN0005059,2026-08-08,Account Issue,High,In Progress,12.43,False,Phone,I am unable to access my account.,False,False,False,False
CASE002175,CUST00009,TXN0006167,2025-03-29,Account Issue,High,In Progress,16.39,False,Branch,I am unable to access my account.,False,False,False,False
CASE002176,CUST00658,TXN0004123,2026-02-25,KYC,High,Resolved,41.35,True,Branch,I need help updating my KYC documents.,False,False,False,False
CASE002177,CUST01157,TXN0002335,2025-01-18,Refund,High,Open,20.87,False,Email,When will I receive my refund?,False,False,False,False
CASE002178,CUST00868,TXN0005563,2025-05-04,Card Issue,Medium,In Progress,26.05,True,Chat,My card transaction is not working.,False,False,False,False
CASE002179,CUST00672,TXN0004178,2025-04-07,KYC,Low,Resolved,20.66,False,Phone,I need help updating my KYC documents.,False,False,False,False
CASE002180,CUST00335,TXN0005567,2025-03-12,Card Issue,High,In Progress,9.34,False,Chat,My card transaction is not working.,False,False,False,False
CASE002181,CUST00046,TXN0006722,2026-07-03,Payment Failure,Low,Open,13.61,False,Phone,My payment failed and the amount was deducted.,False,False,False,False
CASE002182,CUST00742,TXN0001947,2025-08-21,Refund,Medium,Open,46.51,True,Chat,When will I receive my refund?,False,False,False,False
CASE002183,CUST01146,TXN0003245,2025-07-09,Account Issue,Medium,Resolved,7.39,False,Phone,I am unable to access my account.,False,False,False,False
CASE002184,CUST00334,TXN0006580,2026-03-31,Transaction Dispute,Medium,Resolved,7.98,False,Email,I do not recognize this transaction.,False,False,False,False
CASE002185,CUST01012,TXN0005499,2025-01-18,Account Issue,Low,Resolved,18.8,False,App,I am unable to access my account.,False,False,False,False
CASE002186,CUST00205,TXN0000514,2025-02-20,Refund,Low,Resolved,9.29,False,Phone,When will I receive my refund?,False,False,False,False
CASE002187,CUST00285,TXN0006308,2025-03-08,General Enquiry,Low,In Progress,8.85,False,App,I need information about my account.,False,False,False,False
CASE002188,CUST00104,TXN0000467,2025-10-16,Transaction Dispute,High,Resolved,21.35,False,Email,I do not recognize this transaction.,False,False,False,False
CASE002189,CUST00365,TXN0003885,2026-01-06,Transaction Dispute,Low,Resolved,8.48,False,Branch,I do not recognize this transaction.,False,False,False,False
CASE002190,CUST01039,TXN0000847,2026-03-01,Transaction Dispute,Medium,Resolved,20.98,False,App,I do not recognize this transaction.,False,False,False,False
CASE002191,CUST00147,TXN0002541,2025-02-12,KYC,High,Resolved,4.6,False,Phone,I need help updating my KYC documents.,False,False,False,False
CASE002192,CUST00917,TXN0004872,2025-05-27,General Enquiry,Low,Open,4.67,False,Email,I need information about my account.,False,False,False,False
CASE002193,CUST00003,TXN0003413,2025-10-23,Card Issue,Medium,Open,35.07,True,Branch,My card transaction is not working.,False,False,False,False
CASE002194,CUST00132,TXN0000208,2025-02-13,Card Issue,Medium,Open,17.18,False,Branch,My card transaction is not working.,False,False,False,False
CASE002195,CUST00410,TXN0002349,2026-02-20,Payment Failure,Medium,In Progress,21.71,False,Email,My payment failed and the amount was deducted.,False,False,False,False
CASE002196,CUST00154,TXN0002300,2025-05-20,KYC,Low,Resolved,17.33,False,App,I need help updating my KYC documents.,False,False,False,False
CASE002197,CUST01151,TXN0006900,2026-02-16,KYC,Low,In Progress,30.54,True,Branch,I need help updating my KYC documents.,False,False,False,False
CASE002198,CUST01014,TXN0003093,2025-01-06,KYC,Medium,Resolved,10.61,False,App,I need help updating my KYC documents.,False,False,False,False
CASE002199,CUST00504,TXN0003870,2025-02-01,Account Issue,Medium,Resolved,6.37,False,Branch,I am unable to access my account.,False,False,False,False
CASE002200,CUST00113,TXN0001452,2025-06-10,Account Issue,Medium,Resolved,14.35,False,Branch,I am unable to access my account.,False,False,False,False
CASE002201,CUST01040,TXN0006729,2025-12-30,General Enquiry,Low,Resolved,23.4,False,Chat,I need information about my account.,False,False,False,False
CASE002202,CUST00639,TXN0000790,2025-03-18,KYC,High,Resolved,24.74,True,App,I need help updating my KYC documents.,False,False,False,False
CASE002203,CUST00156,TXN0005532,2025-11-06,Account Issue,Medium,Resolved,36.88,True,App,I am unable to access my account.,False,False,False,False
CASE002204,CUST00620,TXN0002278,2026-06-10,KYC,Medium,Resolved,40.88,True,Branch,I need help updating my KYC documents.,False,False,False,False
CASE002205,CUST00163,TXN0002582,2026-04-25,Refund,Critical,Open,12.87,False,App,When will I receive my refund?,False,False,False,False
CASE002206,CUST00753,TXN0006143,2026-03-12,Refund,High,Resolved,14.91,False,Chat,When will I receive my refund?,False,False,False,False
CASE002207,CUST00919,TXN0003404,2026-08-15,KYC,Medium,Resolved,16.17,False,App,I need help updating my KYC documents.,False,False,False,False
CASE002208,CUST00624,TXN0002775,2025-10-31,Account Issue,Medium,Resolved,17.21,False,Chat,I am unable to access my account.,False,False,False,False
CASE002209,CUST00516,TXN0005847,2025-10-30,Account Issue,Medium,Open,22.75,False,Email,I am unable to access my account.,False,False,False,False
CASE002210,CUST00009,TXN0001306,2025-11-01,Payment Failure,Medium,Resolved,20.57,False,Phone,My payment failed and the amount was deducted.,False,False,False,False
CASE002211,CUST00225,TXN0002132,2025-11-14,Payment Failure,High,Resolved,23.33,False,Phone,My payment failed and the amount was deducted.,False,False,False,False
CASE002212,CUST01086,TXN0000747,2025-01-26,Transaction Dispute,High,Resolved,13.53,False,Chat,I do not recognize this transaction.,False,False,False,False
CASE002213,CUST00985,TXN0005641,2025-01-26,KYC,Medium,Open,9.71,False,Branch,I need help updating my KYC documents.,False,False,False,False
CASE002214,CUST00873,TXN0001981,2026-02-04,Transaction Dispute,High,Resolved,40.52,True,Chat,I do not recognize this transaction.,False,False,False,False
CASE002215,CUST00762,TXN0001737,2026-03-11,KYC,Medium,Escalated,9.25,False,Chat,I need help updating my KYC documents.,False,False,False,False
CASE002216,CUST00882,TXN0006790,2025-07-24,General Enquiry,Medium,Resolved,10.39,False,Phone,I need information about my account.,False,False,False,False
CASE002217,CUST00195,TXN0003929,2026-04-13,Payment Failure,Low,Resolved,28.95,True,Chat,My payment failed and the amount was deducted.,False,False,False,False
CASE002218,CUST01028,TXN0006688,2026-02-13,General Enquiry,Medium,Open,2.98,False,Email,I need information about my account.,False,False,False,False
CASE002219,CUST00684,TXN0004101,2025-09-07,General Enquiry,Medium,In Progress,14.84,False,Phone,I need information about my account.,False,False,False,False
CASE002220,CUST00631,TXN0003393,2026-09-22,Card Issue,Low,Resolved,21.65,False,Phone,My card transaction is not working.,False,False,False,False
CASE002221,CUST00124,TXN0005461,2026-02-01,Payment Failure,Low,Resolved,7.65,False,Branch,My payment failed and the amount was deducted.,False,False,False,False
CASE002222,CUST00747,TXN0000170,2025-05-10,KYC,Low,Resolved,18.2,False,Chat,I need help updating my KYC documents.,False,False,False,False
CASE002223,CUST00860,TXN0006747,2026-03-16,Account Issue,Medium,Resolved,17.37,False,Branch,I am unable to access my account.,False,False,False,False
CASE002224,CUST01181,TXN0001201,2026-06-25,KYC,High,Resolved,1.63,False,Branch,I need help updating my KYC documents.,False,False,False,False
CASE002225,CUST00661,TXN0001073,2026-02-06,KYC,Low,Resolved,5.38,False,Phone,I need help updating my KYC documents.,False,False,False,False
CASE002226,CUST00336,TXN0001758,2026-03-04,Payment Failure,High,Resolved,4.6,False,Branch,My payment failed and the amount was deducted.,False,False,False,False
CASE002227,CUST00700,TXN0001373,2025-12-19,KYC,High,In Progress,16.68,False,Branch,I need help updating my KYC documents.,False,False,False,False
CASE002228,CUST00771,TXN0005022,2025-08-03,KYC,Medium,Open,8.39,False,Email,I need help updating my KYC documents.,False,False,False,False
CASE002229,CUST00066,TXN0003593,2026-07-29,Card Issue,Medium,Escalated,5.01,False,Email,My card transaction is not working.,False,False,False,False
CASE002230,CUST00646,TXN0002279,2025-09-15,KYC,High,Resolved,11.14,False,Phone,I need help updating my KYC documents.,False,False,False,False
CASE002231,CUST00851,TXN0000664,2025-12-09,Card Issue,Medium,In Progress,18.86,False,Chat,My card transaction is not working.,False,False,False,False
CASE002232,CUST01153,TXN0006373,2026-09-22,KYC,Medium,In Progress,11.37,False,App,I need help updating my KYC documents.,False,False,False,False
CASE002233,CUST00565,TXN0005200,2025-09-25,Account Issue,Low,In Progress,49.5,True,Branch,I am unable to access my account.,False,False,False,False
CASE002234,CUST00380,TXN0000515,2026-03-14,Card Issue,Medium,Resolved,6.67,False,Phone,My card transaction is not working.,False,False,False,False
CASE002235,CUST01093,TXN0006695,2026-06-05,Account Issue,Medium,Resolved,8.58,False,Phone,I am unable to access my account.,False,False,False,False
CASE002236,CUST00214,TXN0002246,2026-02-20,Payment Failure,Low,Resolved,3.57,False,Chat,My payment failed and the amount was deducted.,False,False,False,False
CASE002237,CUST00966,TXN0005160,2025-11-16,General Enquiry,Medium,Resolved,3.34,False,Branch,I need information about my account.,False,False,False,False
CASE002238,CUST00924,TXN0006445,2026-01-02,Account Issue,Medium,Resolved,7.19,False,Branch,I am unable to access my account.,False,False,False,False
CASE002239,CUST00468,TXN0003886,2026-02-11,KYC,Medium,Resolved,24.74,True,Branch,I need help updating my KYC documents.,False,False,False,False
CASE002240,CUST00602,TXN0000276,2026-04-23,Refund,Medium,Open,17.48,False,Email,When will I receive my refund?,False,False,False,False
CASE002241,CUST00879,TXN0004360,2026-02-07,Account Issue,High,Resolved,10.08,False,Phone,I am unable to access my account.,False,False,False,False
CASE002242,CUST00923,TXN0006815,2026-06-23,Payment Failure,Medium,Escalated,27.32,True,Branch,My payment failed and the amount was deducted.,False,False,False,False
CASE002243,CUST00944,TXN0002445,2026-06-28,Card Issue,Medium,In Progress,9.51,False,Chat,My card transaction is not working.,False,False,False,False
CASE002244,CUST00564,TXN0005039,2025-11-19,Card Issue,Low,Escalated,7.5,False,Branch,My card transaction is not working.,False,False,False,False
CASE002245,CUST00121,TXN0001341,2026-07-31,Card Issue,Medium,Resolved,34.05,True,App,My card transaction is not working.,False,False,False,False
CASE002246,CUST00281,TXN0000085,2026-07-24,KYC,Low,Open,15.31,False,Phone,I need help updating my KYC documents.,False,False,False,False
CASE002247,CUST00122,TXN0006341,2026-04-30,Transaction Dispute,Low,Open,12.25,False,Chat,I do not recognize this transaction.,False,False,False,False
CASE002248,CUST00470,TXN0002904,2025-06-19,Payment Failure,Critical,Resolved,18.84,False,Email,My payment failed and the amount was deducted.,False,False,False,False
CASE002249,CUST00480,TXN0006633,2026-04-04,KYC,Critical,Escalated,13.83,False,Branch,I need help updating my KYC documents.,False,False,False,False
CASE002250,CUST00695,TXN0006332,2025-02-06,Refund,Medium,Resolved,16.9,False,Email,When will I receive my refund?,False,False,False,False
CASE002251,CUST00186,TXN0001996,2026-04-25,General Enquiry,Low,In Progress,28.41,True,Branch,I need information about my account.,False,False,False,False
CASE002252,CUST00566,TXN0006345,2025-10-14,KYC,High,Open,3.93,False,App,I need help updating my KYC documents.,False,False,False,False
CASE002253,CUST01192,TXN0000680,2026-02-12,General Enquiry,High,Resolved,5.93,False,Branch,I need information about my account.,False,False,False,False
CASE002254,CUST01001,TXN0000131,2026-03-12,Refund,Low,In Progress,25.62,True,Phone,When will I receive my refund?,False,False,False,False
CASE002255,CUST00728,TXN0003940,2025-07-20,General Enquiry,Critical,Resolved,54.38,True,Email,I need information about my account.,False,False,False,False
CASE002256,CUST00846,TXN0004048,2025-10-25,Payment Failure,Medium,In Progress,11.95,False,Phone,My payment failed and the amount was deducted.,False,False,False,False
CASE002257,CUST00839,TXN0002680,2025-10-23,Transaction Dispute,Medium,Resolved,23.66,False,Branch,I do not recognize this transaction.,False,False,False,False
CASE002258,CUST00659,TXN0004771,2025-11-17,Refund,Medium,Resolved,15.31,False,Phone,When will I receive my refund?,False,False,False,False
CASE002259,CUST00797,TXN0000808,2025-11-28,General Enquiry,Low,Resolved,25.42,True,Email,I need information about my account.,False,False,False,False
CASE002260,CUST00323,TXN0002039,2025-06-19,Account Issue,Medium,Resolved,4.67,False,Branch,I am unable to access my account.,False,False,False,False
CASE002261,CUST00666,TXN0001221,2025-02-24,General Enquiry,Low,In Progress,13.34,False,App,I need information about my account.,False,False,False,False
CASE002262,CUST00103,TXN0000068,2025-05-16,KYC,Medium,Open,49.89,True,Branch,I need help updating my KYC documents.,False,False,False,False
CASE002263,CUST00428,TXN0001208,2026-06-08,General Enquiry,Low,Resolved,29.66,True,Chat,I need information about my account.,False,False,False,False
CASE002264,CUST00087,TXN0005846,2025-07-15,Account Issue,Low,Resolved,26.02,True,Chat,I am unable to access my account.,False,False,False,False
CASE002265,CUST00728,TXN0006485,2025-04-20,Payment Failure,Medium,Resolved,29.08,True,Chat,My payment failed and the amount was deducted.,False,False,False,False
CASE002266,CUST00333,TXN0001342,2026-09-21,Refund,Low,Resolved,11.91,False,Phone,When will I receive my refund?,False,False,False,False
CASE002267,CUST00949,TXN0001637,2025-11-09,Transaction Dispute,High,Open,46.56,True,Phone,I do not recognize this transaction.,False,False,False,False
CASE002268,CUST01142,TXN0002848,2025-06-08,Payment Failure,High,Resolved,,False,Phone,My payment failed and the amount was deducted.,False,False,False,True
CASE002269,CUST00879,TXN0005475,2025-12-14,General Enquiry,High,In Progress,,False,Email,I need information about my account.,False,False,False,True
CASE002270,CUST00953,TXN0005852,2025-10-30,Card Issue,Medium,Open,7.87,False,Email,My card transaction is not working.,False,False,False,False
CASE002271,CUST00953,TXN0004117,2025-11-06,KYC,Low,Resolved,21.6,False,Branch,I need help updating my KYC documents.,False,False,False,False
CASE002272,CUST00540,TXN0001531,2025-04-24,Transaction Dispute,Medium,Resolved,18.41,False,Phone,I do not recognize this transaction.,False,False,False,False
CASE002273,CUST01085,TXN0005799,2025-11-17,Payment Failure,Medium,In Progress,8.73,False,Email,My payment failed and the amount was deducted.,False,False,False,False
CASE002274,CUST00424,TXN0001698,2026-05-17,KYC,Critical,Resolved,1.61,False,App,I need help updating my KYC documents.,False,False,False,False
CASE002275,CUST01196,TXN0002387,2025-07-16,Refund,Medium,Resolved,35.73,True,Phone,When will I receive my refund?,False,False,False,False
CASE002276,CUST00350,TXN0003737,2026-05-22,Card Issue,Medium,Resolved,19.09,False,Chat,My card transaction is not working.,False,False,False,False
CASE002277,CUST00369,TXN0003803,2025-05-20,KYC,Medium,Resolved,6.33,False,Chat,I need help updating my KYC documents.,False,False,False,False
CASE002278,CUST00831,TXN0004099,2026-06-15,Card Issue,High,Open,6.18,False,Chat,My card transaction is not working.,False,False,False,False
CASE002279,CUST00699,TXN0002172,2025-12-30,Refund,Low,Resolved,11.12,False,Branch,When will I receive my refund?,False,False,False,False
CASE002280,CUST00181,TXN0000103,2026-07-31,Transaction Dispute,Medium,Resolved,,False,Phone,I do not recognize this transaction.,False,False,False,True
CASE002281,CUST00176,TXN0006368,2026-03-23,Transaction Dispute,Medium,In Progress,17.22,False,Chat,I do not recognize this transaction.,False,False,False,False
CASE002282,CUST00674,TXN0000269,2026-02-19,General Enquiry,Medium,Resolved,8.42,False,Branch,I need information about my account.,False,False,False,False
CASE002283,CUST00930,TXN0000572,2025-09-14,Card Issue,Medium,Resolved,9.51,False,Phone,My card transaction is not working.,False,False,False,False
CASE002284,CUST00734,TXN0001842,2025-03-21,KYC,Low,Resolved,21.26,False,Chat,I need help updating my KYC documents.,False,False,False,False
CASE002285,CUST00572,TXN0001945,2025-02-11,Account Issue,High,Open,7.56,False,Chat,I am unable to access my account.,False,False,False,False
CASE002286,CUST00091,TXN0005946,2025-02-23,Payment Failure,High,In Progress,11.68,False,App,My payment failed and the amount was deducted.,False,False,False,False
CASE002287,CUST00155,TXN0001491,2025-12-13,Refund,Medium,Resolved,9.21,False,App,When will I receive my refund?,False,False,False,False
CASE002288,CUST00981,TXN0000004,2026-05-09,General Enquiry,Low,Resolved,7.36,False,Email,I need information about my account.,False,False,False,False
CASE002289,CUST00154,TXN0004406,2025-10-18,Card Issue,Medium,Resolved,27.78,True,App,My card transaction is not working.,False,False,False,False
CASE002290,CUST00009,TXN0001831,2025-09-27,General Enquiry,Medium,Resolved,7.78,False,App,I need information about my account.,False,False,False,False
CASE002291,CUST01127,TXN0001367,2025-08-18,Account Issue,Low,In Progress,77.6,True,Phone,I am unable to access my account.,False,False,False,False
CASE002292,CUST00282,TXN0002329,2026-08-07,KYC,Medium,Open,18.53,False,Phone,I need help updating my KYC documents.,False,False,False,False
CASE002293,CUST00391,TXN0006728,2025-02-07,Payment Failure,High,Open,23.08,False,Email,My payment failed and the amount was deducted.,False,False,False,False
CASE002294,CUST00259,TXN0005507,2025-12-09,Card Issue,Critical,Escalated,,True,Branch,My card transaction is not working.,False,False,False,True
CASE002295,CUST01180,TXN0004292,2025-01-14,Transaction Dispute,High,In Progress,59.11,True,Branch,I do not recognize this transaction.,False,False,False,False
CASE002296,CUST01115,TXN0001415,2026-06-28,Account Issue,Low,Escalated,13.2,False,Phone,I am unable to access my account.,False,False,False,False
CASE002297,CUST00002,TXN0003176,2025-02-14,Refund,Critical,In Progress,25.34,True,Phone,When will I receive my refund?,False,False,False,False
CASE002298,CUST00997,TXN0003710,2026-05-28,Payment Failure,Low,Resolved,29.09,True,App,My payment failed and the amount was deducted.,False,False,False,False
CASE002299,CUST00403,TXN0003515,2026-04-02,Transaction Dispute,Low,Resolved,6.98,False,Branch,I do not recognize this transaction.,False,False,False,False
CASE002300,CUST00439,TXN0005044,2025-04-05,General Enquiry,High,Resolved,11.37,False,Phone,I need information about my account.,False,False,False,False
CASE002301,CUST00908,TXN0001233,2025-06-01,KYC,High,Resolved,13.32,False,Chat,I need help updating my KYC documents.,False,False,False,False
CASE002302,CUST00849,TXN0000709,2026-07-18,General Enquiry,High,Resolved,21.84,False,Email,I need information about my account.,False,False,False,False
CASE002303,CUST00459,TXN0000353,2025-12-17,Transaction Dispute,Low,Resolved,28.83,True,App,I do not recognize this transaction.,False,False,False,False
CASE002304,CUST00854,TXN0001113,2025-04-24,General Enquiry,Low,Resolved,27.72,True,Chat,I need information about my account.,False,False,False,False
CASE002305,CUST00672,TXN0000934,2025-09-20,Transaction Dispute,High,Open,10.21,False,Branch,I do not recognize this transaction.,False,False,False,False
CASE002306,CUST00274,TXN0001844,2026-07-01,Transaction Dispute,Medium,Resolved,7.45,False,Branch,I do not recognize this transaction.,False,False,False,False
CASE002307,CUST00313,TXN0004157,2026-03-14,Account Issue,Critical,In Progress,9.11,False,Email,I am unable to access my account.,False,False,False,False
CASE002308,CUST00527,TXN0001616,2026-02-12,General Enquiry,Low,Resolved,8.36,False,Chat,I need information about my account.,False,False,False,False
CASE002309,CUST00123,TXN0006799,2025-03-22,General Enquiry,Medium,In Progress,17.76,False,Chat,I need information about my account.,False,False,False,False
CASE002310,CUST00955,TXN0004898,2025-09-01,Payment Failure,Low,Open,15.41,False,Chat,My payment failed and the amount was deducted.,False,False,False,False
CASE002311,CUST00928,TXN0000327,2025-05-25,Card Issue,Medium,In Progress,15.3,False,Email,My card transaction is not working.,False,False,False,False
CASE002312,CUST01036,TXN0005910,2025-04-14,Payment Failure,Medium,Escalated,32.67,True,Chat,My payment failed and the amount was deducted.,False,False,False,False
CASE002313,CUST00343,TXN0004207,2026-07-05,Transaction Dispute,Medium,Resolved,5.31,False,Branch,I do not recognize this transaction.,False,False,False,False
CASE002314,CUST00387,TXN0002264,2025-06-05,Account Issue,Medium,Resolved,19.92,False,Phone,I am unable to access my account.,False,False,False,False
CASE002315,CUST00481,TXN0003022,2026-07-21,Refund,Medium,Resolved,41.61,True,Branch,When will I receive my refund?,False,False,False,False
CASE002316,CUST01055,TXN0004440,2026-06-30,Payment Failure,Medium,Resolved,17.61,False,Branch,My payment failed and the amount was deducted.,False,False,False,False
CASE002317,CUST00763,TXN0002199,2026-06-25,KYC,Critical,Resolved,7.75,False,Branch,I need help updating my KYC documents.,False,False,False,False
CASE002318,CUST00087,TXN0001089,2025-09-09,Payment Failure,Low,Open,10.14,False,Phone,My payment failed and the amount was deducted.,False,False,False,False
CASE002319,CUST00687,TXN0003354,2025-09-27,General Enquiry,Medium,Escalated,5.13,False,App,I need information about my account.,False,False,False,False
CASE002320,CUST00191,TXN0002298,2026-08-31,Card Issue,High,In Progress,16.23,False,Phone,My card transaction is not working.,False,False,False,False
CASE002321,CUST00993,TXN0002237,2025-11-04,Account Issue,High,Resolved,19.2,False,Email,I am unable to access my account.,False,False,False,False
CASE002322,CUST00433,TXN0003769,2026-07-01,Refund,Medium,Resolved,48.79,True,Phone,When will I receive my refund?,False,False,False,False
CASE002323,CUST00187,TXN0005890,2025-01-07,Payment Failure,Medium,Resolved,41.67,True,App,My payment failed and the amount was deducted.,False,False,False,False
CASE002324,CUST01024,TXN0006707,2026-01-19,Account Issue,Medium,Open,1.73,False,Branch,I am unable to access my account.,False,False,False,False
CASE002325,CUST00205,TXN0004682,2025-01-02,KYC,Medium,Resolved,2.26,False,Phone,I need help updating my KYC documents.,False,False,False,False
CASE002326,CUST00184,TXN0004048,2025-07-20,General Enquiry,High,Resolved,49.77,True,Chat,I need information about my account.,False,False,False,False
CASE002327,CUST01117,TXN0003146,2026-07-29,KYC,Low,Resolved,3.48,False,Chat,I need help updating my KYC documents.,False,False,False,False
CASE002328,CUST00983,TXN0006899,2025-07-26,Account Issue,Medium,Resolved,26.03,True,Branch,I am unable to access my account.,False,False,False,False
CASE002329,CUST00071,TXN0006349,2026-05-28,Card Issue,Medium,Resolved,29.95,True,Phone,My card transaction is not working.,False,False,False,False
CASE002330,CUST00518,TXN0005406,2025-03-30,Refund,Medium,Resolved,17.05,False,Email,When will I receive my refund?,False,False,False,False
CASE002331,CUST00190,TXN0002521,2026-01-08,Card Issue,Medium,Resolved,48.04,True,Phone,My card transaction is not working.,False,False,False,False
CASE002332,CUST00250,TXN0002726,2026-06-21,KYC,Critical,In Progress,23.9,False,Email,I need help updating my KYC documents.,False,False,False,False
CASE002333,CUST00252,TXN0001503,2026-02-02,Card Issue,Critical,Resolved,15.91,False,Chat,My card transaction is not working.,False,False,False,False
CASE002334,CUST01141,TXN0005114,2026-07-11,KYC,Low,Resolved,25.06,True,Branch,I need help updating my KYC documents.,False,False,False,False
CASE002335,CUST00808,TXN0004724,2025-10-04,Refund,High,Resolved,44.44,True,App,When will I receive my refund?,False,False,False,False
CASE002336,CUST00036,TXN0002090,2026-01-10,Transaction Dispute,Low,Resolved,8.15,False,App,I do not recognize this transaction.,False,False,False,False
CASE002337,CUST00869,TXN0005782,2025-11-14,KYC,Medium,Open,29.35,True,Email,I need help updating my KYC documents.,False,False,False,False
CASE002338,CUST00184,TXN0006812,2026-06-30,General Enquiry,High,Resolved,22.18,False,Email,I need information about my account.,False,False,False,False
CASE002339,CUST00398,TXN0002176,2026-01-03,Transaction Dispute,Medium,In Progress,29.9,True,App,I do not recognize this transaction.,False,False,False,False
CASE002340,CUST00387,TXN0004451,2025-06-12,Transaction Dispute,Medium,Open,15.07,False,App,I do not recognize this transaction.,False,False,False,False
CASE002341,CUST01139,TXN0004441,2026-04-29,General Enquiry,Low,In Progress,23.1,False,Email,I need information about my account.,False,False,False,False
CASE002342,CUST00144,TXN0004574,2025-05-24,KYC,Low,Resolved,5.24,False,Chat,I need help updating my KYC documents.,False,False,False,False
CASE002343,CUST01193,TXN0002820,2025-08-29,Card Issue,Low,In Progress,30.79,True,Email,My card transaction is not working.,False,False,False,False
CASE002344,CUST01163,TXN0002553,2025-12-17,Transaction Dispute,Critical,Resolved,25.82,True,App,I do not recognize this transaction.,False,False,False,False
CASE002345,CUST00984,TXN0006769,2025-10-29,Card Issue,Medium,Open,20.43,False,Email,My card transaction is not working.,False,False,False,False
CASE002346,CUST01134,TXN0002899,2026-04-28,Payment Failure,High,Resolved,14.26,False,Phone,My payment failed and the amount was deducted.,False,False,False,False
CASE002347,CUST00128,TXN0005918,2025-07-05,Account Issue,Medium,Resolved,21.64,False,Email,I am unable to access my account.,False,False,False,False
CASE002348,CUST00254,TXN0004868,2025-12-20,Account Issue,Medium,Resolved,35.75,True,Email,I am unable to access my account.,False,False,False,False
CASE002349,CUST00583,TXN0005403,2025-03-13,Refund,Low,Resolved,14.73,False,App,When will I receive my refund?,False,False,False,False
CASE002350,CUST00424,TXN0005121,2026-09-18,Account Issue,Critical,Open,21.86,False,Branch,I am unable to access my account.,False,False,False,False
CASE002351,CUST00096,TXN0000177,2026-02-21,Payment Failure,Medium,In Progress,4.77,False,Branch,My payment failed and the amount was deducted.,False,False,False,False
CASE002352,CUST00887,TXN0006297,2026-04-21,Transaction Dispute,High,Resolved,10.83,False,Email,I do not recognize this transaction.,False,False,False,False
CASE002353,CUST00784,TXN0000093,2026-02-15,Transaction Dispute,Low,Open,4.25,False,Phone,I do not recognize this transaction.,False,False,False,False
CASE002354,CUST00386,TXN0000457,2026-02-09,Card Issue,High,In Progress,16.45,False,Branch,My card transaction is not working.,False,False,False,False
CASE002355,CUST00377,TXN0002814,2025-03-29,Card Issue,High,Resolved,22.26,False,Phone,My card transaction is not working.,False,False,False,False
CASE002356,CUST00187,TXN0002826,2025-03-03,Transaction Dispute,Medium,Open,24.01,True,Phone,I do not recognize this transaction.,False,False,False,False
CASE002357,CUST00913,TXN0006948,2025-05-26,Card Issue,Medium,Open,12.6,False,Phone,My card transaction is not working.,False,False,False,False
CASE002358,CUST00608,TXN0002828,2025-01-22,Account Issue,High,Resolved,7.7,False,App,I am unable to access my account.,False,False,False,False
CASE002359,CUST00355,TXN0003913,2026-09-09,KYC,High,Resolved,21.36,False,App,I need help updating my KYC documents.,False,False,False,False
CASE002360,CUST00032,TXN0004479,2025-12-24,Account Issue,Low,In Progress,12.46,False,Chat,I am unable to access my account.,False,False,False,False
CASE002361,CUST00832,TXN0006304,2026-04-21,Card Issue,Medium,Escalated,4.11,False,Branch,My card transaction is not working.,False,False,False,False
CASE002362,CUST00013,TXN0002393,2026-07-25,Transaction Dispute,Medium,In Progress,11.89,False,Branch,I do not recognize this transaction.,False,False,False,False
CASE002363,CUST00588,TXN0005654,2025-01-04,KYC,Medium,Open,5.06,False,Branch,I need help updating my KYC documents.,False,False,False,False
CASE002364,CUST00261,TXN0004448,2025-08-26,Account Issue,Low,In Progress,33.94,True,Email,Not Provided,False,True,False,False
CASE002365,CUST01169,TXN0002168,2026-06-02,Card Issue,Low,Resolved,2.02,False,Chat,My card transaction is not working.,False,False,False,False
CASE002366,CUST00113,TXN0004365,2025-04-18,Refund,Low,Resolved,44.56,True,Email,When will I receive my refund?,False,False,False,False
CASE002367,CUST00978,TXN0004134,2026-05-19,Account Issue,Medium,Resolved,4.83,False,Phone,I am unable to access my account.,False,False,False,False
CASE002368,CUST00130,TXN0002522,2026-06-09,General Enquiry,Medium,Resolved,38.62,True,Chat,I need information about my account.,False,False,False,False
CASE002369,CUST00933,TXN0000504,2025-04-28,Account Issue,Medium,Resolved,9.81,False,App,I am unable to access my account.,False,False,False,False
CASE002370,CUST00163,TXN0006189,2026-03-12,KYC,Medium,Open,17.47,False,Phone,I need help updating my KYC documents.,False,False,False,False
CASE002371,CUST00080,TXN0002499,2025-02-07,Account Issue,Medium,In Progress,12.33,False,Chat,I am unable to access my account.,False,False,False,False
CASE002372,CUST00067,TXN0004682,2026-04-09,Account Issue,Medium,Resolved,32.27,True,Chat,I am unable to access my account.,False,False,False,False
CASE002373,CUST01191,TXN0006350,2026-03-09,Refund,Medium,Resolved,5.09,False,Branch,When will I receive my refund?,False,False,False,False
CASE002374,CUST00539,TXN0001425,2026-06-12,Card Issue,High,Resolved,22.7,False,Phone,Not Provided,False,True,False,False
CASE002375,CUST00373,TXN0000955,2025-05-30,Card Issue,High,Escalated,51.89,True,App,My card transaction is not working.,False,False,False,False
CASE002376,CUST00215,TXN0001986,2026-05-06,Transaction Dispute,Low,Open,9.16,False,Phone,I do not recognize this transaction.,False,False,False,False
CASE002377,CUST00471,TXN0000068,2025-07-06,KYC,Low,Escalated,48.29,True,Chat,I need help updating my KYC documents.,False,False,False,False
CASE002378,CUST00015,TXN0000759,2026-03-22,KYC,Low,Escalated,3.75,False,Phone,I need help updating my KYC documents.,False,False,False,False
CASE002379,CUST00339,TXN0006679,2025-03-19,Payment Failure,Low,Open,30.28,True,Email,My payment failed and the amount was deducted.,False,False,False,False
CASE002380,CUST00822,TXN0001618,2025-07-31,KYC,High,In Progress,28.33,True,Chat,I need help updating my KYC documents.,False,False,False,False
CASE002381,CUST00886,TXN0002916,2026-05-29,Account Issue,Critical,In Progress,24.68,True,Chat,I am unable to access my account.,False,False,False,False
CASE002382,CUST00763,TXN0000968,2026-01-15,Card Issue,High,Resolved,17.34,False,Chat,My card transaction is not working.,False,False,False,False
CASE002383,CUST01052,TXN0002750,2025-05-26,General Enquiry,Medium,Resolved,24.68,True,App,I need information about my account.,False,False,False,False
CASE002384,CUST01082,TXN0000130,2025-11-14,General Enquiry,Medium,Open,19.24,False,Chat,I need information about my account.,False,False,False,False
CASE002385,CUST00819,TXN0004133,2025-09-09,Transaction Dispute,High,Resolved,7.83,False,App,I do not recognize this transaction.,False,False,False,False
CASE002386,CUST00687,TXN0006010,2026-03-19,Account Issue,Critical,In Progress,14.49,False,Branch,I am unable to access my account.,False,False,False,False
CASE002387,CUST00275,TXN0001333,2026-07-01,General Enquiry,High,Resolved,19.65,False,Branch,I need information about my account.,False,False,False,False
CASE002388,CUST00397,TXN0002044,2025-10-19,General Enquiry,High,Resolved,19.56,False,Branch,I need information about my account.,False,False,False,False
CASE002389,CUST01028,TXN0002701,2025-08-18,Payment Failure,Critical,Open,2.53,False,Chat,My payment failed and the amount was deducted.,False,False,False,False
CASE002390,CUST00021,TXN0006697,2026-06-09,KYC,Critical,Resolved,13.51,False,Phone,I need help updating my KYC documents.,False,False,False,False
CASE002391,CUST00353,TXN0002248,2025-01-31,General Enquiry,High,Resolved,19.82,False,Email,I need information about my account.,False,False,False,False
CASE002392,CUST00295,TXN0001922,2025-04-07,Refund,Medium,Resolved,10.37,False,Branch,When will I receive my refund?,False,False,False,False
CASE002393,CUST00138,TXN0004348,2026-01-28,Refund,Medium,In Progress,2.38,False,Phone,When will I receive my refund?,False,False,False,False
CASE002394,CUST00619,TXN0002529,2026-06-22,General Enquiry,Medium,Resolved,21.54,False,App,I need information about my account.,False,False,False,False
CASE002395,CUST00379,TXN0003262,2025-12-31,Account Issue,Low,Resolved,14.22,False,Chat,I am unable to access my account.,False,False,False,False
CASE002396,CUST01064,TXN0000406,2025-09-05,Transaction Dispute,High,In Progress,8.82,False,Email,I do not recognize this transaction.,False,False,False,False
CASE002397,CUST00114,TXN0000087,2025-07-07,Payment Failure,Medium,In Progress,24.58,True,Email,My payment failed and the amount was deducted.,False,False,False,False
CASE002398,CUST00931,TXN0001535,2025-07-30,Card Issue,High,In Progress,33.57,True,Chat,My card transaction is not working.,False,False,False,False
CASE002399,CUST00663,TXN0002998,2025-02-13,Refund,Medium,Open,19.2,False,App,When will I receive my refund?,False,False,False,False
CASE002400,CUST00018,TXN0004752,2026-01-25,Account Issue,Critical,Open,12.4,False,Branch,I am unable to access my account.,False,False,False,False
CASE002401,CUST00696,TXN0005607,2025-10-17,Transaction Dispute,High,Resolved,13.9,False,Email,I do not recognize this transaction.,False,False,False,False
CASE002402,CUST00034,TXN0000228,2025-05-12,Card Issue,Critical,Escalated,17.51,False,Chat,My card transaction is not working.,False,False,False,False
CASE002403,CUST00423,TXN0001482,2026-01-06,Refund,Low,Open,24.92,True,App,When will I receive my refund?,False,False,False,False
CASE002404,CUST00484,TXN0005373,2026-01-12,Account Issue,Low,Open,3.97,False,Email,I am unable to access my account.,False,False,False,False
CASE002405,CUST00261,TXN0002414,2025-12-04,KYC,Unknown,Resolved,16.63,False,App,I need help updating my KYC documents.,True,False,False,False
CASE002406,CUST01099,TXN0005863,2025-08-11,Transaction Dispute,Medium,Resolved,4.25,False,Chat,I do not recognize this transaction.,False,False,False,False
CASE002407,CUST00927,TXN0005051,2026-06-19,Transaction Dispute,High,Open,26.29,True,Branch,I do not recognize this transaction.,False,False,False,False
CASE002408,CUST00466,TXN0006307,2025-01-28,Account Issue,Low,Escalated,6.02,False,Chat,I am unable to access my account.,False,False,False,False
CASE002409,CUST01160,TXN0004073,2025-11-20,Refund,High,Resolved,45.46,True,App,When will I receive my refund?,False,False,False,False
CASE002410,CUST00920,TXN0006375,2025-03-25,KYC,Low,Resolved,9.79,False,Email,I need help updating my KYC documents.,False,False,False,False
CASE002411,CUST00842,TXN0005381,2025-06-04,General Enquiry,High,Resolved,17.74,False,App,I need information about my account.,False,False,False,False
CASE002412,CUST00523,TXN0000643,2025-12-01,General Enquiry,Low,Resolved,6.73,False,Phone,I need information about my account.,False,False,False,False
CASE002413,CUST00299,TXN0002924,2025-12-27,Card Issue,Medium,In Progress,22.71,False,Email,My card transaction is not working.,False,False,False,False
CASE002414,CUST00534,TXN0003889,2025-04-30,KYC,Medium,Open,29.01,True,App,I need help updating my KYC documents.,False,False,False,False
CASE002415,CUST00642,TXN0001128,2026-07-22,General Enquiry,Medium,In Progress,45.06,True,Chat,I need information about my account.,False,False,False,False
CASE002416,CUST00597,TXN0003183,2025-10-14,Transaction Dispute,Low,Open,22.22,False,Phone,I do not recognize this transaction.,False,False,False,False
CASE002417,CUST00216,TXN0004720,2026-09-17,Payment Failure,Low,Open,6.69,False,Branch,My payment failed and the amount was deducted.,False,False,False,False
CASE002418,CUST00639,TXN0003971,2025-08-29,General Enquiry,Critical,Escalated,29.28,True,Phone,I need information about my account.,False,False,False,False
CASE002419,CUST00215,TXN0002746,2025-03-29,Transaction Dispute,Medium,Escalated,10.5,False,Branch,I do not recognize this transaction.,False,False,False,False
CASE002420,CUST00506,TXN0000794,2025-06-09,Card Issue,High,Resolved,13.21,False,Email,My card transaction is not working.,False,False,False,False
CASE002421,CUST00521,TXN0002418,2026-07-04,Payment Failure,High,In Progress,24.01,True,Branch,My payment failed and the amount was deducted.,False,False,False,False
CASE002422,CUST01185,TXN0004565,2026-03-11,Refund,Medium,Resolved,7.65,False,Chat,When will I receive my refund?,False,False,False,False
CASE002423,CUST00418,TXN0004001,2025-04-18,Card Issue,High,Resolved,12.42,False,Chat,My card transaction is not working.,False,False,False,False
CASE002424,CUST01039,TXN0005407,2026-05-06,Payment Failure,Medium,In Progress,6.14,False,Phone,My payment failed and the amount was deducted.,False,False,False,False
CASE002425,CUST00908,TXN0000301,2025-04-30,General Enquiry,Low,In Progress,9.75,False,Email,I need information about my account.,False,False,False,False
CASE002426,CUST01016,TXN0004285,2025-07-20,Account Issue,Medium,In Progress,6.72,False,App,I am unable to access my account.,False,False,False,False
CASE002427,CUST00268,TXN0003644,2026-02-11,Account Issue,Low,In Progress,,True,Chat,I am unable to access my account.,False,False,False,True
CASE002428,CUST00932,TXN0000580,2025-10-16,General Enquiry,Medium,Resolved,1.59,False,Phone,I need information about my account.,False,False,False,False
CASE002429,CUST00639,TXN0005902,2025-06-08,General Enquiry,Medium,Resolved,21.34,False,Email,I need information about my account.,False,False,False,False
CASE002430,CUST00107,TXN0003464,2025-02-12,KYC,Medium,In Progress,5.83,False,Email,I need help updating my KYC documents.,False,False,False,False
CASE002431,CUST00027,TXN0003798,2026-08-10,Account Issue,High,Resolved,16.19,False,App,I am unable to access my account.,False,False,False,False
CASE002432,CUST00512,TXN0000377,2025-04-04,KYC,High,Resolved,21.6,False,Phone,I need help updating my KYC documents.,False,False,False,False
CASE002433,CUST00288,TXN0001611,2025-03-25,KYC,Low,Open,4.02,False,Chat,I need help updating my KYC documents.,False,False,False,False
CASE002434,CUST01037,TXN0002955,2026-03-19,Refund,Low,Open,13.16,False,Branch,When will I receive my refund?,False,False,False,False
CASE002435,CUST00527,TXN0001898,2025-01-25,KYC,Low,Resolved,16.28,False,Branch,I need help updating my KYC documents.,False,False,False,False
CASE002436,CUST00654,TXN0004091,2025-03-30,General Enquiry,Low,Resolved,29.02,True,Phone,I need information about my account.,False,False,False,False
CASE002437,CUST00964,TXN0006252,2026-04-11,Payment Failure,High,In Progress,11.64,False,Branch,My payment failed and the amount was deducted.,False,False,False,False
CASE002438,CUST01014,TXN0001448,2025-08-24,General Enquiry,Low,In Progress,26.19,True,Chat,I need information about my account.,False,False,False,False
CASE002439,CUST00009,TXN0006680,2025-09-18,Payment Failure,Low,In Progress,16.56,False,Branch,My payment failed and the amount was deducted.,False,False,False,False
CASE002440,CUST00011,TXN0004730,2025-01-07,Refund,Medium,Open,5.84,False,Chat,When will I receive my refund?,False,False,False,False
CASE002441,CUST00396,TXN0002285,2025-05-29,Account Issue,Low,Resolved,12.77,False,Branch,I am unable to access my account.,False,False,False,False
CASE002442,CUST00426,TXN0001970,2025-08-19,Account Issue,High,In Progress,8.02,False,Branch,I am unable to access my account.,False,False,False,False
CASE002443,CUST00781,TXN0002173,2025-10-31,Transaction Dispute,Medium,Open,4.59,False,Chat,I do not recognize this transaction.,False,False,False,False
CASE002444,CUST00990,TXN0004789,2026-07-13,Payment Failure,Medium,Escalated,22.66,False,App,My payment failed and the amount was deducted.,False,False,False,False
CASE002445,CUST00376,TXN0001963,2025-04-24,KYC,Medium,Open,18.33,False,App,I need help updating my KYC documents.,False,False,False,False
CASE002446,CUST00090,TXN0001378,2025-02-06,Payment Failure,Medium,Resolved,14.21,False,App,My payment failed and the amount was deducted.,False,False,False,False
CASE002447,CUST00892,TXN0001436,2025-06-21,Transaction Dispute,Critical,Resolved,22.86,False,Chat,I do not recognize this transaction.,False,False,False,False
CASE002448,CUST00848,TXN0006244,2025-08-13,Refund,Medium,Resolved,6.13,False,Branch,When will I receive my refund?,False,False,False,False
CASE002449,CUST00945,TXN0002625,2025-11-04,Account Issue,Medium,In Progress,36.52,True,Email,I am unable to access my account.,False,False,False,False
CASE002450,CUST00201,TXN0002591,2025-06-27,Transaction Dispute,Low,Resolved,8.32,False,App,I do not recognize this transaction.,False,False,False,False
CASE002451,CUST01026,TXN0001576,2025-02-24,Refund,Medium,Resolved,23.37,False,Email,When will I receive my refund?,False,False,False,False
CASE002452,CUST00612,TXN0003601,2026-07-12,Payment Failure,Medium,Resolved,8.13,False,Branch,My payment failed and the amount was deducted.,False,False,False,False
CASE002453,CUST00020,TXN0006820,2026-08-19,Card Issue,Low,In Progress,28.16,True,Phone,My card transaction is not working.,False,False,False,False
CASE002454,CUST00277,TXN0002881,2025-10-12,Payment Failure,Medium,Open,5.0,False,Email,My payment failed and the amount was deducted.,False,False,False,False
CASE002455,CUST00909,TXN0003703,2026-04-13,Account Issue,Medium,Resolved,21.89,False,Email,I am unable to access my account.,False,False,False,False
CASE002456,CUST00559,TXN0000891,2026-02-19,Account Issue,Medium,Open,43.08,True,App,I am unable to access my account.,False,False,False,False
CASE002457,CUST00032,TXN0005469,2025-07-05,General Enquiry,Medium,Resolved,16.89,False,Email,I need information about my account.,False,False,False,False
CASE002458,CUST00840,TXN0000696,2025-07-10,KYC,Medium,In Progress,,False,App,I need help updating my KYC documents.,False,False,False,True
CASE002459,CUST00777,TXN0003894,2025-09-19,KYC,Medium,Escalated,15.7,False,Branch,I need help updating my KYC documents.,False,False,False,False
CASE002460,CUST01020,TXN0003014,2026-08-20,KYC,High,Resolved,27.45,True,Phone,I need help updating my KYC documents.,False,False,False,False
CASE002461,CUST00726,TXN0002128,2025-10-16,Payment Failure,Medium,Open,7.04,False,Chat,My payment failed and the amount was deducted.,False,False,False,False
CASE002462,CUST00176,TXN0003401,2025-01-26,Account Issue,Medium,Resolved,15.92,False,App,I am unable to access my account.,False,False,False,False
CASE002463,CUST00536,TXN0003856,2026-01-30,Card Issue,High,Resolved,8.04,False,Branch,My card transaction is not working.,False,False,False,False
CASE002464,CUST00345,TXN0001796,2025-05-20,Card Issue,Medium,In Progress,9.87,False,Email,My card transaction is not working.,False,False,False,False
CASE002465,CUST00189,TXN0000689,2026-05-16,Refund,High,Resolved,13.91,False,Email,When will I receive my refund?,False,False,False,False
CASE002466,CUST01046,TXN0002527,2025-02-14,Card Issue,Medium,Resolved,5.49,False,Chat,My card transaction is not working.,False,False,False,False
CASE002467,CUST01144,TXN0000644,2025-02-13,KYC,Medium,Resolved,8.09,False,App,I need help updating my KYC documents.,False,False,False,False
CASE002468,CUST00144,TXN0000945,2026-07-09,KYC,Medium,Resolved,13.31,False,Chat,I need help updating my KYC documents.,False,False,False,False
CASE002469,CUST00055,TXN0002339,2025-09-03,Payment Failure,Low,Resolved,25.24,True,Email,My payment failed and the amount was deducted.,False,False,False,False
CASE002470,CUST01149,TXN0002782,2026-08-24,Transaction Dispute,Low,Resolved,31.62,True,Chat,I do not recognize this transaction.,False,False,False,False
CASE002471,CUST00510,TXN0002996,2026-05-03,KYC,Medium,In Progress,14.37,False,Phone,Not Provided,False,True,False,False
CASE002472,CUST00370,TXN0001263,2025-07-20,General Enquiry,Medium,Resolved,7.56,False,Email,I need information about my account.,False,False,False,False
CASE002473,CUST00596,TXN0000750,2025-06-27,General Enquiry,Low,In Progress,6.54,False,Branch,I need information about my account.,False,False,False,False
CASE002474,CUST00802,TXN0005061,2026-02-24,Account Issue,High,Resolved,6.81,False,App,I am unable to access my account.,False,False,False,False
CASE002475,CUST01126,TXN0001791,2025-05-04,Account Issue,Medium,In Progress,38.11,True,Branch,I am unable to access my account.,False,False,False,False
CASE002476,CUST00325,TXN0001130,2025-05-08,Transaction Dispute,Low,In Progress,9.67,False,App,I do not recognize this transaction.,False,False,False,False
CASE002477,CUST00710,TXN0000106,2025-06-07,Card Issue,Low,In Progress,18.11,False,Phone,My card transaction is not working.,False,False,False,False
CASE002478,CUST00876,TXN0000777,2025-01-23,General Enquiry,Low,Escalated,6.17,False,Branch,I need information about my account.,False,False,False,False
CASE002479,CUST00871,TXN0005265,2025-04-04,General Enquiry,Medium,Open,14.36,False,Email,I need information about my account.,False,False,False,False
CASE002480,CUST00466,TXN0005220,2026-07-06,KYC,Medium,In Progress,14.0,False,Branch,I need help updating my KYC documents.,False,False,False,False
CASE002481,CUST00494,TXN0001888,2025-01-27,Account Issue,High,Open,30.23,True,Email,I am unable to access my account.,False,False,False,False
CASE002482,CUST00506,TXN0001647,2026-03-13,General Enquiry,High,Open,22.99,False,Branch,I need information about my account.,False,False,False,False
CASE002483,CUST00827,TXN0002318,2025-05-11,KYC,Medium,Resolved,12.98,False,App,I need help updating my KYC documents.,False,False,False,False
CASE002484,CUST00535,TXN0004585,2025-02-16,Refund,Medium,In Progress,33.06,True,Phone,When will I receive my refund?,False,False,False,False
CASE002485,CUST00059,TXN0002842,2026-06-06,General Enquiry,Medium,Resolved,10.32,False,Email,I need information about my account.,False,False,False,False
CASE002486,CUST00003,TXN0006396,2025-11-30,KYC,Low,Resolved,27.08,True,App,I need help updating my KYC documents.,False,False,False,False
CASE002487,CUST00836,TXN0001363,2025-03-26,Transaction Dispute,Medium,Resolved,24.42,True,Chat,I do not recognize this transaction.,False,False,False,False
CASE002488,CUST00290,TXN0004043,2025-07-28,Payment Failure,Low,Open,23.55,False,Email,My payment failed and the amount was deducted.,False,False,False,False
CASE002489,CUST01074,TXN0006695,2025-04-03,Transaction Dispute,Low,In Progress,,False,Chat,I do not recognize this transaction.,False,False,False,True
CASE002490,CUST00856,TXN0000589,2025-03-25,Payment Failure,Low,In Progress,13.65,False,Phone,My payment failed and the amount was deducted.,False,False,False,False
CASE002491,CUST00368,TXN0003206,2025-08-15,Card Issue,Medium,Resolved,22.68,False,Chat,My card transaction is not working.,False,False,False,False
CASE002492,CUST00552,TXN0006471,2026-08-07,Refund,Critical,Resolved,10.7,False,App,When will I receive my refund?,False,False,False,False
CASE002493,CUST00564,TXN0002839,2026-07-12,Account Issue,Medium,In Progress,11.58,False,Email,I am unable to access my account.,False,False,False,False
CASE002494,CUST00511,TXN0002740,2026-09-20,Card Issue,Medium,Resolved,18.18,False,App,My card transaction is not working.,False,False,False,False
CASE002495,CUST00802,TXN0004622,2025-12-09,General Enquiry,Low,Resolved,28.74,True,Branch,I need information about my account.,False,False,False,False
CASE002496,CUST00495,TXN0002946,2026-03-13,Transaction Dispute,High,In Progress,21.61,False,Branch,I do not recognize this transaction.,False,False,False,False
CASE002497,CUST00650,TXN0004053,2025-08-26,KYC,Medium,Open,17.51,False,Phone,I need help updating my KYC documents.,False,False,False,False
CASE002498,CUST01130,TXN0000925,2026-01-31,Payment Failure,Medium,Resolved,13.44,False,App,My payment failed and the amount was deducted.,False,False,False,False
CASE002499,CUST00030,TXN0005592,2025-06-27,Card Issue,Low,Open,32.73,True,App,My card transaction is not working.,False,False,False,False
CASE002500,CUST00822,TXN0005170,2026-05-28,Transaction Dispute,Medium,Resolved,12.12,False,Chat,I do not recognize this transaction.,False,False,False,False
