transaction_id,customer_id,transaction_timestamp,transaction_type,amount,merchant_category,payment_channel,transaction_status,is_international,failed_attempts,negative_amount_flag,zero_amount_flag,customer_id_missing_flag,amount_missing_flag,high_amount_flag
TXN0000001,CUST00682,2025-07-23 22:00:00,Credit,1779.86,Entertainment,Net Banking,Failed,0,0,False,False,False,False,False
TXN0000002,CUST01010,2025-01-26 22:00:00,Transfer,982.17,Entertainment,Credit Card,Success,0,0,False,False,False,False,False
TXN0000003,CUST01002,2025-02-24 22:00:00,Debit,5741.03,Shopping,Debit Card,Success,0,0,False,False,False,False,False
TXN0000004,CUST00654,2026-02-17 14:00:00,Debit,3797.44,Food,Debit Card,Failed,0,0,False,False,False,False,False
TXN0000005,CUST00015,2026-01-24 07:00:00,Debit,873.6,Rent,ATM,Success,0,1,False,False,False,False,False
TXN0000006,CUST00261,2026-06-13 19:00:00,Debit,2478.99,Investment,ATM,Success,0,0,False,False,False,False,False
TXN0000007,CUST00453,2026-08-08 19:00:00,Debit,1773.42,Salary,UPI,Success,0,0,False,False,False,False,False
TXN0000008,CUST00144,2025-06-22 20:00:00,Debit,18402.82,Rent,Debit Card,Success,0,0,False,False,False,False,True
TXN0000009,CUST00968,2026-09-05 02:00:00,Transfer,7099.83,Salary,ATM,Pending,0,1,False,False,False,False,False
TXN0000010,CUST01046,2026-04-29 17:00:00,Debit,1750.18,Rent,UPI,Success,0,0,False,False,False,False,False
TXN0000011,CUST00361,2026-01-31 15:00:00,Debit,2936.36,Rent,UPI,Success,0,0,False,False,False,False,False
TXN0000012,CUST01082,2025-02-19 12:00:00,Debit,143.03,Rent,Credit Card,Success,0,1,False,False,False,False,False
TXN0000013,CUST00461,2025-10-17 04:00:00,Debit,1105.51,Healthcare,Credit Card,Success,0,0,False,False,False,False,False
TXN0000014,CUST00937,2025-06-30 12:00:00,Debit,1151.87,Investment,Credit Card,Failed,0,0,False,False,False,False,False
TXN0000015,CUST00056,2025-05-02 07:00:00,Debit,1732.32,Entertainment,Net Banking,Success,1,0,False,False,False,False,False
TXN0000016,CUST00555,2026-09-28 13:00:00,Debit,602.65,Travel,Unknown,Success,0,0,False,False,False,False,False
TXN0000017,CUST00859,2026-04-22 06:00:00,Transfer,1073.48,Food,UPI,Failed,0,0,False,False,False,False,False
TXN0000018,CUST00133,2026-03-13 02:00:00,Credit,1618.56,Entertainment,Credit Card,Success,0,0,False,False,False,False,False
TXN0000019,CUST01061,2025-03-16 20:00:00,Credit,605.17,Groceries,UPI,Success,0,0,False,False,False,False,False
TXN0000020,CUST00036,2025-06-17 09:00:00,Credit,852.58,Rent,ATM,Success,0,0,False,False,False,False,False
TXN0000021,CUST00460,2025-11-18 14:00:00,Debit,693.2,Utilities,Debit Card,Success,0,1,False,False,False,False,False
TXN0000022,CUST00058,2025-05-27 20:00:00,Transfer,3402.71,Travel,Unknown,Success,0,1,False,False,False,False,False
TXN0000023,CUST00115,2025-11-27 12:00:00,Transfer,4533.47,Salary,ATM,Success,0,0,False,False,False,False,False
TXN0000024,CUST00297,2025-01-13 23:00:00,Credit,11479.29,Investment,Debit Card,Success,0,1,False,False,False,False,False
TXN0000025,CUST00209,2026-04-08 16:00:00,Debit,1068.14,Unknown,UPI,Success,0,0,False,False,False,False,False
TXN0000026,CUST00174,2025-12-12 01:00:00,Debit,8220.28,Travel,Credit Card,Failed,0,0,False,False,False,False,False
TXN0000027,CUST00952,2025-12-22 02:00:00,Credit,427.69,Utilities,UPI,Success,0,0,False,False,False,False,False
TXN0000028,CUST00529,2026-08-17 16:00:00,Debit,212.78,Travel,UPI,Success,0,0,False,False,False,False,False
TXN0000029,CUST00075,2025-10-11 10:00:00,Credit,1006.69,Food,Credit Card,Success,0,0,False,False,False,False,False
TXN0000030,CUST00366,2026-02-25 21:00:00,Transfer,1631.4,Shopping,Debit Card,Success,0,1,False,False,False,False,False
TXN0000031,CUST01071,2025-02-03 13:00:00,Transfer,213.83,Unknown,Net Banking,Success,0,1,False,False,False,False,False
TXN0000032,CUST00326,2026-02-04 20:00:00,Debit,786.73,Healthcare,UPI,Pending,0,1,False,False,False,False,False
TXN0000033,CUST00144,2026-01-15 06:00:00,Transfer,1208.69,Rent,Debit Card,Success,0,0,False,False,False,False,False
TXN0000034,CUST01161,2025-08-31 10:00:00,Debit,589.83,Salary,Credit Card,Success,0,0,False,False,False,False,False
TXN0000035,CUST00030,2026-03-25 01:00:00,Debit,887.43,Investment,Debit Card,Success,0,1,False,False,False,False,False
TXN0000036,CUST00404,2026-04-01 06:00:00,Transfer,1356.5,Investment,Debit Card,Success,0,1,False,False,False,False,False
TXN0000037,CUST00832,2026-02-28 08:00:00,Debit,4215.49,Entertainment,UPI,Success,0,1,False,False,False,False,False
TXN0000038,CUST00403,2026-04-19 15:00:00,Debit,2541.61,Unknown,UPI,Pending,0,0,False,False,False,False,False
TXN0000039,CUST01149,2026-07-05 21:00:00,Credit,1913.98,Groceries,Net Banking,Failed,1,0,False,False,False,False,False
TXN0000040,CUST00578,2026-07-01 05:00:00,Transfer,174.79,Shopping,UPI,Success,0,1,False,False,False,False,False
TXN0000041,CUST00225,2025-12-03 00:00:00,Debit,1076.63,Healthcare,Net Banking,Success,0,1,False,False,False,False,False
TXN0000042,CUST00676,2026-09-18 16:00:00,Credit,4420.71,Healthcare,Credit Card,Success,0,0,False,False,False,False,False
TXN0000043,CUST00439,2026-03-29 12:00:00,Credit,1436.72,Salary,UPI,Success,0,1,False,False,False,False,False
TXN0000044,CUST00488,2026-01-24 20:00:00,Debit,2185.07,Food,UPI,Success,0,2,False,False,False,False,False
TXN0000045,CUST00456,2025-10-11 01:00:00,Transfer,437.25,Travel,Debit Card,Success,0,0,False,False,False,False,False
TXN0000046,CUST01193,2025-02-21 02:00:00,Debit,366.13,Groceries,Credit Card,Success,1,0,False,False,False,False,False
TXN0000047,CUST00629,2026-05-21 10:00:00,Credit,627.76,Shopping,Debit Card,Success,0,0,False,False,False,False,False
TXN0000048,CUST00565,2025-05-09 17:00:00,Transfer,6009.19,Healthcare,UPI,Success,0,0,False,False,False,False,False
TXN0000049,CUST00502,2026-09-04 19:00:00,Debit,1212.15,Healthcare,UPI,Success,1,0,False,False,False,False,False
TXN0000050,CUST00456,2025-07-03 12:00:00,Credit,7237.88,Rent,Net Banking,Success,0,0,False,False,False,False,False
TXN0000051,CUST00483,2025-03-01 06:00:00,Debit,456.33,Salary,ATM,Success,0,0,False,False,False,False,False
TXN0000052,CUST00361,2026-09-26 02:00:00,Transfer,161.42,Rent,Debit Card,Success,0,0,False,False,False,False,False
TXN0000053,CUST00162,2026-09-02 23:00:00,Debit,932.14,Healthcare,ATM,Success,0,1,False,False,False,False,False
TXN0000054,CUST00251,2026-03-20 00:00:00,Credit,611.07,Entertainment,Net Banking,Success,0,0,False,False,False,False,False
TXN0000055,CUST00008,2025-08-18 01:00:00,Debit,3785.2,Investment,Debit Card,Success,0,0,False,False,False,False,False
TXN0000056,CUST01060,2026-01-16 07:00:00,Debit,6446.38,Utilities,Credit Card,Success,0,0,False,False,False,False,False
TXN0000057,CUST00800,2026-01-28 05:00:00,Debit,6001.24,Investment,UPI,Pending,0,1,False,False,False,False,False
TXN0000058,CUST00366,2025-06-01 00:00:00,Transfer,1943.21,Shopping,UPI,Success,0,0,False,False,False,False,False
TXN0000059,CUST00207,2026-01-18 00:00:00,Debit,2618.64,Entertainment,UPI,Success,0,1,False,False,False,False,False
TXN0000060,CUST00099,2025-10-23 16:00:00,Debit,2423.53,Healthcare,UPI,Pending,0,1,False,False,False,False,False
TXN0000061,CUST00625,2026-04-03 03:00:00,Credit,552.13,Salary,ATM,Success,0,0,False,False,False,False,False
TXN0000062,CUST00480,2026-09-03 08:00:00,Debit,1437.54,Healthcare,UPI,Success,0,0,False,False,False,False,False
TXN0000063,CUST00052,2026-06-03 09:00:00,Transfer,1188.98,Entertainment,UPI,Success,0,2,False,False,False,False,False
TXN0000064,CUST00611,2025-08-05 15:00:00,Transfer,585.85,Investment,UPI,Success,0,0,False,False,False,False,False
TXN0000065,CUST00915,2025-12-30 20:00:00,Debit,841.39,Healthcare,Credit Card,Success,0,0,False,False,False,False,False
TXN0000066,CUST00672,2025-08-19 23:00:00,Transfer,622.38,Rent,UPI,Success,0,0,False,False,False,False,False
TXN0000067,CUST00907,2026-09-23 09:00:00,Transfer,2483.99,Travel,UPI,Success,0,1,False,False,False,False,False
TXN0000068,CUST01083,2025-07-31 12:00:00,Debit,2931.81,Entertainment,UPI,Success,0,0,False,False,False,False,False
TXN0000069,CUST00353,2025-11-14 21:00:00,Transfer,2626.51,Salary,Debit Card,Success,0,0,False,False,False,False,False
TXN0000070,CUST01162,2025-08-05 06:00:00,Credit,925.03,Investment,UPI,Success,0,0,False,False,False,False,False
TXN0000071,CUST00772,2025-02-21 07:00:00,Debit,2947.58,Travel,Debit Card,Success,0,0,False,False,False,False,False
TXN0000072,CUST00134,2025-01-22 04:00:00,Debit,783.88,Groceries,Credit Card,Success,0,0,False,False,False,False,False
TXN0000073,CUST00553,2025-12-07 18:00:00,Debit,888.92,Salary,Debit Card,Success,0,0,False,False,False,False,False
TXN0000074,CUST00678,2026-05-12 15:00:00,Credit,1005.45,Utilities,Net Banking,Success,0,0,False,False,False,False,False
TXN0000075,CUST00556,2025-04-28 05:00:00,Transfer,4413.59,Healthcare,UPI,Success,0,1,False,False,False,False,False
TXN0000076,CUST01063,2026-05-10 09:00:00,Transfer,982.84,Travel,UPI,Failed,0,0,False,False,False,False,False
TXN0000077,CUST00769,2025-03-26 15:00:00,Transfer,636.01,Utilities,UPI,Pending,0,0,False,False,False,False,False
TXN0000078,CUST00659,2026-08-29 08:00:00,Debit,450.08,Healthcare,Debit Card,Success,0,0,False,False,False,False,False
TXN0000079,CUST00747,2025-11-15 20:00:00,Debit,922.84,Healthcare,UPI,Success,0,0,False,False,False,False,False
TXN0000080,CUST00530,2025-01-20 05:00:00,Debit,172.67,Travel,UPI,Success,0,0,False,False,False,False,False
TXN0000081,CUST01197,2026-01-25 03:00:00,Debit,2112.72,Entertainment,ATM,Success,0,0,False,False,False,False,False
TXN0000082,CUST00665,2025-07-14 04:00:00,Transfer,607.01,Shopping,UPI,Success,0,0,False,False,False,False,False
TXN0000083,CUST00737,2025-06-10 02:00:00,Credit,70.25,Entertainment,UPI,Success,0,0,False,False,False,False,False
TXN0000084,CUST00562,2025-05-29 07:00:00,Debit,249.95,Travel,Net Banking,Success,0,0,False,False,False,False,False
TXN0000085,CUST01184,2025-11-09 05:00:00,Debit,435.61,Entertainment,UPI,Success,0,0,False,False,False,False,False
TXN0000086,CUST00892,2026-08-19 20:00:00,Transfer,661.32,Investment,Debit Card,Failed,0,1,False,False,False,False,False
TXN0000087,CUST00160,2026-02-11 02:00:00,Credit,781.02,Travel,ATM,Success,0,0,False,False,False,False,False
TXN0000088,CUST01030,2025-10-06 03:00:00,Transfer,2276.22,Salary,Credit Card,Success,0,0,False,False,False,False,False
TXN0000089,CUST00834,2025-01-21 00:00:00,Debit,1006.58,Food,UPI,Success,0,0,False,False,False,False,False
TXN0000090,CUST00687,2026-03-19 01:00:00,Debit,1108.05,Food,Debit Card,Success,0,0,False,False,False,False,False
TXN0000091,CUST00441,2026-05-09 13:00:00,Transfer,1744.93,Salary,Debit Card,Success,0,0,False,False,False,False,False
TXN0000092,CUST00867,2025-02-17 08:00:00,Transfer,441.58,Investment,ATM,Failed,0,1,False,False,False,False,False
TXN0000093,CUST01166,2025-01-07 13:00:00,Transfer,1006.88,Salary,UPI,Pending,0,0,False,False,False,False,False
TXN0000094,CUST00158,2025-09-28 11:00:00,Credit,847.28,Healthcare,UPI,Success,0,0,False,False,False,False,False
TXN0000095,CUST00054,2025-05-28 07:00:00,Credit,4855.53,Investment,ATM,Success,0,0,False,False,False,False,False
TXN0000096,CUST00541,2025-02-03 12:00:00,Debit,1437.7,Food,Net Banking,Success,0,0,False,False,False,False,False
TXN0000097,CUST01041,2025-10-07 21:00:00,Debit,1915.25,Food,UPI,Success,0,0,False,False,False,False,False
TXN0000098,CUST00208,2026-09-03 16:00:00,Debit,1464.35,Entertainment,ATM,Success,0,0,False,False,False,False,False
TXN0000099,CUST00660,2026-08-21 07:00:00,Credit,2810.64,Investment,Debit Card,Success,0,1,False,False,False,False,False
TXN0000100,CUST00199,2025-07-20 08:00:00,Credit,4398.11,Salary,Credit Card,Success,0,0,False,False,False,False,False
TXN0000101,CUST00228,2025-07-09 16:00:00,Debit,1341.12,Shopping,Debit Card,Failed,0,1,False,False,False,False,False
TXN0000102,CUST01019,2026-09-28 15:00:00,Transfer,464.7,Groceries,UPI,Success,0,0,False,False,False,False,False
TXN0000103,CUST00631,2025-07-11 22:00:00,Transfer,964.76,Entertainment,UPI,Success,0,0,False,False,False,False,False
TXN0000104,CUST00886,2025-04-24 09:00:00,Debit,260.21,Rent,Credit Card,Success,0,0,False,False,False,False,False
TXN0000105,CUST00346,2025-04-05 17:00:00,Credit,177.23,Salary,UPI,Success,0,0,False,False,False,False,False
TXN0000106,CUST00126,2025-05-08 04:00:00,Debit,971.63,Rent,Debit Card,Success,0,0,False,False,False,False,False
TXN0000107,CUST00625,2025-08-25 04:00:00,Credit,1761.64,Healthcare,UPI,Success,0,0,False,False,False,False,False
TXN0000108,CUST00399,2026-04-21 14:00:00,Credit,726.8,Utilities,UPI,Success,0,1,False,False,False,False,False
TXN0000109,CUST00809,2026-03-24 01:00:00,Debit,2158.53,Healthcare,UPI,Success,0,0,False,False,False,False,False
TXN0000110,CUST00385,2025-04-29 06:00:00,Transfer,10016.65,Rent,UPI,Success,0,0,False,False,False,False,False
TXN0000111,CUST00557,2026-04-12 08:00:00,Transfer,3772.72,Groceries,Debit Card,Success,0,0,False,False,False,False,False
TXN0000112,CUST00775,2025-10-17 15:00:00,Debit,493.85,Healthcare,ATM,Success,0,1,False,False,False,False,False
TXN0000113,CUST01157,2025-02-18 13:00:00,Debit,593.34,Food,ATM,Success,0,0,False,False,False,False,False
TXN0000114,CUST00124,2025-08-27 19:00:00,Debit,1073.52,Healthcare,UPI,Success,0,0,False,False,False,False,False
TXN0000115,CUST00397,2025-03-09 23:00:00,Debit,108.87,Entertainment,Credit Card,Success,0,1,False,False,False,False,False
TXN0000116,CUST00262,2026-07-22 16:00:00,Transfer,1013.24,Salary,Net Banking,Success,0,1,False,False,False,False,False
TXN0000117,CUST01126,2025-04-06 09:00:00,Debit,916.1,Rent,UPI,Success,0,0,False,False,False,False,False
TXN0000118,CUST00580,2026-09-10 03:00:00,Debit,5081.32,Salary,Net Banking,Success,0,0,False,False,False,False,False
TXN0000119,CUST00366,2025-02-28 20:00:00,Transfer,803.3,Healthcare,Debit Card,Success,1,0,False,False,False,False,False
TXN0000120,CUST00827,2026-04-16 06:00:00,Debit,835.13,Rent,Net Banking,Success,0,0,False,False,False,False,False
TXN0000121,CUST00431,2026-01-29 03:00:00,Credit,1654.28,Healthcare,UPI,Success,0,0,False,False,False,False,False
TXN0000122,CUST00959,2026-03-25 13:00:00,Credit,1716.35,Groceries,UPI,Success,0,0,False,False,False,False,False
TXN0000123,CUST00175,2025-03-02 21:00:00,Transfer,1724.35,Healthcare,UPI,Pending,0,0,False,False,False,False,False
TXN0000124,CUST00200,2025-06-01 23:00:00,Credit,354.9,Salary,UPI,Success,0,0,False,False,False,False,False
TXN0000125,CUST00150,2026-06-09 10:00:00,Debit,585.12,Travel,Net Banking,Success,0,0,False,False,False,False,False
TXN0000126,CUST00171,2025-02-01 13:00:00,Debit,2065.73,Groceries,UPI,Failed,0,0,False,False,False,False,False
TXN0000127,CUST00926,2026-06-22 13:00:00,Debit,1237.77,Groceries,Credit Card,Success,0,2,False,False,False,False,False
TXN0000128,CUST01137,2025-11-22 21:00:00,Transfer,908.96,Entertainment,Net Banking,Failed,0,0,False,False,False,False,False
TXN0000129,CUST00049,2026-01-06 08:00:00,Debit,334.49,Entertainment,Debit Card,Success,0,0,False,False,False,False,False
TXN0000130,CUST00557,2025-01-10 08:00:00,Debit,665.61,Food,UPI,Success,0,0,False,False,False,False,False
TXN0000131,CUST00549,2025-12-21 19:00:00,Transfer,2967.11,Groceries,Net Banking,Pending,0,0,False,False,False,False,False
TXN0000132,CUST00413,2026-01-04 18:00:00,Debit,9460.57,Salary,Debit Card,Success,0,0,False,False,False,False,False
TXN0000133,CUST00641,2025-10-25 00:00:00,Transfer,6390.59,Healthcare,Debit Card,Success,0,0,False,False,False,False,False
TXN0000134,CUST00589,2025-10-30 11:00:00,Debit,361.93,Investment,Net Banking,Success,0,0,False,False,False,False,False
TXN0000135,CUST00344,2026-06-28 01:00:00,Debit,2801.34,Utilities,UPI,Success,0,1,False,False,False,False,False
TXN0000136,CUST01135,2025-05-26 03:00:00,Debit,924.77,Entertainment,Credit Card,Failed,0,0,False,False,False,False,False
TXN0000137,CUST01116,2025-02-12 03:00:00,Debit,197.4,Utilities,UPI,Success,0,0,False,False,False,False,False
TXN0000138,CUST00501,2026-01-18 17:00:00,Debit,1948.59,Utilities,UPI,Success,0,1,False,False,False,False,False
TXN0000139,CUST00053,2025-03-26 11:00:00,Transfer,1423.18,Investment,Debit Card,Failed,0,0,False,False,False,False,False
TXN0000140,CUST00899,2025-03-31 14:00:00,Transfer,1827.03,Food,Net Banking,Success,0,0,False,False,False,False,False
TXN0000141,CUST00334,2026-09-17 14:00:00,Debit,337.23,Travel,Net Banking,Success,0,0,False,False,False,False,False
TXN0000142,CUST00162,2025-08-15 08:00:00,Debit,154.62,Travel,UPI,Success,0,0,False,False,False,False,False
TXN0000143,CUST00103,2026-02-06 22:00:00,Debit,819.86,Utilities,Debit Card,Success,0,1,False,False,False,False,False
TXN0000144,CUST01200,2025-01-16 06:00:00,Debit,1576.21,Food,UPI,Success,0,0,False,False,False,False,False
TXN0000145,CUST00460,2026-02-11 20:00:00,Debit,2348.15,Rent,UPI,Success,0,0,False,False,False,False,False
TXN0000146,CUST01056,2026-08-06 22:00:00,Transfer,671.75,Utilities,UPI,Pending,0,1,False,False,False,False,False
TXN0000147,CUST01043,2025-03-02 07:00:00,Debit,526.43,Unknown,UPI,Success,0,1,False,False,False,False,False
TXN0000148,CUST00289,2026-04-24 01:00:00,Debit,789.54,Investment,Credit Card,Success,0,0,False,False,False,False,False
TXN0000149,CUST00669,2026-04-04 13:00:00,Debit,273.98,Utilities,Credit Card,Failed,0,0,False,False,False,False,False
TXN0000150,CUST00079,2026-03-18 05:00:00,Debit,1070.51,Groceries,UPI,Success,0,0,False,False,False,False,False
TXN0000151,CUST00907,2026-07-31 03:00:00,Transfer,1411.88,Groceries,Credit Card,Success,0,1,False,False,False,False,False
TXN0000152,CUST00215,2026-02-05 13:00:00,Debit,761.81,Utilities,Credit Card,Success,0,0,False,False,False,False,False
TXN0000153,CUST01109,2025-12-20 11:00:00,Debit,1765.72,Entertainment,Net Banking,Success,0,1,False,False,False,False,False
TXN0000154,CUST00682,2026-07-10 14:00:00,Debit,2099.33,Entertainment,Debit Card,Success,0,1,False,False,False,False,False
TXN0000155,CUST00209,2026-06-26 03:00:00,Credit,1647.31,Healthcare,ATM,Failed,0,0,False,False,False,False,False
TXN0000156,CUST01148,2025-03-25 16:00:00,Debit,2423.75,Healthcare,UPI,Success,0,1,False,False,False,False,False
TXN0000157,CUST00960,2025-02-11 11:00:00,Debit,2370.71,Healthcare,UPI,Success,0,0,False,False,False,False,False
TXN0000158,CUST01038,2026-02-27 23:00:00,Transfer,687.59,Investment,Net Banking,Success,0,0,False,False,False,False,False
TXN0000159,CUST00990,2025-05-13 08:00:00,Transfer,1655.31,Food,UPI,Success,0,0,False,False,False,False,False
TXN0000160,CUST00280,2025-08-31 18:00:00,Debit,2270.62,Food,Debit Card,Success,0,1,False,False,False,False,False
TXN0000161,CUST01031,2025-02-10 16:00:00,Debit,849.55,Utilities,UPI,Success,0,0,False,False,False,False,False
TXN0000162,CUST00982,2026-06-03 05:00:00,Debit,3772.44,Rent,UPI,Success,0,0,False,False,False,False,False
TXN0000163,CUST00183,2026-07-29 23:00:00,Credit,2453.78,Entertainment,UPI,Success,0,2,False,False,False,False,False
TXN0000164,CUST00728,2026-03-06 23:00:00,Debit,2991.4,Utilities,UPI,Success,1,1,False,False,False,False,False
TXN0000165,CUST01119,2025-04-05 01:00:00,Transfer,266.79,Investment,UPI,Success,0,1,False,False,False,False,False
TXN0000166,CUST00389,2025-07-09 00:00:00,Debit,261.85,Travel,ATM,Success,0,0,False,False,False,False,False
TXN0000167,CUST00898,2026-05-12 20:00:00,Debit,1975.14,Rent,Credit Card,Success,0,0,False,False,False,False,False
TXN0000168,CUST00030,2026-02-23 01:00:00,Transfer,5315.22,Salary,UPI,Success,0,0,False,False,False,False,False
TXN0000169,CUST01010,2025-11-20 12:00:00,Debit,1876.01,Healthcare,Net Banking,Success,1,0,False,False,False,False,False
TXN0000170,CUST00946,2025-09-29 16:00:00,Transfer,785.73,Food,Debit Card,Success,0,0,False,False,False,False,False
TXN0000171,CUST00551,2025-06-17 23:00:00,Credit,1474.69,Shopping,Credit Card,Success,0,0,False,False,False,False,False
TXN0000172,CUST00751,2025-02-12 17:00:00,Debit,4933.39,Travel,ATM,Success,0,0,False,False,False,False,False
TXN0000173,CUST00091,2025-07-20 05:00:00,Transfer,8885.72,Healthcare,Debit Card,Success,0,0,False,False,False,False,False
TXN0000174,CUST00498,2025-04-02 11:00:00,Debit,1898.37,Rent,Net Banking,Success,0,0,False,False,False,False,False
TXN0000175,CUST01103,2025-12-15 00:00:00,Transfer,531.91,Utilities,Debit Card,Success,0,0,False,False,False,False,False
TXN0000176,CUST00830,2025-09-03 00:00:00,Transfer,2295.02,Travel,ATM,Success,0,0,False,False,False,False,False
TXN0000177,CUST01090,2026-09-18 09:00:00,Debit,2323.1,Healthcare,Net Banking,Success,0,1,False,False,False,False,False
TXN0000178,CUST00713,2026-07-09 22:00:00,Debit,1948.55,Groceries,Debit Card,Success,0,0,False,False,False,False,False
TXN0000179,CUST01189,2026-03-21 01:00:00,Debit,3500.43,Travel,UPI,Success,0,0,False,False,False,False,False
TXN0000180,CUST01054,2025-04-29 00:00:00,Debit,823.84,Utilities,Debit Card,Success,0,1,False,False,False,False,False
TXN0000181,CUST00477,2025-05-23 18:00:00,Transfer,302.79,Food,ATM,Success,0,0,False,False,False,False,False
TXN0000182,CUST00217,2026-03-22 20:00:00,Transfer,6201.8,Healthcare,UPI,Success,0,0,False,False,False,False,False
TXN0000183,CUST00334,2025-07-07 16:00:00,Transfer,989.64,Rent,UPI,Success,1,0,False,False,False,False,False
TXN0000184,CUST00286,2026-01-24 07:00:00,Transfer,231.23,Healthcare,Credit Card,Failed,0,1,False,False,False,False,False
TXN0000185,CUST00091,2025-06-15 15:00:00,Credit,409.68,Healthcare,Debit Card,Pending,0,1,False,False,False,False,False
TXN0000186,CUST00082,2026-05-26 11:00:00,Debit,7672.69,Entertainment,UPI,Success,0,0,False,False,False,False,False
TXN0000187,CUST00028,2025-07-23 09:00:00,Transfer,887.87,Healthcare,Debit Card,Success,0,0,False,False,False,False,False
TXN0000188,CUST01064,2026-01-07 07:00:00,Debit,255.71,Food,UPI,Success,0,0,False,False,False,False,False
TXN0000189,CUST00799,2025-02-28 05:00:00,Transfer,4619.72,Groceries,ATM,Success,0,0,False,False,False,False,False
TXN0000190,CUST00806,2026-04-06 13:00:00,Debit,584.53,Groceries,ATM,Success,0,1,False,False,False,False,False
TXN0000191,CUST00261,2026-08-10 02:00:00,Credit,1895.08,Healthcare,UPI,Success,0,1,False,False,False,False,False
TXN0000192,CUST00435,2025-01-01 11:00:00,Credit,1136.75,Travel,UPI,Success,0,0,False,False,False,False,False
TXN0000193,CUST00729,2026-01-03 12:00:00,Debit,4634.92,Food,UPI,Pending,0,1,False,False,False,False,False
TXN0000194,CUST00560,2025-12-23 18:00:00,Transfer,1489.69,Healthcare,UPI,Success,0,0,False,False,False,False,False
TXN0000195,CUST00573,2026-04-22 05:00:00,Transfer,10350.34,Entertainment,UPI,Success,0,0,False,False,False,False,False
TXN0000196,CUST01153,2025-08-04 02:00:00,Transfer,480.62,Travel,Credit Card,Success,0,0,False,False,False,False,False
TXN0000197,CUST00678,2025-06-17 23:00:00,Debit,50.0,Rent,UPI,Success,0,1,False,False,False,False,False
TXN0000198,CUST00467,2026-05-10 11:00:00,Debit,505.57,Healthcare,Net Banking,Success,0,1,False,False,False,False,False
TXN0000199,CUST00349,2026-04-14 22:00:00,Debit,1049.86,Utilities,Credit Card,Success,0,0,False,False,False,False,False
TXN0000200,CUST01161,2026-02-08 23:00:00,Credit,829.28,Food,UPI,Success,0,0,False,False,False,False,False
TXN0000201,CUST00674,2026-08-17 12:00:00,Transfer,990.41,Utilities,Debit Card,Failed,0,0,False,False,False,False,False
TXN0000202,CUST00643,2025-10-11 14:00:00,Transfer,659.73,Travel,UPI,Success,0,1,False,False,False,False,False
TXN0000203,CUST00059,2026-02-27 13:00:00,Credit,3377.13,Groceries,Credit Card,Success,1,0,False,False,False,False,False
TXN0000204,CUST00262,2025-09-17 07:00:00,Debit,111.17,Investment,UPI,Success,0,0,False,False,False,False,False
TXN0000205,CUST00369,2025-11-01 22:00:00,Transfer,470.9,Healthcare,UPI,Success,1,0,False,False,False,False,False
TXN0000206,CUST00086,2026-06-11 23:00:00,Debit,5526.66,Food,Credit Card,Success,0,1,False,False,False,False,False
TXN0000207,CUST00444,2025-09-11 11:00:00,Transfer,1033.17,Rent,UPI,Success,0,0,False,False,False,False,False
TXN0000208,CUST01053,2026-06-04 05:00:00,Credit,1102.39,Investment,Net Banking,Success,0,1,False,False,False,False,False
TXN0000209,CUST01035,2025-12-01 14:00:00,Transfer,435.63,Entertainment,Debit Card,Pending,0,0,False,False,False,False,False
TXN0000210,CUST00400,2026-07-11 03:00:00,Transfer,1443.81,Utilities,UPI,Success,0,0,False,False,False,False,False
TXN0000211,CUST00507,2025-09-11 07:00:00,Debit,1119.52,Food,Credit Card,Success,0,1,False,False,False,False,False
TXN0000212,CUST01059,2026-04-17 10:00:00,Transfer,3772.22,Salary,UPI,Success,0,1,False,False,False,False,False
TXN0000213,CUST01043,2025-02-19 18:00:00,Debit,-1.0,Investment,Net Banking,Success,0,0,True,False,False,False,False
TXN0000214,CUST00587,2025-09-19 01:00:00,Debit,455.31,Salary,Net Banking,Success,0,0,False,False,False,False,False
TXN0000215,CUST00111,2025-04-29 02:00:00,Transfer,2161.77,Investment,ATM,Success,0,0,False,False,False,False,False
TXN0000216,CUST00697,2025-04-28 10:00:00,Debit,948.15,Groceries,Debit Card,Success,0,0,False,False,False,False,False
TXN0000217,CUST00484,2025-07-09 23:00:00,Debit,3706.97,Shopping,Net Banking,Success,0,0,False,False,False,False,False
TXN0000218,CUST00104,2026-03-25 08:00:00,Debit,4247.71,Shopping,UPI,Success,0,0,False,False,False,False,False
TXN0000219,CUST00321,2026-05-01 13:00:00,Transfer,201.32,Investment,UPI,Success,0,0,False,False,False,False,False
TXN0000220,CUST00497,2025-06-13 11:00:00,Credit,948.49,Utilities,UPI,Success,0,1,False,False,False,False,False
TXN0000221,CUST00114,2025-04-16 17:00:00,Credit,408.15,Rent,UPI,Success,0,0,False,False,False,False,False
TXN0000222,CUST00007,2026-07-16 04:00:00,Transfer,775.33,Travel,Credit Card,Success,0,1,False,False,False,False,False
TXN0000223,CUST00117,2025-09-17 06:00:00,Debit,238.9,Entertainment,Debit Card,Success,0,0,False,False,False,False,False
TXN0000224,CUST00740,2025-02-09 17:00:00,Transfer,2582.6,Shopping,Credit Card,Success,0,0,False,False,False,False,False
TXN0000225,CUST01001,2026-07-13 21:00:00,Debit,404.99,Groceries,Credit Card,Success,0,1,False,False,False,False,False
TXN0000226,CUST01139,2025-10-13 19:00:00,Transfer,1541.57,Rent,Credit Card,Success,0,0,False,False,False,False,False
TXN0000227,CUST00663,2026-04-03 06:00:00,Credit,326.64,Food,Credit Card,Success,0,0,False,False,False,False,False
TXN0000228,CUST00366,2025-01-27 00:00:00,Credit,167.42,Shopping,Net Banking,Success,0,0,False,False,False,False,False
TXN0000229,CUST00258,2025-02-13 03:00:00,Debit,854.22,Travel,UPI,Success,0,0,False,False,False,False,False
TXN0000230,CUST00025,2025-09-26 07:00:00,Debit,3642.53,Investment,UPI,Failed,0,0,False,False,False,False,False
TXN0000231,CUST00603,2025-10-30 00:00:00,Credit,3364.99,Food,Debit Card,Failed,0,0,False,False,False,False,False
TXN0000232,CUST00425,2025-06-28 13:00:00,Debit,906.8,Healthcare,ATM,Failed,0,0,False,False,False,False,False
TXN0000233,CUST00538,2025-06-09 21:00:00,Debit,267.03,Shopping,UPI,Failed,0,0,False,False,False,False,False
TXN0000234,CUST01063,2026-07-20 04:00:00,Transfer,471.55,Utilities,ATM,Success,0,0,False,False,False,False,False
TXN0000235,CUST00772,2025-12-05 07:00:00,Transfer,1732.16,Shopping,ATM,Success,0,0,False,False,False,False,False
TXN0000236,CUST00133,2025-06-02 08:00:00,Debit,542.43,Shopping,UPI,Success,1,1,False,False,False,False,False
TXN0000237,CUST01127,2026-03-22 04:00:00,Debit,1086.3,Groceries,UPI,Success,0,0,False,False,False,False,False
TXN0000238,CUST00665,2026-05-06 21:00:00,Transfer,964.65,Food,Unknown,Success,0,0,False,False,False,False,False
TXN0000239,CUST00474,2026-03-03 20:00:00,Debit,749.92,Travel,ATM,Success,0,0,False,False,False,False,False
TXN0000240,CUST00441,2025-05-31 11:00:00,Debit,3347.94,Groceries,UPI,Success,0,1,False,False,False,False,False
TXN0000241,CUST00453,2025-10-25 17:00:00,Credit,316.46,Salary,UPI,Success,0,0,False,False,False,False,False
TXN0000242,CUST00914,2026-02-02 13:00:00,Debit,823.67,Utilities,ATM,Success,0,0,False,False,False,False,False
TXN0000243,CUST00160,2025-04-22 10:00:00,Debit,3900.21,Groceries,UPI,Success,0,0,False,False,False,False,False
TXN0000244,CUST00124,2026-02-18 09:00:00,Debit,303.35,Rent,Debit Card,Success,0,0,False,False,False,False,False
TXN0000245,CUST00771,2025-05-11 16:00:00,Debit,4549.34,Investment,Net Banking,Success,0,0,False,False,False,False,False
TXN0000246,CUST00119,2025-01-29 22:00:00,Transfer,1331.65,Food,Net Banking,Success,0,0,False,False,False,False,False
TXN0000247,CUST00587,2025-09-30 21:00:00,Debit,833.69,Shopping,UPI,Success,0,1,False,False,False,False,False
TXN0000248,CUST00378,2025-05-17 21:00:00,Debit,5983.45,Groceries,Debit Card,Success,0,0,False,False,False,False,False
TXN0000249,CUST01026,2025-11-06 08:00:00,Transfer,127.99,Unknown,Net Banking,Success,0,0,False,False,False,False,False
TXN0000250,CUST00526,2025-06-30 00:00:00,Debit,462.29,Food,Credit Card,Success,0,0,False,False,False,False,False
TXN0000251,CUST01111,2026-04-02 15:00:00,Credit,415.26,Entertainment,Debit Card,Success,1,0,False,False,False,False,False
TXN0000252,CUST00594,2025-03-01 17:00:00,Transfer,727.23,Food,Credit Card,Success,0,0,False,False,False,False,False
TXN0000253,CUST00832,2026-01-28 15:00:00,Transfer,171.86,Rent,UPI,Success,0,0,False,False,False,False,False
TXN0000254,CUST01166,2026-01-21 07:00:00,Credit,2786.67,Investment,UPI,Success,0,0,False,False,False,False,False
TXN0000255,CUST00886,2025-11-20 23:00:00,Transfer,1316.22,Salary,UPI,Success,0,0,False,False,False,False,False
TXN0000256,CUST00713,2025-09-25 04:00:00,Transfer,2078.26,Entertainment,UPI,Success,0,0,False,False,False,False,False
TXN0000257,CUST00986,2026-06-14 12:00:00,Debit,2845.67,Investment,Debit Card,Success,0,1,False,False,False,False,False
TXN0000258,CUST00617,2025-02-02 22:00:00,Transfer,1186.76,Investment,Debit Card,Success,0,0,False,False,False,False,False
TXN0000259,CUST01156,2025-11-21 02:00:00,Credit,1093.81,Groceries,ATM,Success,0,0,False,False,False,False,False
TXN0000260,CUST00403,2025-03-28 06:00:00,Transfer,764.06,Rent,UPI,Success,0,0,False,False,False,False,False
TXN0000261,CUST00158,2025-01-04 12:00:00,Debit,4382.5,Groceries,Net Banking,Unknown,0,0,False,False,False,False,False
TXN0000262,CUST00361,2025-03-21 12:00:00,Debit,233.92,Investment,Net Banking,Success,0,0,False,False,False,False,False
TXN0000263,CUST00431,2026-03-31 19:00:00,Transfer,911.43,Food,Credit Card,Success,1,0,False,False,False,False,False
TXN0000264,CUST01188,2025-02-14 03:00:00,Debit,1408.84,Shopping,Debit Card,Success,0,0,False,False,False,False,False
TXN0000265,CUST01085,2025-11-19 09:00:00,Transfer,766.18,Food,Credit Card,Success,0,0,False,False,False,False,False
TXN0000266,CUST00331,2025-03-07 19:00:00,Debit,411.97,Food,Debit Card,Success,0,0,False,False,False,False,False
TXN0000267,CUST01078,2026-04-09 14:00:00,Debit,497.42,Utilities,Credit Card,Failed,0,0,False,False,False,False,False
TXN0000268,CUST00102,2026-07-31 21:00:00,Debit,502.57,Groceries,ATM,Success,0,1,False,False,False,False,False
TXN0000269,CUST00424,2025-07-29 11:00:00,Transfer,711.28,Utilities,Credit Card,Success,0,0,False,False,False,False,False
TXN0000270,CUST00907,2026-02-25 08:00:00,Transfer,5142.04,Travel,Debit Card,Success,0,0,False,False,False,False,False
TXN0000271,CUST00277,2026-05-30 12:00:00,Debit,2561.87,Investment,Debit Card,Success,0,0,False,False,False,False,False
TXN0000272,CUST00104,2025-06-06 02:00:00,Debit,1063.75,Entertainment,Debit Card,Success,0,0,False,False,False,False,False
TXN0000273,CUST01070,2026-01-10 14:00:00,Debit,845.77,Food,UPI,Success,0,0,False,False,False,False,False
TXN0000274,CUST00308,2025-11-19 13:00:00,Debit,3181.48,Rent,Debit Card,Success,0,0,False,False,False,False,False
TXN0000275,CUST00765,2026-01-10 20:00:00,Credit,345.87,Groceries,Debit Card,Success,0,0,False,False,False,False,False
TXN0000276,CUST00274,2025-01-10 17:00:00,Transfer,9765.13,Utilities,Net Banking,Success,0,0,False,False,False,False,False
TXN0000277,CUST01103,2026-03-04 05:00:00,Transfer,366.39,Rent,UPI,Pending,0,0,False,False,False,False,False
TXN0000278,CUST00313,2026-02-23 01:00:00,Debit,2515.83,Salary,Credit Card,Success,0,0,False,False,False,False,False
TXN0000279,CUST00639,2026-02-11 01:00:00,Transfer,556.74,Groceries,Debit Card,Success,0,1,False,False,False,False,False
TXN0000280,CUST00246,2026-09-06 21:00:00,Debit,324.5,Travel,Debit Card,Success,0,0,False,False,False,False,False
TXN0000281,CUST00217,2026-08-23 14:00:00,Debit,340.41,Salary,UPI,Success,0,0,False,False,False,False,False
TXN0000282,CUST00926,2025-09-19 10:00:00,Credit,2141.39,Investment,Unknown,Success,0,0,False,False,False,False,False
TXN0000283,CUST00377,2025-11-08 19:00:00,Debit,1412.34,Shopping,UPI,Success,0,1,False,False,False,False,False
TXN0000284,CUST00178,2025-10-12 10:00:00,Debit,696.01,Healthcare,Unknown,Success,0,2,False,False,False,False,False
TXN0000285,CUST00147,2026-02-14 01:00:00,Transfer,199.45,Rent,Debit Card,Success,0,1,False,False,False,False,False
TXN0000286,CUST00497,2026-08-07 13:00:00,Debit,881.24,Travel,ATM,Success,1,0,False,False,False,False,False
TXN0000287,CUST00290,2025-12-06 10:00:00,Credit,618.03,Shopping,Debit Card,Success,0,0,False,False,False,False,False
TXN0000288,CUST00574,2025-10-19 04:00:00,Credit,2469.12,Salary,Net Banking,Pending,0,0,False,False,False,False,False
TXN0000289,CUST00043,2025-11-11 08:00:00,Debit,1150.2,Healthcare,Credit Card,Success,0,0,False,False,False,False,False
TXN0000290,CUST00814,2025-12-02 14:00:00,Transfer,659.96,Salary,Debit Card,Success,0,1,False,False,False,False,False
TXN0000291,CUST00196,2025-01-29 12:00:00,Credit,5356.1,Travel,Debit Card,Failed,0,0,False,False,False,False,False
TXN0000292,CUST00227,2026-04-08 13:00:00,Debit,3911.65,Food,UPI,Success,0,0,False,False,False,False,False
TXN0000293,CUST01159,2026-06-22 22:00:00,Transfer,7912.46,Entertainment,Net Banking,Success,0,0,False,False,False,False,False
TXN0000294,CUST00701,2026-05-21 20:00:00,Debit,89.18,Salary,UPI,Pending,0,0,False,False,False,False,False
TXN0000295,CUST00024,2026-05-19 21:00:00,Transfer,3024.61,Investment,UPI,Success,0,0,False,False,False,False,False
TXN0000296,CUST00439,2026-01-27 14:00:00,Transfer,678.27,Entertainment,UPI,Success,0,0,False,False,False,False,False
TXN0000297,CUST00746,2025-08-22 02:00:00,Credit,1452.5,Healthcare,Net Banking,Success,1,0,False,False,False,False,False
TXN0000298,CUST00281,2025-04-02 03:00:00,Transfer,3530.38,Investment,UPI,Unknown,0,1,False,False,False,False,False
TXN0000299,CUST00548,2026-01-22 12:00:00,Transfer,599.76,Groceries,UPI,Success,1,1,False,False,False,False,False
TXN0000300,CUST00053,2025-09-12 19:00:00,Debit,274.46,Rent,UPI,Success,1,0,False,False,False,False,False
TXN0000301,CUST00439,2025-12-10 20:00:00,Debit,444.66,Entertainment,Debit Card,Pending,0,0,False,False,False,False,False
TXN0000302,CUST01160,2026-03-15 09:00:00,Debit,1153.21,Salary,UPI,Failed,0,0,False,False,False,False,False
TXN0000303,CUST00809,2026-06-27 00:00:00,Credit,3797.55,Travel,UPI,Success,0,0,False,False,False,False,False
TXN0000304,CUST00319,2025-01-27 11:00:00,Credit,2930.54,Entertainment,UPI,Success,1,0,False,False,False,False,False
TXN0000305,CUST00453,2025-05-08 10:00:00,Transfer,1849.83,Entertainment,Credit Card,Success,0,0,False,False,False,False,False
TXN0000306,CUST00466,2025-12-19 16:00:00,Debit,263.01,Investment,ATM,Success,1,0,False,False,False,False,False
TXN0000307,CUST00496,2025-01-12 03:00:00,Debit,525.28,Utilities,Net Banking,Success,0,0,False,False,False,False,False
TXN0000308,CUST00038,2025-01-15 03:00:00,Debit,163.84,Food,ATM,Success,0,1,False,False,False,False,False
TXN0000309,CUST00144,2026-09-29 20:00:00,Credit,564.57,Investment,UPI,Failed,1,0,False,False,False,False,False
TXN0000310,CUST00875,2026-08-02 02:00:00,Debit,1327.55,Entertainment,ATM,Success,0,0,False,False,False,False,False
TXN0000311,CUST00227,2026-04-10 11:00:00,Debit,1810.17,Healthcare,Credit Card,Failed,0,0,False,False,False,False,False
TXN0000312,CUST00509,2025-03-30 08:00:00,Transfer,2002.56,Groceries,ATM,Success,0,1,False,False,False,False,False
TXN0000313,CUST01184,2025-11-20 09:00:00,Transfer,21543.87,Food,UPI,Success,0,0,False,False,False,False,True
TXN0000314,CUST00974,2026-08-28 14:00:00,Transfer,318.15,Salary,UPI,Success,0,1,False,False,False,False,False
TXN0000315,CUST00061,2026-03-08 14:00:00,Transfer,775.81,Food,UPI,Success,0,0,False,False,False,False,False
TXN0000316,CUST00590,2026-07-05 09:00:00,Debit,3036.97,Food,UPI,Failed,0,0,False,False,False,False,False
TXN0000317,CUST00568,2026-06-07 00:00:00,Debit,1338.02,Utilities,UPI,Failed,0,0,False,False,False,False,False
TXN0000318,CUST00073,2025-03-02 16:00:00,Transfer,9739.76,Shopping,Credit Card,Success,0,0,False,False,False,False,False
TXN0000319,CUST00934,2026-02-04 02:00:00,Credit,292.74,Utilities,Debit Card,Success,0,0,False,False,False,False,False
TXN0000320,CUST01078,2025-11-06 06:00:00,Debit,2969.08,Utilities,UPI,Success,0,2,False,False,False,False,False
TXN0000321,CUST00854,2026-04-11 23:00:00,Debit,-100.0,Food,UPI,Success,1,0,True,False,False,False,False
TXN0000322,CUST00699,2025-06-08 02:00:00,Debit,4894.42,Entertainment,UPI,Success,0,0,False,False,False,False,False
TXN0000323,CUST00986,2026-04-17 23:00:00,Transfer,552.64,Salary,ATM,Success,0,1,False,False,False,False,False
TXN0000324,CUST00253,2026-09-14 15:00:00,Debit,376.69,Groceries,ATM,Success,1,1,False,False,False,False,False
TXN0000325,,2025-02-21 13:00:00,Debit,1336.28,Healthcare,ATM,Failed,0,1,False,False,True,False,False
TXN0000326,CUST00756,2025-02-20 13:00:00,Debit,3768.46,Utilities,Debit Card,Success,0,0,False,False,False,False,False
TXN0000327,CUST00612,2026-03-26 15:00:00,Debit,677.78,Salary,Debit Card,Failed,0,0,False,False,False,False,False
TXN0000328,CUST00203,2026-07-30 13:00:00,Debit,1324.5,Food,UPI,Failed,0,0,False,False,False,False,False
TXN0000329,CUST01151,2025-01-01 20:00:00,Transfer,209.14,Investment,ATM,Success,0,0,False,False,False,False,False
TXN0000330,CUST00994,2025-05-09 10:00:00,Credit,1249.24,Rent,UPI,Success,0,0,False,False,False,False,False
TXN0000331,CUST00983,2025-07-02 17:00:00,Debit,6037.87,Travel,Debit Card,Success,0,0,False,False,False,False,False
TXN0000332,CUST00875,2025-09-23 18:00:00,Credit,187.12,Shopping,UPI,Pending,0,0,False,False,False,False,False
TXN0000333,CUST01074,2025-04-21 17:00:00,Debit,1732.62,Unknown,UPI,Success,0,0,False,False,False,False,False
TXN0000334,CUST00486,2025-05-20 11:00:00,Transfer,1556.47,Utilities,Debit Card,Success,0,0,False,False,False,False,False
TXN0000335,CUST00992,2025-04-10 19:00:00,Transfer,795.94,Investment,Net Banking,Failed,0,0,False,False,False,False,False
TXN0000336,CUST00860,2025-12-04 04:00:00,Transfer,2694.28,Investment,UPI,Failed,1,1,False,False,False,False,False
TXN0000337,CUST00782,2025-01-13 18:00:00,Transfer,1914.53,Travel,UPI,Success,1,0,False,False,False,False,False
TXN0000338,CUST00782,2026-05-15 16:00:00,Debit,113.28,Food,Debit Card,Success,0,1,False,False,False,False,False
TXN0000339,CUST00503,2026-03-24 13:00:00,Debit,275.71,Travel,Net Banking,Failed,0,0,False,False,False,False,False
TXN0000340,CUST00301,2025-02-01 23:00:00,Debit,2455.62,Travel,Debit Card,Success,0,1,False,False,False,False,False
TXN0000341,CUST00355,2025-09-04 13:00:00,Debit,3312.94,Rent,UPI,Success,0,0,False,False,False,False,False
TXN0000342,CUST00376,2026-02-07 06:00:00,Debit,2404.51,Food,ATM,Success,0,0,False,False,False,False,False
TXN0000343,CUST00911,2025-09-02 22:00:00,Debit,1877.28,Food,Debit Card,Failed,0,0,False,False,False,False,False
TXN0000344,CUST00785,2026-06-14 01:00:00,Credit,3033.52,Healthcare,ATM,Success,0,1,False,False,False,False,False
TXN0000345,CUST00228,2025-03-22 20:00:00,Debit,50.0,Shopping,UPI,Success,0,0,False,False,False,False,False
TXN0000346,CUST00942,2026-08-12 13:00:00,Debit,370.8,Shopping,ATM,Success,0,0,False,False,False,False,False
TXN0000347,CUST00020,2025-04-08 04:00:00,Debit,979.77,Investment,UPI,Success,0,0,False,False,False,False,False
TXN0000348,CUST00863,2026-07-02 09:00:00,Transfer,782.49,Shopping,Debit Card,Success,0,0,False,False,False,False,False
TXN0000349,CUST00709,2025-07-11 21:00:00,Debit,798.5,Groceries,Debit Card,Success,0,0,False,False,False,False,False
TXN0000350,CUST00568,2026-02-08 23:00:00,Debit,1145.33,Food,ATM,Success,1,0,False,False,False,False,False
TXN0000351,CUST01079,2026-02-12 00:00:00,Debit,753.04,Groceries,UPI,Success,0,0,False,False,False,False,False
TXN0000352,CUST01105,2025-05-07 05:00:00,Transfer,1053.28,Groceries,Debit Card,Success,0,1,False,False,False,False,False
TXN0000353,CUST00017,2025-05-15 04:00:00,Debit,439.97,Shopping,Credit Card,Success,0,2,False,False,False,False,False
TXN0000354,CUST00935,2025-12-20 21:00:00,Debit,761.48,Rent,Debit Card,Success,0,0,False,False,False,False,False
TXN0000355,CUST00571,2026-06-18 01:00:00,Debit,1661.76,Entertainment,UPI,Success,0,2,False,False,False,False,False
TXN0000356,CUST00006,2026-06-15 12:00:00,Transfer,1075.26,Travel,UPI,Success,0,0,False,False,False,False,False
TXN0000357,CUST00704,2026-09-24 15:00:00,Transfer,731.64,Investment,Debit Card,Success,0,0,False,False,False,False,False
TXN0000358,CUST00729,2026-08-09 00:00:00,Credit,1478.29,Shopping,UPI,Success,0,0,False,False,False,False,False
TXN0000359,CUST00079,2026-07-03 02:00:00,Debit,2518.62,Food,Net Banking,Success,0,0,False,False,False,False,False
TXN0000360,CUST01103,2026-03-11 13:00:00,Debit,291.04,Food,UPI,Success,0,1,False,False,False,False,False
TXN0000361,CUST00864,2026-05-05 20:00:00,Debit,1004.21,Shopping,Net Banking,Success,0,0,False,False,False,False,False
TXN0000362,CUST00493,2025-06-21 10:00:00,Debit,544.25,Utilities,UPI,Success,0,1,False,False,False,False,False
TXN0000363,CUST00021,2025-01-11 16:00:00,Transfer,1637.96,Entertainment,Net Banking,Success,0,0,False,False,False,False,False
TXN0000364,CUST00468,2026-02-03 11:00:00,Debit,1089.92,Salary,ATM,Success,0,0,False,False,False,False,False
TXN0000365,CUST00682,2026-09-20 19:00:00,Transfer,1673.6,Entertainment,UPI,Success,0,0,False,False,False,False,False
TXN0000366,CUST00076,2025-03-12 08:00:00,Credit,1931.09,Utilities,Net Banking,Success,0,0,False,False,False,False,False
TXN0000367,CUST00717,2025-02-20 12:00:00,Transfer,539.9,Salary,ATM,Success,0,1,False,False,False,False,False
TXN0000368,CUST00074,2025-07-20 00:00:00,Transfer,1298.55,Food,UPI,Failed,0,0,False,False,False,False,False
TXN0000369,CUST00533,2025-11-05 21:00:00,Debit,197.96,Investment,Net Banking,Success,1,0,False,False,False,False,False
TXN0000370,CUST00282,2026-07-18 23:00:00,Debit,483.97,Rent,UPI,Success,0,1,False,False,False,False,False
TXN0000371,CUST00895,2026-04-20 12:00:00,Debit,485.47,Shopping,UPI,Success,0,0,False,False,False,False,False
TXN0000372,CUST01102,2025-09-10 14:00:00,Transfer,348.85,Shopping,UPI,Success,1,0,False,False,False,False,False
TXN0000373,CUST00219,2025-07-11 09:00:00,Transfer,13203.56,Travel,UPI,Success,0,0,False,False,False,False,True
TXN0000374,CUST00579,2026-01-05 13:00:00,Debit,143.98,Investment,Net Banking,Success,0,0,False,False,False,False,False
TXN0000375,CUST00387,2025-07-18 14:00:00,Transfer,1868.25,Healthcare,ATM,Failed,0,0,False,False,False,False,False
TXN0000376,CUST00627,2025-04-15 17:00:00,Transfer,481.98,Salary,UPI,Success,0,0,False,False,False,False,False
TXN0000377,CUST00315,2025-03-01 04:00:00,Debit,590.27,Healthcare,UPI,Success,0,0,False,False,False,False,False
TXN0000378,CUST01024,2026-05-24 03:00:00,Transfer,4985.16,Entertainment,Debit Card,Pending,0,0,False,False,False,False,False
TXN0000379,CUST00342,2025-03-23 14:00:00,Debit,1028.59,Entertainment,UPI,Success,0,1,False,False,False,False,False
TXN0000380,CUST00133,2025-09-22 05:00:00,Transfer,208.6,Investment,ATM,Success,0,0,False,False,False,False,False
TXN0000381,CUST00150,2025-12-07 22:00:00,Transfer,2702.82,Healthcare,ATM,Success,0,0,False,False,False,False,False
TXN0000382,CUST00814,2025-09-07 17:00:00,Debit,1655.74,Rent,ATM,Success,0,0,False,False,False,False,False
TXN0000383,CUST01112,2025-02-28 02:00:00,Transfer,373.34,Entertainment,UPI,Success,0,0,False,False,False,False,False
TXN0000384,CUST00806,2025-10-24 05:00:00,Transfer,352.53,Food,Credit Card,Success,0,1,False,False,False,False,False
TXN0000385,CUST01190,2026-01-09 07:00:00,Debit,1628.18,Shopping,UPI,Success,0,0,False,False,False,False,False
TXN0000386,CUST00658,2025-06-03 01:00:00,Credit,107.1,Groceries,UPI,Success,0,0,False,False,False,False,False
TXN0000387,CUST00031,2025-01-13 03:00:00,Transfer,788.92,Entertainment,Credit Card,Success,0,0,False,False,False,False,False
TXN0000388,CUST00673,2025-10-26 16:00:00,Debit,215.36,Salary,Debit Card,Success,0,0,False,False,False,False,False
TXN0000389,CUST00096,2025-03-17 03:00:00,Credit,1096.265,Utilities,Debit Card,Failed,0,0,False,False,False,True,False
TXN0000390,CUST00460,2026-03-20 07:00:00,Debit,1341.87,Entertainment,UPI,Success,0,0,False,False,False,False,False
TXN0000391,CUST00111,2026-05-08 02:00:00,Transfer,1120.58,Salary,UPI,Success,0,0,False,False,False,False,False
TXN0000392,CUST00656,2026-07-23 21:00:00,Credit,1458.01,Salary,ATM,Success,0,1,False,False,False,False,False
TXN0000393,CUST00817,2025-09-23 21:00:00,Transfer,375.79,Food,UPI,Pending,0,0,False,False,False,False,False
TXN0000394,CUST00999,2025-05-16 01:00:00,Debit,636.36,Food,UPI,Success,0,1,False,False,False,False,False
TXN0000395,CUST00301,2026-09-26 08:00:00,Debit,2512.64,Entertainment,Net Banking,Success,0,0,False,False,False,False,False
TXN0000396,CUST00555,2026-02-27 22:00:00,Debit,852.43,Groceries,ATM,Success,0,0,False,False,False,False,False
TXN0000397,CUST00812,2026-01-30 18:00:00,Debit,464.69,Entertainment,Net Banking,Success,0,1,False,False,False,False,False
TXN0000398,CUST00764,2025-08-24 15:00:00,Debit,4176.82,Entertainment,Debit Card,Success,0,0,False,False,False,False,False
TXN0000399,CUST00528,2026-07-23 10:00:00,Debit,754.62,Groceries,Debit Card,Success,0,0,False,False,False,False,False
TXN0000400,CUST00972,2025-10-31 16:00:00,Debit,759.71,Utilities,Debit Card,Success,1,1,False,False,False,False,False
TXN0000401,CUST00659,2026-07-05 19:00:00,Debit,413.18,Travel,UPI,Success,0,0,False,False,False,False,False
TXN0000402,CUST00962,2026-06-11 07:00:00,Credit,1775.03,Shopping,ATM,Success,0,0,False,False,False,False,False
TXN0000403,CUST00521,2026-06-14 05:00:00,Debit,1544.1,Utilities,UPI,Success,0,0,False,False,False,False,False
TXN0000404,CUST00203,2025-08-23 16:00:00,Credit,649.73,Entertainment,Credit Card,Success,0,1,False,False,False,False,False
TXN0000405,CUST00742,2026-05-27 10:00:00,Transfer,5327.62,Healthcare,Net Banking,Success,0,0,False,False,False,False,False
TXN0000406,CUST00005,2026-06-21 01:00:00,Transfer,4317.4,Groceries,UPI,Success,0,0,False,False,False,False,False
TXN0000407,CUST00691,2026-02-06 07:00:00,Debit,568.5,Groceries,Debit Card,Success,0,0,False,False,False,False,False
TXN0000408,CUST00127,2025-04-25 23:00:00,Debit,2346.93,Travel,UPI,Success,1,0,False,False,False,False,False
TXN0000409,CUST01175,2025-06-07 21:00:00,Debit,659.66,Unknown,Net Banking,Success,0,0,False,False,False,False,False
TXN0000410,CUST00338,2025-03-07 22:00:00,Debit,1186.87,Entertainment,Net Banking,Success,0,0,False,False,False,False,False
TXN0000411,CUST00025,2025-07-25 22:00:00,Credit,710.45,Salary,Net Banking,Success,0,1,False,False,False,False,False
TXN0000412,CUST00013,2025-02-15 14:00:00,Debit,7817.11,Entertainment,UPI,Success,0,0,False,False,False,False,False
TXN0000413,CUST00948,2025-04-15 22:00:00,Credit,517.86,Groceries,Net Banking,Success,0,1,False,False,False,False,False
TXN0000414,CUST00677,2026-01-30 12:00:00,Debit,3048.49,Entertainment,UPI,Success,0,0,False,False,False,False,False
TXN0000415,CUST00575,2026-07-11 13:00:00,Credit,2551.62,Travel,Net Banking,Success,0,0,False,False,False,False,False
TXN0000416,CUST00053,2025-03-03 23:00:00,Debit,2415.39,Shopping,Net Banking,Success,0,1,False,False,False,False,False
TXN0000417,CUST00376,2025-03-13 08:00:00,Debit,531.73,Entertainment,Net Banking,Success,0,0,False,False,False,False,False
TXN0000418,CUST00800,2025-10-17 18:00:00,Transfer,3749.94,Rent,UPI,Success,0,0,False,False,False,False,False
TXN0000419,CUST00696,2025-12-24 21:00:00,Debit,2318.96,Investment,Net Banking,Pending,0,0,False,False,False,False,False
TXN0000420,CUST01087,2025-06-10 00:00:00,Debit,1497.5,Entertainment,ATM,Success,0,0,False,False,False,False,False
TXN0000421,CUST01160,2026-09-13 23:00:00,Transfer,1433.08,Travel,UPI,Success,0,0,False,False,False,False,False
TXN0000422,CUST01165,2025-08-13 08:00:00,Credit,2639.87,Healthcare,Net Banking,Success,0,0,False,False,False,False,False
TXN0000423,CUST00243,2025-03-03 23:00:00,Debit,813.76,Investment,UPI,Success,0,0,False,False,False,False,False
TXN0000424,CUST00516,2025-02-17 04:00:00,Debit,3908.7,Food,UPI,Success,0,0,False,False,False,False,False
TXN0000425,CUST00610,2026-01-15 01:00:00,Debit,1354.04,Investment,Debit Card,Success,0,0,False,False,False,False,False
TXN0000426,CUST00995,2026-05-12 22:00:00,Debit,2654.45,Rent,ATM,Success,0,1,False,False,False,False,False
TXN0000427,CUST00300,2025-02-01 22:00:00,Debit,2789.18,Shopping,ATM,Success,0,0,False,False,False,False,False
TXN0000428,CUST00759,2026-07-02 21:00:00,Credit,1966.61,Food,Debit Card,Success,0,0,False,False,False,False,False
TXN0000429,CUST00373,2026-09-05 22:00:00,Debit,756.92,Investment,Debit Card,Success,0,0,False,False,False,False,False
TXN0000430,CUST01027,2026-02-02 13:00:00,Credit,1451.12,Groceries,Net Banking,Success,0,0,False,False,False,False,False
TXN0000431,CUST00379,2025-10-19 16:00:00,Transfer,191.52,Groceries,Debit Card,Success,0,1,False,False,False,False,False
TXN0000432,CUST00224,2026-06-22 06:00:00,Credit,473.98,Salary,UPI,Success,0,0,False,False,False,False,False
TXN0000433,CUST00108,2025-08-03 15:00:00,Debit,1116.18,Unknown,Net Banking,Success,0,0,False,False,False,False,False
TXN0000434,CUST00815,2026-04-03 17:00:00,Debit,1452.97,Shopping,UPI,Success,0,0,False,False,False,False,False
TXN0000435,CUST00703,2026-05-07 22:00:00,Transfer,816.8,Food,UPI,Success,0,0,False,False,False,False,False
TXN0000436,CUST00049,2026-04-10 17:00:00,Transfer,3114.99,Food,UPI,Success,0,0,False,False,False,False,False
TXN0000437,CUST00527,2025-07-04 17:00:00,Transfer,1613.76,Rent,UPI,Success,0,0,False,False,False,False,False
TXN0000438,CUST01099,2026-07-13 13:00:00,Transfer,198.85,Investment,UPI,Failed,0,0,False,False,False,False,False
TXN0000439,CUST00405,2026-01-29 01:00:00,Transfer,2347.47,Investment,UPI,Success,0,0,False,False,False,False,False
TXN0000440,CUST00019,2025-04-01 16:00:00,Debit,1377.64,Groceries,ATM,Success,0,0,False,False,False,False,False
TXN0000441,CUST00237,2026-06-26 04:00:00,Transfer,3710.73,Groceries,ATM,Success,0,0,False,False,False,False,False
TXN0000442,CUST01032,2025-09-25 22:00:00,Debit,4627.52,Investment,ATM,Success,0,0,False,False,False,False,False
TXN0000443,CUST00659,2026-05-25 03:00:00,Debit,3973.38,Entertainment,Credit Card,Success,0,1,False,False,False,False,False
TXN0000444,CUST00348,2025-01-28 08:00:00,Debit,2150.19,Shopping,Credit Card,Success,0,0,False,False,False,False,False
TXN0000445,CUST00508,2026-04-13 15:00:00,Transfer,3794.05,Utilities,Credit Card,Success,0,1,False,False,False,False,False
TXN0000446,CUST00593,2026-07-12 15:00:00,Transfer,369.64,Rent,UPI,Success,0,0,False,False,False,False,False
TXN0000447,CUST00569,2025-12-29 07:00:00,Debit,4526.73,Rent,ATM,Success,0,1,False,False,False,False,False
TXN0000448,CUST00746,2026-04-17 06:00:00,Debit,5232.77,Groceries,Credit Card,Success,0,0,False,False,False,False,False
TXN0000449,CUST00191,2026-08-24 13:00:00,Debit,4471.84,Food,Net Banking,Success,0,0,False,False,False,False,False
TXN0000450,CUST00478,2025-05-10 05:00:00,Debit,933.02,Investment,Credit Card,Success,0,0,False,False,False,False,False
TXN0000451,CUST00174,2025-08-19 06:00:00,Debit,2632.83,Groceries,UPI,Success,0,3,False,False,False,False,False
TXN0000452,CUST00795,2026-05-20 09:00:00,Debit,3497.16,Investment,Net Banking,Success,0,0,False,False,False,False,False
TXN0000453,CUST00311,2025-08-20 22:00:00,Credit,607.32,Investment,UPI,Success,0,0,False,False,False,False,False
TXN0000454,CUST00510,2025-11-15 00:00:00,Debit,122.46,Utilities,Debit Card,Success,0,0,False,False,False,False,False
TXN0000455,CUST00942,2025-06-11 10:00:00,Transfer,1590.35,Groceries,UPI,Success,0,0,False,False,False,False,False
TXN0000456,CUST01119,2025-09-28 02:00:00,Debit,30518.63,Entertainment,UPI,Success,0,0,False,False,False,False,True
TXN0000457,CUST00124,2025-06-02 20:00:00,Transfer,166.67,Rent,Debit Card,Success,0,0,False,False,False,False,False
TXN0000458,CUST01034,2026-06-10 14:00:00,Credit,209.41,Travel,Debit Card,Success,0,0,False,False,False,False,False
TXN0000459,CUST00139,2025-03-07 11:00:00,Transfer,417.06,Healthcare,Debit Card,Success,0,0,False,False,False,False,False
TXN0000460,CUST00680,2025-01-24 07:00:00,Transfer,896.94,Investment,Credit Card,Pending,0,0,False,False,False,False,False
TXN0000461,CUST00790,2026-07-27 16:00:00,Transfer,634.75,Utilities,Debit Card,Success,0,0,False,False,False,False,False
TXN0000462,CUST00149,2025-10-05 19:00:00,Credit,913.98,Groceries,UPI,Success,1,0,False,False,False,False,False
TXN0000463,CUST00471,2026-07-31 07:00:00,Transfer,1725.69,Travel,UPI,Success,0,0,False,False,False,False,False
TXN0000464,CUST00807,2026-07-04 19:00:00,Debit,559.14,Utilities,UPI,Success,1,0,False,False,False,False,False
TXN0000465,CUST01046,2026-02-16 01:00:00,Transfer,1182.47,Salary,Debit Card,Success,0,0,False,False,False,False,False
TXN0000466,CUST00925,2026-05-18 08:00:00,Credit,5664.63,Food,UPI,Failed,0,0,False,False,False,False,False
TXN0000467,CUST00030,2026-04-23 08:00:00,Transfer,1169.5,Food,Net Banking,Success,0,1,False,False,False,False,False
TXN0000468,CUST00706,2026-07-17 07:00:00,Debit,117.24,Rent,UPI,Success,0,0,False,False,False,False,False
TXN0000469,CUST00884,2025-09-05 05:00:00,Transfer,624.59,Groceries,UPI,Success,0,0,False,False,False,False,False
TXN0000470,CUST00737,2025-05-18 04:00:00,Debit,977.78,Utilities,Credit Card,Success,0,0,False,False,False,False,False
TXN0000471,CUST00013,2026-03-21 20:00:00,Debit,1124.42,Rent,UPI,Success,0,0,False,False,False,False,False
TXN0000472,CUST00011,2026-01-24 13:00:00,Transfer,3619.14,Shopping,Unknown,Success,0,0,False,False,False,False,False
TXN0000473,CUST00239,2026-07-02 05:00:00,Transfer,2033.76,Entertainment,UPI,Success,0,0,False,False,False,False,False
TXN0000474,CUST00093,2025-04-03 00:00:00,Debit,158.6,Utilities,UPI,Success,0,1,False,False,False,False,False
TXN0000475,CUST00558,2025-06-04 14:00:00,Transfer,738.81,Travel,UPI,Success,0,0,False,False,False,False,False
TXN0000476,CUST00624,2026-03-30 12:00:00,Debit,1135.65,Entertainment,UPI,Success,0,0,False,False,False,False,False
TXN0000477,CUST00830,2025-07-08 23:00:00,Debit,2229.46,Healthcare,ATM,Pending,0,0,False,False,False,False,False
TXN0000478,CUST00298,2025-11-14 16:00:00,Debit,141.64,Food,Debit Card,Unknown,0,1,False,False,False,False,False
TXN0000479,CUST01121,2025-08-01 10:00:00,Transfer,6027.68,Rent,Debit Card,Success,0,0,False,False,False,False,False
TXN0000480,CUST00090,2025-07-24 02:00:00,Transfer,1769.68,Healthcare,UPI,Success,0,1,False,False,False,False,False
TXN0000481,CUST00044,2026-09-22 01:00:00,Transfer,684.77,Rent,ATM,Success,0,1,False,False,False,False,False
TXN0000482,CUST00382,2025-11-20 15:00:00,Credit,259.86,Rent,ATM,Success,0,0,False,False,False,False,False
TXN0000483,CUST00606,2026-04-25 21:00:00,Credit,552.36,Salary,ATM,Failed,0,1,False,False,False,False,False
TXN0000484,CUST00346,2025-02-11 20:00:00,Debit,1178.16,Shopping,UPI,Success,0,0,False,False,False,False,False
TXN0000485,CUST01142,2026-01-23 19:00:00,Debit,905.17,Salary,UPI,Success,0,1,False,False,False,False,False
TXN0000486,CUST00464,2026-07-03 14:00:00,Debit,1144.36,Travel,ATM,Success,0,1,False,False,False,False,False
TXN0000487,CUST00912,2026-01-28 10:00:00,Debit,480.11,Groceries,Debit Card,Success,0,1,False,False,False,False,False
TXN0000488,CUST00981,2025-11-15 18:00:00,Debit,2077.21,Salary,UPI,Success,0,0,False,False,False,False,False
TXN0000489,CUST01124,2026-03-31 15:00:00,Debit,381.11,Salary,ATM,Success,0,1,False,False,False,False,False
TXN0000490,CUST00064,2026-09-21 11:00:00,Credit,9813.77,Rent,Net Banking,Success,0,0,False,False,False,False,False
TXN0000491,CUST01114,2026-01-04 00:00:00,Debit,355.54,Entertainment,UPI,Success,0,0,False,False,False,False,False
TXN0000492,CUST00090,2026-03-18 12:00:00,Debit,361.06,Groceries,Debit Card,Success,0,0,False,False,False,False,False
TXN0000493,CUST00976,2026-02-16 19:00:00,Credit,5526.31,Investment,UPI,Success,0,1,False,False,False,False,False
TXN0000494,CUST00192,2025-01-25 02:00:00,Debit,1064.5,Groceries,Debit Card,Success,0,1,False,False,False,False,False
TXN0000495,CUST00672,2026-05-14 13:00:00,Transfer,5692.27,Groceries,Credit Card,Success,0,0,False,False,False,False,False
TXN0000496,CUST00160,2025-06-15 05:00:00,Debit,2599.29,Investment,Credit Card,Success,0,2,False,False,False,False,False
TXN0000497,CUST00301,2025-02-07 23:00:00,Debit,148.41,Entertainment,UPI,Success,0,1,False,False,False,False,False
TXN0000498,CUST00984,2025-04-18 19:00:00,Debit,2228.61,Utilities,UPI,Success,0,0,False,False,False,False,False
TXN0000499,CUST00856,2025-02-18 21:00:00,Debit,1225.31,Investment,Credit Card,Success,1,0,False,False,False,False,False
TXN0000500,CUST00217,2026-07-09 03:00:00,Debit,1000.87,Healthcare,Debit Card,Success,0,1,False,False,False,False,False
TXN0000501,CUST00548,2025-04-26 11:00:00,Credit,176.43,Travel,UPI,Pending,0,0,False,False,False,False,False
TXN0000502,CUST00417,2025-05-26 04:00:00,Transfer,1237.48,Healthcare,Debit Card,Success,0,0,False,False,False,False,False
TXN0000503,CUST00492,2025-04-08 16:00:00,Debit,2652.32,Utilities,UPI,Pending,0,0,False,False,False,False,False
TXN0000504,CUST00577,2026-07-19 16:00:00,Transfer,7349.61,Travel,ATM,Success,0,0,False,False,False,False,False
TXN0000505,CUST01185,2025-01-09 17:00:00,Debit,363.54,Shopping,Debit Card,Success,0,0,False,False,False,False,False
TXN0000506,CUST00966,2026-07-29 06:00:00,Credit,1768.17,Salary,Debit Card,Success,0,0,False,False,False,False,False
TXN0000507,CUST00369,2025-04-05 08:00:00,Credit,878.03,Salary,UPI,Success,0,0,False,False,False,False,False
TXN0000508,CUST00712,2025-06-08 02:00:00,Debit,165.81,Rent,UPI,Success,0,0,False,False,False,False,False
TXN0000509,CUST00155,2026-02-26 07:00:00,Debit,718.41,Food,Debit Card,Success,0,0,False,False,False,False,False
TXN0000510,CUST00504,2025-06-29 14:00:00,Credit,1069.8,Entertainment,ATM,Failed,0,0,False,False,False,False,False
TXN0000511,,2025-02-08 01:00:00,Debit,3401.51,Utilities,UPI,Success,0,0,False,False,True,False,False
TXN0000512,CUST00511,2025-04-12 21:00:00,Credit,1342.9,Entertainment,UPI,Success,0,0,False,False,False,False,False
TXN0000513,CUST01107,2025-03-13 03:00:00,Transfer,385.05,Investment,Net Banking,Success,0,0,False,False,False,False,False
TXN0000514,CUST00134,2025-06-11 23:00:00,Debit,239.75,Travel,UPI,Failed,0,1,False,False,False,False,False
TXN0000515,CUST01003,2025-11-10 13:00:00,Transfer,939.2,Entertainment,Credit Card,Success,0,0,False,False,False,False,False
TXN0000516,CUST00533,2025-08-06 02:00:00,Debit,410.74,Shopping,Debit Card,Success,0,0,False,False,False,False,False
TXN0000517,CUST00327,2026-04-23 20:00:00,Transfer,716.1,Groceries,Credit Card,Pending,0,1,False,False,False,False,False
TXN0000518,CUST00900,2026-01-22 16:00:00,Transfer,651.63,Travel,Credit Card,Success,0,0,False,False,False,False,False
TXN0000519,CUST01142,2026-06-10 09:00:00,Credit,3374.45,Shopping,UPI,Success,0,0,False,False,False,False,False
TXN0000520,CUST00772,2026-08-06 09:00:00,Transfer,345.93,Travel,Debit Card,Success,0,0,False,False,False,False,False
TXN0000521,CUST00848,2025-10-30 05:00:00,Credit,1096.265,Shopping,ATM,Success,0,0,False,False,False,True,False
TXN0000522,CUST00287,2026-07-19 19:00:00,Credit,2279.79,Salary,UPI,Success,0,1,False,False,False,False,False
TXN0000523,CUST00623,2025-07-14 05:00:00,Debit,3059.28,Shopping,UPI,Success,0,1,False,False,False,False,False
TXN0000524,CUST00162,2026-09-18 22:00:00,Transfer,250.56,Groceries,UPI,Success,1,1,False,False,False,False,False
TXN0000525,CUST00613,2025-06-27 07:00:00,Debit,495.19,Rent,Debit Card,Success,0,0,False,False,False,False,False
TXN0000526,CUST01179,2025-10-14 09:00:00,Debit,855.57,Shopping,ATM,Success,0,0,False,False,False,False,False
TXN0000527,CUST00976,2026-05-20 18:00:00,Debit,50.0,Healthcare,Debit Card,Failed,0,0,False,False,False,False,False
TXN0000528,CUST00881,2026-01-11 02:00:00,Debit,334.79,Healthcare,UPI,Success,0,0,False,False,False,False,False
TXN0000529,CUST00912,2025-10-09 04:00:00,Credit,2612.25,Salary,Credit Card,Success,0,1,False,False,False,False,False
TXN0000530,CUST00338,2025-02-19 22:00:00,Transfer,1229.82,Food,Debit Card,Success,0,0,False,False,False,False,False
TXN0000531,CUST00252,2026-03-04 03:00:00,Credit,3188.9,Entertainment,Debit Card,Success,1,0,False,False,False,False,False
TXN0000532,CUST00706,2025-11-06 08:00:00,Debit,4608.01,Healthcare,ATM,Pending,0,0,False,False,False,False,False
TXN0000533,CUST01017,2025-03-19 13:00:00,Transfer,1552.08,Food,UPI,Success,0,0,False,False,False,False,False
TXN0000534,CUST00874,2025-12-30 14:00:00,Debit,1262.85,Utilities,UPI,Success,0,1,False,False,False,False,False
TXN0000535,CUST00815,2025-07-19 15:00:00,Credit,591.91,Utilities,Debit Card,Success,0,0,False,False,False,False,False
TXN0000536,CUST00685,2025-08-04 13:00:00,Credit,2348.55,Rent,Unknown,Success,0,0,False,False,False,False,False
TXN0000537,CUST01008,2025-02-25 11:00:00,Debit,4286.22,Groceries,Net Banking,Success,0,0,False,False,False,False,False
TXN0000538,CUST00062,2026-02-14 02:00:00,Transfer,787.9,Utilities,Debit Card,Success,0,0,False,False,False,False,False
TXN0000539,CUST00189,2026-03-22 02:00:00,Transfer,6513.7,Salary,UPI,Success,0,1,False,False,False,False,False
TXN0000540,CUST00914,2025-08-08 05:00:00,Transfer,1732.34,Shopping,Credit Card,Success,0,1,False,False,False,False,False
TXN0000541,CUST00229,2025-10-11 03:00:00,Debit,1891.72,Salary,UPI,Pending,0,2,False,False,False,False,False
TXN0000542,CUST00076,2026-06-28 13:00:00,Credit,2126.15,Utilities,UPI,Success,0,1,False,False,False,False,False
TXN0000543,CUST00209,2025-07-14 14:00:00,Credit,2071.56,Groceries,UPI,Failed,0,2,False,False,False,False,False
TXN0000544,CUST00006,2025-01-24 15:00:00,Debit,1294.79,Investment,UPI,Success,0,0,False,False,False,False,False
TXN0000545,CUST01027,2025-11-28 23:00:00,Debit,2678.99,Rent,Net Banking,Success,0,0,False,False,False,False,False
TXN0000546,CUST00368,2025-01-12 14:00:00,Transfer,948.68,Travel,UPI,Success,0,0,False,False,False,False,False
TXN0000547,CUST00039,2025-11-22 13:00:00,Transfer,111.21,Investment,Credit Card,Success,0,0,False,False,False,False,False
TXN0000548,CUST00095,2026-01-13 07:00:00,Debit,2692.35,Groceries,Debit Card,Unknown,0,0,False,False,False,False,False
TXN0000549,CUST00828,2026-06-21 13:00:00,Debit,81.72,Investment,UPI,Success,0,0,False,False,False,False,False
TXN0000550,CUST00210,2026-02-17 17:00:00,Debit,10072.97,Rent,Credit Card,Success,0,0,False,False,False,False,False
TXN0000551,CUST00013,2025-10-01 00:00:00,Transfer,239.85,Healthcare,Credit Card,Success,0,0,False,False,False,False,False
TXN0000552,CUST00158,2025-12-06 08:00:00,Credit,469.94,Rent,UPI,Success,0,1,False,False,False,False,False
TXN0000553,CUST01122,2025-06-08 22:00:00,Debit,1644.41,Entertainment,Credit Card,Success,0,0,False,False,False,False,False
TXN0000554,CUST00078,2026-03-17 02:00:00,Debit,441.53,Salary,Debit Card,Success,0,0,False,False,False,False,False
TXN0000555,CUST01063,2025-01-06 14:00:00,Debit,349.59,Travel,Debit Card,Success,0,0,False,False,False,False,False
TXN0000556,CUST00361,2025-05-21 14:00:00,Debit,310.11,Travel,Credit Card,Success,0,0,False,False,False,False,False
TXN0000557,CUST00696,2026-01-01 12:00:00,Transfer,1643.28,Investment,UPI,Success,0,0,False,False,False,False,False
TXN0000558,CUST00109,2025-06-27 00:00:00,Transfer,379.07,Rent,UPI,Success,0,0,False,False,False,False,False
TXN0000559,CUST00345,2025-08-26 13:00:00,Debit,2359.83,Travel,Debit Card,Success,0,0,False,False,False,False,False
TXN0000560,CUST00572,2025-09-16 02:00:00,Debit,1846.27,Groceries,UPI,Failed,0,0,False,False,False,False,False
TXN0000561,CUST00002,2025-01-14 15:00:00,Debit,79.12,Entertainment,Unknown,Success,0,1,False,False,False,False,False
TXN0000562,CUST00967,2025-08-25 05:00:00,Transfer,287.39,Utilities,UPI,Unknown,0,0,False,False,False,False,False
TXN0000563,CUST00220,2026-05-12 08:00:00,Debit,2105.53,Food,ATM,Success,0,0,False,False,False,False,False
TXN0000564,CUST00749,2025-02-09 23:00:00,Debit,759.7,Salary,UPI,Success,0,0,False,False,False,False,False
TXN0000565,CUST00506,2025-08-06 10:00:00,Transfer,748.88,Healthcare,Debit Card,Success,0,0,False,False,False,False,False
TXN0000566,CUST00610,2025-06-15 02:00:00,Transfer,1221.76,Travel,Debit Card,Success,0,1,False,False,False,False,False
TXN0000567,CUST00974,2026-05-29 01:00:00,Debit,2331.37,Utilities,Debit Card,Success,0,0,False,False,False,False,False
TXN0000568,CUST01182,2026-07-06 14:00:00,Debit,3862.63,Utilities,Credit Card,Success,0,0,False,False,False,False,False
TXN0000569,CUST00048,2026-08-25 10:00:00,Credit,1217.45,Salary,UPI,Success,0,0,False,False,False,False,False
TXN0000570,CUST00581,2026-02-07 20:00:00,Transfer,1044.34,Shopping,Net Banking,Success,0,0,False,False,False,False,False
TXN0000571,CUST00297,2026-09-13 17:00:00,Debit,1592.5,Salary,Debit Card,Success,0,0,False,False,False,False,False
TXN0000572,CUST01142,2025-07-07 06:00:00,Debit,1420.5,Healthcare,UPI,Success,0,0,False,False,False,False,False
TXN0000573,CUST01103,2025-09-05 04:00:00,Credit,1469.19,Healthcare,UPI,Success,1,0,False,False,False,False,False
TXN0000574,CUST00544,2026-05-14 01:00:00,Debit,747.52,Food,Credit Card,Success,0,0,False,False,False,False,False
TXN0000575,CUST01080,2025-05-31 21:00:00,Transfer,539.41,Salary,UPI,Success,0,0,False,False,False,False,False
TXN0000576,CUST00450,2025-09-25 18:00:00,Credit,309.6,Utilities,Debit Card,Success,0,0,False,False,False,False,False
TXN0000577,CUST00344,2025-02-09 07:00:00,Transfer,1648.73,Investment,UPI,Success,0,0,False,False,False,False,False
TXN0000578,CUST00206,2025-03-11 11:00:00,Transfer,4037.05,Unknown,ATM,Pending,1,0,False,False,False,False,False
TXN0000579,CUST00195,2026-04-29 21:00:00,Credit,23858.41,Unknown,Credit Card,Success,0,1,False,False,False,False,True
TXN0000580,CUST00376,2025-03-28 14:00:00,Debit,1056.86,Shopping,Debit Card,Success,0,0,False,False,False,False,False
TXN0000581,CUST00420,2025-01-05 02:00:00,Debit,821.14,Shopping,Credit Card,Success,0,0,False,False,False,False,False
TXN0000582,CUST00185,2025-02-23 20:00:00,Credit,691.84,Food,UPI,Unknown,0,0,False,False,False,False,False
TXN0000583,CUST00371,2025-03-01 02:00:00,Credit,468.67,Shopping,UPI,Success,0,0,False,False,False,False,False
TXN0000584,CUST00944,2025-04-08 03:00:00,Credit,2501.91,Entertainment,Net Banking,Success,0,0,False,False,False,False,False
TXN0000585,CUST00898,2025-06-24 16:00:00,Debit,442.85,Utilities,Credit Card,Success,1,0,False,False,False,False,False
TXN0000586,CUST00557,2025-09-03 03:00:00,Debit,7494.75,Groceries,UPI,Success,1,0,False,False,False,False,False
TXN0000587,CUST01086,2025-06-21 14:00:00,Transfer,437.53,Entertainment,UPI,Success,0,1,False,False,False,False,False
TXN0000588,CUST00210,2025-04-06 06:00:00,Transfer,5042.19,Salary,Credit Card,Success,0,0,False,False,False,False,False
TXN0000589,CUST00033,2025-05-14 05:00:00,Transfer,2977.99,Entertainment,Debit Card,Success,0,0,False,False,False,False,False
TXN0000590,CUST00750,2025-09-06 16:00:00,Debit,534.77,Food,UPI,Success,0,0,False,False,False,False,False
TXN0000591,CUST01053,2025-04-13 10:00:00,Debit,381.23,Entertainment,UPI,Success,0,0,False,False,False,False,False
TXN0000592,CUST01137,2026-07-09 01:00:00,Debit,778.77,Utilities,Net Banking,Success,0,1,False,False,False,False,False
TXN0000593,CUST01086,2026-03-19 20:00:00,Transfer,798.44,Groceries,Net Banking,Success,0,2,False,False,False,False,False
TXN0000594,CUST00757,2026-08-28 01:00:00,Debit,5770.77,Investment,Debit Card,Success,0,0,False,False,False,False,False
TXN0000595,CUST00491,2025-08-14 19:00:00,Debit,1702.32,Utilities,Debit Card,Failed,0,0,False,False,False,False,False
TXN0000596,CUST00421,2025-12-02 20:00:00,Debit,1062.04,Groceries,Debit Card,Success,0,0,False,False,False,False,False
TXN0000597,CUST00449,2026-01-28 11:00:00,Transfer,1489.73,Shopping,UPI,Success,1,0,False,False,False,False,False
TXN0000598,CUST00623,2026-05-08 09:00:00,Debit,1824.06,Shopping,UPI,Success,0,0,False,False,False,False,False
TXN0000599,CUST00894,2025-12-07 04:00:00,Credit,699.92,Food,UPI,Success,0,0,False,False,False,False,False
TXN0000600,CUST00815,2026-01-27 17:00:00,Debit,3064.41,Salary,UPI,Success,0,0,False,False,False,False,False
TXN0000601,CUST00037,2025-06-21 14:00:00,Debit,1288.53,Rent,UPI,Success,0,0,False,False,False,False,False
TXN0000602,CUST00049,2025-01-16 00:00:00,Debit,154.08,Salary,Debit Card,Success,0,1,False,False,False,False,False
TXN0000603,CUST00951,2026-08-10 07:00:00,Credit,2636.16,Healthcare,UPI,Success,0,0,False,False,False,False,False
TXN0000604,CUST00489,2025-11-19 11:00:00,Debit,1459.4,Salary,UPI,Success,0,1,False,False,False,False,False
TXN0000605,CUST00983,2026-04-03 21:00:00,Transfer,1069.62,Salary,Net Banking,Success,0,0,False,False,False,False,False
TXN0000606,CUST00320,2025-11-21 01:00:00,Credit,728.14,Salary,Credit Card,Success,0,1,False,False,False,False,False
TXN0000607,CUST00503,2026-04-05 23:00:00,Credit,1135.14,Entertainment,Debit Card,Success,0,0,False,False,False,False,False
TXN0000608,CUST00348,2026-08-14 18:00:00,Credit,1295.99,Travel,Net Banking,Success,0,0,False,False,False,False,False
TXN0000609,CUST00125,2026-03-08 19:00:00,Debit,1353.01,Utilities,Debit Card,Success,0,0,False,False,False,False,False
TXN0000610,CUST00776,2026-08-02 03:00:00,Debit,519.7,Travel,ATM,Success,0,1,False,False,False,False,False
TXN0000611,CUST00320,2025-07-22 22:00:00,Debit,971.0,Rent,ATM,Success,0,0,False,False,False,False,False
TXN0000612,CUST00479,2026-07-17 08:00:00,Debit,1083.33,Travel,UPI,Success,0,0,False,False,False,False,False
TXN0000613,CUST00288,2025-08-08 10:00:00,Debit,495.8,Utilities,Debit Card,Success,0,0,False,False,False,False,False
TXN0000614,CUST00692,2025-10-29 20:00:00,Debit,1860.12,Travel,UPI,Success,0,0,False,False,False,False,False
TXN0000615,CUST00629,2025-11-25 06:00:00,Debit,475.0,Shopping,UPI,Success,0,0,False,False,False,False,False
TXN0000616,CUST00308,2026-07-13 03:00:00,Transfer,960.28,Travel,Debit Card,Success,1,0,False,False,False,False,False
TXN0000617,CUST00064,2025-05-17 08:00:00,Debit,1277.9,Healthcare,Debit Card,Success,0,0,False,False,False,False,False
TXN0000618,CUST00058,2025-11-28 04:00:00,Transfer,682.06,Healthcare,ATM,Success,0,0,False,False,False,False,False
TXN0000619,CUST00267,2025-09-20 14:00:00,Debit,295.56,Utilities,Debit Card,Success,0,1,False,False,False,False,False
TXN0000620,CUST01109,2025-01-11 02:00:00,Debit,412.36,Entertainment,ATM,Success,0,0,False,False,False,False,False
TXN0000621,CUST00933,2025-05-16 21:00:00,Transfer,1447.46,Utilities,UPI,Success,0,0,False,False,False,False,False
TXN0000622,CUST00632,2026-02-04 08:00:00,Debit,681.82,Healthcare,UPI,Success,0,0,False,False,False,False,False
TXN0000623,CUST00470,2025-03-10 07:00:00,Transfer,599.58,Utilities,ATM,Success,0,0,False,False,False,False,False
TXN0000624,CUST00926,2025-01-11 12:00:00,Credit,460.43,Entertainment,Debit Card,Success,0,0,False,False,False,False,False
TXN0000625,CUST00968,2025-12-30 17:00:00,Debit,4859.92,Salary,UPI,Success,0,0,False,False,False,False,False
TXN0000626,CUST00479,2026-04-25 02:00:00,Debit,1201.47,Shopping,Net Banking,Success,1,0,False,False,False,False,False
TXN0000627,CUST01147,2026-09-29 14:00:00,Debit,2172.58,Travel,UPI,Success,0,1,False,False,False,False,False
TXN0000628,CUST01169,2025-03-29 05:00:00,Transfer,1289.35,Healthcare,UPI,Success,0,0,False,False,False,False,False
TXN0000629,CUST00929,2025-02-24 19:00:00,Debit,1681.63,Rent,Net Banking,Success,0,0,False,False,False,False,False
TXN0000630,CUST01082,2025-05-17 16:00:00,Debit,6992.6,Utilities,ATM,Failed,0,0,False,False,False,False,False
TXN0000631,CUST00093,2025-08-05 07:00:00,Debit,376.36,Food,ATM,Success,0,0,False,False,False,False,False
TXN0000632,CUST00870,2026-09-19 23:00:00,Transfer,153.84,Shopping,UPI,Failed,0,0,False,False,False,False,False
TXN0000633,CUST00841,2025-09-09 04:00:00,Debit,2224.47,Rent,ATM,Success,0,1,False,False,False,False,False
TXN0000634,CUST00825,2025-09-27 22:00:00,Debit,613.91,Healthcare,UPI,Success,0,0,False,False,False,False,False
TXN0000635,CUST00293,2025-03-09 10:00:00,Transfer,1550.02,Travel,Debit Card,Success,0,0,False,False,False,False,False
TXN0000636,CUST00100,2025-03-26 10:00:00,Debit,3789.59,Shopping,Credit Card,Success,0,0,False,False,False,False,False
TXN0000637,CUST00980,2025-08-13 22:00:00,Debit,2599.36,Shopping,Net Banking,Success,0,0,False,False,False,False,False
TXN0000638,CUST01074,2026-08-07 09:00:00,Debit,962.67,Healthcare,ATM,Success,0,0,False,False,False,False,False
TXN0000639,CUST00693,2026-05-18 04:00:00,Debit,1639.32,Utilities,Debit Card,Success,0,1,False,False,False,False,False
TXN0000640,CUST00602,2026-02-17 11:00:00,Transfer,718.15,Shopping,UPI,Success,0,1,False,False,False,False,False
TXN0000641,CUST00649,2025-01-10 10:00:00,Debit,1750.53,Salary,Credit Card,Success,0,0,False,False,False,False,False
TXN0000642,CUST00978,2025-01-04 20:00:00,Debit,881.96,Rent,Credit Card,Success,0,0,False,False,False,False,False
TXN0000643,CUST01142,2026-06-27 05:00:00,Credit,312.04,Entertainment,UPI,Success,0,1,False,False,False,False,False
TXN0000644,CUST00006,2025-01-20 08:00:00,Debit,2143.54,Salary,Credit Card,Success,0,0,False,False,False,False,False
TXN0000645,CUST00862,2026-04-27 00:00:00,Credit,5318.11,Travel,Debit Card,Success,0,0,False,False,False,False,False
TXN0000646,CUST01086,2025-02-08 16:00:00,Transfer,1942.97,Entertainment,Debit Card,Success,0,0,False,False,False,False,False
TXN0000647,CUST00631,2025-12-06 13:00:00,Debit,3261.43,Food,Net Banking,Success,0,1,False,False,False,False,False
TXN0000648,CUST00235,2026-08-23 15:00:00,Debit,1326.59,Investment,UPI,Success,0,1,False,False,False,False,False
TXN0000649,CUST00595,2026-02-20 07:00:00,Debit,4550.17,Groceries,UPI,Success,0,0,False,False,False,False,False
TXN0000650,CUST00486,2026-09-06 23:00:00,Debit,447.26,Healthcare,Debit Card,Success,0,0,False,False,False,False,False
TXN0000651,CUST01143,2025-10-19 18:00:00,Transfer,1705.14,Rent,ATM,Success,0,1,False,False,False,False,False
TXN0000652,CUST00240,2026-09-14 03:00:00,Debit,2338.09,Utilities,Debit Card,Success,0,0,False,False,False,False,False
TXN0000653,CUST00110,2025-04-22 04:00:00,Transfer,1510.92,Healthcare,Debit Card,Success,0,1,False,False,False,False,False
TXN0000654,CUST00088,2025-07-13 18:00:00,Debit,1428.22,Investment,UPI,Success,0,1,False,False,False,False,False
TXN0000655,CUST00600,2025-09-06 03:00:00,Credit,369.81,Food,Net Banking,Pending,0,0,False,False,False,False,False
TXN0000656,CUST01034,2025-07-23 22:00:00,Debit,329.7,Groceries,UPI,Success,0,0,False,False,False,False,False
TXN0000657,CUST00718,2026-06-06 17:00:00,Debit,662.56,Investment,Credit Card,Success,0,0,False,False,False,False,False
TXN0000658,CUST00115,2026-06-29 02:00:00,Credit,1051.46,Entertainment,Debit Card,Pending,0,0,False,False,False,False,False
TXN0000659,CUST01177,2026-09-17 13:00:00,Transfer,2886.57,Groceries,ATM,Success,0,0,False,False,False,False,False
TXN0000660,CUST00896,2026-04-07 01:00:00,Transfer,343.64,Salary,Debit Card,Success,0,0,False,False,False,False,False
TXN0000661,CUST00198,2025-10-22 01:00:00,Debit,461.47,Groceries,Credit Card,Success,0,0,False,False,False,False,False
TXN0000662,CUST00331,2025-08-09 13:00:00,Debit,4100.64,Food,UPI,Success,0,0,False,False,False,False,False
TXN0000663,CUST00797,2025-05-10 13:00:00,Credit,522.09,Travel,Debit Card,Success,0,0,False,False,False,False,False
TXN0000664,CUST00727,2025-04-03 04:00:00,Transfer,3627.31,Utilities,UPI,Success,0,0,False,False,False,False,False
TXN0000665,CUST00858,2026-01-15 09:00:00,Transfer,749.52,Entertainment,Net Banking,Success,0,0,False,False,False,False,False
TXN0000666,CUST01017,2026-09-24 23:00:00,Credit,1112.87,Food,Debit Card,Success,0,1,False,False,False,False,False
TXN0000667,CUST00467,2026-08-07 14:00:00,Transfer,178.08,Utilities,UPI,Success,0,1,False,False,False,False,False
TXN0000668,CUST00727,2025-07-24 21:00:00,Debit,1980.03,Rent,Debit Card,Success,0,0,False,False,False,False,False
TXN0000669,CUST00872,2025-12-22 14:00:00,Transfer,1536.19,Travel,Debit Card,Success,0,0,False,False,False,False,False
TXN0000670,CUST00966,2026-02-11 02:00:00,Credit,251.19,Food,Credit Card,Success,0,0,False,False,False,False,False
TXN0000671,CUST00461,2026-07-08 21:00:00,Debit,563.63,Food,Debit Card,Success,0,0,False,False,False,False,False
TXN0000672,CUST00761,2025-10-24 06:00:00,Debit,252.44,Travel,Credit Card,Success,1,0,False,False,False,False,False
TXN0000673,CUST00333,2026-05-17 11:00:00,Debit,4203.12,Healthcare,Debit Card,Success,0,0,False,False,False,False,False
TXN0000674,CUST01188,2025-10-12 02:00:00,Debit,1798.97,Shopping,UPI,Success,0,0,False,False,False,False,False
TXN0000675,CUST00122,2026-07-31 22:00:00,Debit,606.68,Shopping,UPI,Success,0,0,False,False,False,False,False
TXN0000676,CUST00881,2025-02-06 22:00:00,Credit,7770.0,Salary,UPI,Success,0,2,False,False,False,False,False
TXN0000677,CUST01110,2026-08-11 07:00:00,Credit,1278.05,Healthcare,Debit Card,Success,0,0,False,False,False,False,False
TXN0000678,CUST00526,2025-02-01 21:00:00,Credit,4657.65,Rent,Debit Card,Success,0,0,False,False,False,False,False
TXN0000679,CUST00702,2026-08-10 10:00:00,Transfer,146.05,Travel,Debit Card,Success,0,0,False,False,False,False,False
TXN0000680,CUST00982,2026-09-05 18:00:00,Credit,572.76,Utilities,UPI,Success,0,0,False,False,False,False,False
TXN0000681,CUST00770,2025-05-29 02:00:00,Credit,1252.09,Utilities,Debit Card,Success,0,1,False,False,False,False,False
TXN0000682,CUST00805,2026-08-30 13:00:00,Credit,1065.2,Salary,UPI,Success,0,1,False,False,False,False,False
TXN0000683,CUST00917,2026-09-27 15:00:00,Debit,5955.07,Salary,UPI,Success,0,0,False,False,False,False,False
TXN0000684,CUST00805,2025-10-06 20:00:00,Debit,1540.17,Food,UPI,Failed,0,0,False,False,False,False,False
TXN0000685,CUST00131,2025-05-27 11:00:00,Credit,644.56,Rent,UPI,Success,0,0,False,False,False,False,False
TXN0000686,CUST00939,2025-09-11 02:00:00,Debit,381.2,Travel,Net Banking,Success,0,0,False,False,False,False,False
TXN0000687,CUST00430,2026-04-02 20:00:00,Debit,354.25,Groceries,UPI,Success,0,1,False,False,False,False,False
TXN0000688,CUST00662,2026-08-12 00:00:00,Debit,992.45,Rent,UPI,Success,0,0,False,False,False,False,False
TXN0000689,CUST00065,2025-05-03 22:00:00,Debit,5117.37,Groceries,Debit Card,Success,0,0,False,False,False,False,False
TXN0000690,CUST00323,2025-01-02 17:00:00,Debit,1429.35,Food,UPI,Success,0,0,False,False,False,False,False
TXN0000691,CUST01127,2025-12-27 19:00:00,Transfer,612.77,Investment,ATM,Success,0,0,False,False,False,False,False
TXN0000692,CUST01047,2026-04-08 15:00:00,Credit,1746.91,Healthcare,UPI,Success,0,0,False,False,False,False,False
TXN0000693,CUST00115,2025-01-07 18:00:00,Debit,2040.61,Shopping,UPI,Success,0,0,False,False,False,False,False
TXN0000694,CUST00636,2026-01-31 12:00:00,Credit,205.66,Food,Net Banking,Success,0,0,False,False,False,False,False
TXN0000695,CUST00203,2025-04-22 08:00:00,Transfer,265.61,Rent,Debit Card,Success,0,0,False,False,False,False,False
TXN0000696,CUST00621,2025-11-12 14:00:00,Debit,1849.92,Entertainment,Debit Card,Success,0,0,False,False,False,False,False
TXN0000697,CUST00662,2026-05-14 20:00:00,Debit,1358.87,Rent,Credit Card,Failed,0,0,False,False,False,False,False
TXN0000698,CUST00032,2026-07-25 04:00:00,Credit,1451.06,Rent,UPI,Success,0,0,False,False,False,False,False
TXN0000699,CUST00971,2025-02-05 14:00:00,Transfer,6395.34,Travel,UPI,Failed,0,0,False,False,False,False,False
TXN0000700,CUST01042,2025-09-01 05:00:00,Debit,2203.86,Travel,Debit Card,Success,0,0,False,False,False,False,False
TXN0000701,CUST00985,2025-08-30 00:00:00,Debit,235.72,Utilities,Debit Card,Success,0,0,False,False,False,False,False
TXN0000702,CUST01020,2026-02-15 19:00:00,Credit,5161.62,Salary,UPI,Success,0,0,False,False,False,False,False
TXN0000703,CUST00349,2025-07-15 03:00:00,Credit,508.69,Groceries,Debit Card,Success,1,0,False,False,False,False,False
TXN0000704,CUST00466,2026-03-13 06:00:00,Credit,736.85,Utilities,UPI,Success,0,0,False,False,False,False,False
TXN0000705,CUST00148,2025-02-02 23:00:00,Debit,487.58,Rent,Debit Card,Success,0,0,False,False,False,False,False
TXN0000706,CUST01175,2026-04-03 18:00:00,Credit,821.2,Shopping,Credit Card,Success,0,0,False,False,False,False,False
TXN0000707,CUST01036,2025-09-07 20:00:00,Debit,4358.81,Groceries,Net Banking,Success,0,0,False,False,False,False,False
TXN0000708,CUST01011,2025-07-08 05:00:00,Debit,215.58,Travel,ATM,Pending,0,1,False,False,False,False,False
TXN0000709,CUST00274,2026-07-17 20:00:00,Credit,219.53,Healthcare,Debit Card,Success,1,0,False,False,False,False,False
TXN0000710,CUST00779,2026-05-06 14:00:00,Transfer,989.62,Utilities,UPI,Success,0,2,False,False,False,False,False
TXN0000711,CUST01154,2026-05-20 10:00:00,Debit,805.32,Healthcare,ATM,Success,0,0,False,False,False,False,False
TXN0000712,CUST00064,2025-10-25 06:00:00,Transfer,1965.86,Healthcare,Credit Card,Success,0,0,False,False,False,False,False
TXN0000713,CUST00338,2026-05-28 07:00:00,Transfer,220.06,Food,Credit Card,Pending,0,1,False,False,False,False,False
TXN0000714,CUST00380,2025-05-19 01:00:00,Credit,2087.74,Rent,Debit Card,Success,0,1,False,False,False,False,False
TXN0000715,CUST00476,2025-05-16 20:00:00,Debit,2654.23,Travel,Debit Card,Success,0,0,False,False,False,False,False
TXN0000716,CUST00427,2026-02-24 18:00:00,Transfer,1800.96,Travel,Debit Card,Success,0,0,False,False,False,False,False
TXN0000717,CUST00255,2026-03-25 15:00:00,Transfer,770.8,Salary,ATM,Success,0,0,False,False,False,False,False
TXN0000718,CUST00444,2025-01-03 02:00:00,Debit,779.24,Travel,UPI,Failed,0,0,False,False,False,False,False
TXN0000719,CUST00638,2026-07-05 23:00:00,Debit,3212.43,Salary,ATM,Failed,1,0,False,False,False,False,False
TXN0000720,CUST00554,2025-09-12 16:00:00,Debit,11824.85,Rent,UPI,Success,0,0,False,False,False,False,False
TXN0000721,CUST00988,2025-07-08 19:00:00,Credit,2966.02,Utilities,UPI,Success,0,0,False,False,False,False,False
TXN0000722,CUST00935,2025-11-13 22:00:00,Transfer,2553.63,Healthcare,ATM,Success,0,0,False,False,False,False,False
TXN0000723,CUST00588,2025-03-19 20:00:00,Credit,1506.34,Entertainment,UPI,Failed,0,0,False,False,False,False,False
TXN0000724,CUST00915,2025-04-07 02:00:00,Credit,269.35,Rent,UPI,Success,0,0,False,False,False,False,False
TXN0000725,CUST00672,2025-03-28 17:00:00,Transfer,8073.45,Shopping,UPI,Success,0,0,False,False,False,False,False
TXN0000726,CUST01161,2025-06-16 00:00:00,Credit,221.88,Healthcare,ATM,Success,0,0,False,False,False,False,False
TXN0000727,CUST00717,2026-09-04 13:00:00,Debit,503.52,Rent,Debit Card,Success,0,1,False,False,False,False,False
TXN0000728,CUST01045,2026-03-04 09:00:00,Transfer,4078.11,Travel,Credit Card,Success,0,0,False,False,False,False,False
TXN0000729,CUST00323,2026-08-08 04:00:00,Transfer,6773.42,Travel,Debit Card,Success,0,0,False,False,False,False,False
TXN0000730,CUST00256,2025-04-08 20:00:00,Transfer,556.56,Rent,UPI,Success,1,0,False,False,False,False,False
TXN0000731,CUST00905,2026-06-29 20:00:00,Credit,1122.19,Utilities,Net Banking,Success,0,2,False,False,False,False,False
TXN0000732,CUST01037,2025-06-22 02:00:00,Debit,2669.18,Shopping,Debit Card,Success,0,0,False,False,False,False,False
TXN0000733,CUST00939,2026-07-27 13:00:00,Credit,1011.84,Investment,Debit Card,Success,0,0,False,False,False,False,False
TXN0000734,CUST00715,2025-07-14 17:00:00,Debit,308.84,Investment,Credit Card,Success,0,0,False,False,False,False,False
TXN0000735,CUST00258,2025-03-07 20:00:00,Transfer,1685.22,Shopping,UPI,Success,0,1,False,False,False,False,False
TXN0000736,CUST00514,2026-02-11 18:00:00,Transfer,2392.08,Travel,UPI,Success,0,1,False,False,False,False,False
TXN0000737,CUST00584,2025-12-22 09:00:00,Debit,1218.78,Investment,Net Banking,Success,0,0,False,False,False,False,False
TXN0000738,CUST01048,2026-05-25 15:00:00,Debit,1470.68,Groceries,Credit Card,Success,0,1,False,False,False,False,False
TXN0000739,CUST00870,2026-05-17 22:00:00,Debit,1680.63,Investment,UPI,Success,0,0,False,False,False,False,False
TXN0000740,CUST00161,2025-03-26 20:00:00,Debit,115.77,Unknown,Credit Card,Success,0,0,False,False,False,False,False
TXN0000741,CUST00046,2026-09-12 14:00:00,Debit,449.46,Travel,ATM,Success,0,0,False,False,False,False,False
TXN0000742,CUST00665,2025-12-13 18:00:00,Credit,2387.89,Utilities,UPI,Success,0,2,False,False,False,False,False
TXN0000743,CUST00450,2026-06-23 21:00:00,Transfer,5293.09,Groceries,UPI,Success,0,0,False,False,False,False,False
TXN0000744,CUST00695,2026-07-11 20:00:00,Credit,1201.33,Entertainment,Net Banking,Success,0,0,False,False,False,False,False
TXN0000745,CUST01136,2025-03-26 12:00:00,Debit,695.27,Food,ATM,Success,0,0,False,False,False,False,False
TXN0000746,CUST01129,2025-05-30 02:00:00,Debit,382.73,Salary,Debit Card,Success,0,0,False,False,False,False,False
TXN0000747,CUST01058,2025-12-01 14:00:00,Debit,751.78,Food,Debit Card,Success,0,1,False,False,False,False,False
TXN0000748,CUST00008,2025-07-27 14:00:00,Credit,745.9,Unknown,UPI,Success,0,0,False,False,False,False,False
TXN0000749,CUST00887,2025-10-30 23:00:00,Credit,755.62,Travel,UPI,Success,0,1,False,False,False,False,False
TXN0000750,CUST00462,2026-06-08 07:00:00,Credit,515.28,Salary,Net Banking,Success,0,1,False,False,False,False,False
TXN0000751,CUST00635,2025-11-02 20:00:00,Debit,1848.98,Healthcare,UPI,Success,0,1,False,False,False,False,False
TXN0000752,CUST00882,2026-07-20 06:00:00,Transfer,1467.77,Salary,UPI,Success,0,0,False,False,False,False,False
TXN0000753,CUST00866,2025-01-19 09:00:00,Credit,189.67,Salary,Credit Card,Success,0,1,False,False,False,False,False
TXN0000754,CUST00957,2025-10-28 06:00:00,Debit,72.93,Entertainment,UPI,Success,0,0,False,False,False,False,False
TXN0000755,CUST01179,2025-04-06 06:00:00,Debit,528.64,Salary,UPI,Success,0,0,False,False,False,False,False
TXN0000756,CUST00816,2025-08-03 15:00:00,Debit,2462.75,Rent,Credit Card,Success,0,0,False,False,False,False,False
TXN0000757,CUST00252,2025-01-06 00:00:00,Transfer,3883.56,Travel,UPI,Success,0,0,False,False,False,False,False
TXN0000758,CUST00681,2025-04-05 11:00:00,Debit,57.15,Travel,UPI,Success,0,0,False,False,False,False,False
TXN0000759,CUST00634,2025-12-02 12:00:00,Debit,610.82,Shopping,Debit Card,Failed,0,0,False,False,False,False,False
TXN0000760,CUST00778,2025-05-21 02:00:00,Credit,153.0,Investment,Credit Card,Failed,0,0,False,False,False,False,False
TXN0000761,CUST00795,2025-09-28 09:00:00,Credit,723.79,Utilities,Net Banking,Success,0,0,False,False,False,False,False
TXN0000762,CUST00378,2025-01-11 22:00:00,Debit,1372.37,Entertainment,Net Banking,Success,0,0,False,False,False,False,False
TXN0000763,CUST00819,2026-09-07 16:00:00,Transfer,994.92,Food,Net Banking,Success,0,1,False,False,False,False,False
TXN0000764,CUST00934,2025-06-09 01:00:00,Debit,331.3,Food,Credit Card,Pending,0,2,False,False,False,False,False
TXN0000765,CUST00113,2025-03-08 06:00:00,Transfer,9965.99,Healthcare,Debit Card,Success,1,1,False,False,False,False,False
TXN0000766,CUST00416,2026-03-14 02:00:00,Debit,604.52,Investment,Debit Card,Success,0,0,False,False,False,False,False
TXN0000767,CUST00001,2026-04-16 23:00:00,Transfer,2489.68,Rent,UPI,Success,0,0,False,False,False,False,False
TXN0000768,CUST00439,2025-10-04 22:00:00,Transfer,1675.07,Food,Debit Card,Success,0,0,False,False,False,False,False
TXN0000769,CUST00726,2026-09-19 21:00:00,Debit,178.18,Entertainment,UPI,Success,1,0,False,False,False,False,False
TXN0000770,CUST00342,2025-11-24 07:00:00,Debit,3162.88,Investment,UPI,Success,0,0,False,False,False,False,False
TXN0000771,CUST00170,2026-07-05 06:00:00,Debit,602.4,Salary,UPI,Pending,0,1,False,False,False,False,False
TXN0000772,CUST00358,2025-10-05 05:00:00,Credit,1170.56,Utilities,Debit Card,Success,0,1,False,False,False,False,False
TXN0000773,CUST00550,2025-10-12 08:00:00,Transfer,346.11,Entertainment,UPI,Success,0,0,False,False,False,False,False
TXN0000774,CUST00735,2026-04-06 19:00:00,Debit,4890.74,Food,Credit Card,Success,0,0,False,False,False,False,False
TXN0000775,CUST00549,2025-06-07 20:00:00,Debit,1178.4,Shopping,UPI,Success,0,1,False,False,False,False,False
TXN0000776,CUST00723,2026-02-12 20:00:00,Credit,1957.56,Shopping,ATM,Success,0,2,False,False,False,False,False
TXN0000777,CUST00956,2025-09-24 17:00:00,Credit,7709.47,Rent,Net Banking,Success,0,0,False,False,False,False,False
TXN0000778,CUST00658,2025-09-08 01:00:00,Transfer,620.69,Travel,UPI,Success,0,0,False,False,False,False,False
TXN0000779,CUST01052,2026-08-04 13:00:00,Transfer,2551.48,Healthcare,ATM,Failed,0,0,False,False,False,False,False
TXN0000780,CUST00623,2026-01-28 02:00:00,Transfer,5699.23,Groceries,UPI,Success,0,0,False,False,False,False,False
TXN0000781,CUST00016,2025-10-31 16:00:00,Credit,126.07,Entertainment,UPI,Success,0,0,False,False,False,False,False
TXN0000782,CUST00758,2025-11-28 01:00:00,Debit,934.31,Travel,Debit Card,Success,0,0,False,False,False,False,False
TXN0000783,CUST00141,2025-03-22 21:00:00,Debit,249.0,Salary,Net Banking,Success,0,0,False,False,False,False,False
TXN0000784,CUST00471,2026-04-29 08:00:00,Debit,1102.18,Investment,Net Banking,Pending,0,0,False,False,False,False,False
TXN0000785,CUST00761,2026-04-12 20:00:00,Debit,191.12,Shopping,Unknown,Success,0,0,False,False,False,False,False
TXN0000786,CUST00693,2025-01-20 17:00:00,Debit,371.66,Food,UPI,Pending,1,0,False,False,False,False,False
TXN0000787,CUST00344,2025-09-16 13:00:00,Transfer,1534.55,Healthcare,Debit Card,Success,0,0,False,False,False,False,False
TXN0000788,CUST01001,2025-01-16 03:00:00,Credit,478.66,Shopping,ATM,Success,0,0,False,False,False,False,False
TXN0000789,CUST01166,2025-02-18 22:00:00,Credit,2663.69,Shopping,UPI,Success,0,0,False,False,False,False,False
TXN0000790,CUST00272,2025-02-17 11:00:00,Transfer,3336.51,Rent,UPI,Success,0,0,False,False,False,False,False
TXN0000791,,2026-09-25 07:00:00,Credit,307.88,Rent,UPI,Success,0,0,False,False,True,False,False
TXN0000792,CUST00944,2025-11-18 21:00:00,Debit,875.95,Travel,UPI,Success,0,0,False,False,False,False,False
TXN0000793,CUST00121,2026-08-14 16:00:00,Debit,479.36,Entertainment,Debit Card,Success,1,0,False,False,False,False,False
TXN0000794,CUST00928,2025-11-17 20:00:00,Debit,1524.64,Salary,UPI,Success,0,1,False,False,False,False,False
TXN0000795,CUST00246,2026-03-13 01:00:00,Debit,2390.02,Travel,Net Banking,Success,0,0,False,False,False,False,False
TXN0000796,CUST00698,2025-01-29 19:00:00,Credit,2592.8,Investment,Net Banking,Success,0,0,False,False,False,False,False
TXN0000797,CUST00290,2025-02-07 06:00:00,Debit,3237.14,Food,Net Banking,Success,0,0,False,False,False,False,False
TXN0000798,CUST00669,2025-06-04 20:00:00,Debit,720.92,Food,Debit Card,Pending,0,0,False,False,False,False,False
TXN0000799,CUST00211,2025-12-19 06:00:00,Debit,1664.44,Healthcare,UPI,Success,1,0,False,False,False,False,False
TXN0000800,CUST00290,2025-01-07 09:00:00,Credit,394.07,Healthcare,ATM,Success,0,1,False,False,False,False,False
TXN0000801,CUST00497,2025-11-23 22:00:00,Credit,2958.71,Utilities,Credit Card,Success,0,0,False,False,False,False,False
TXN0000802,CUST00790,2026-07-26 16:00:00,Debit,427.29,Unknown,UPI,Success,0,0,False,False,False,False,False
TXN0000803,CUST00330,2025-10-24 23:00:00,Debit,947.51,Travel,ATM,Success,0,2,False,False,False,False,False
TXN0000804,CUST01122,2026-09-25 01:00:00,Debit,-500.0,Travel,ATM,Success,0,0,True,False,False,False,False
TXN0000805,CUST00637,2026-08-20 15:00:00,Debit,357.43,Travel,UPI,Success,0,1,False,False,False,False,False
TXN0000806,CUST01149,2025-01-03 04:00:00,Credit,911.36,Food,Debit Card,Success,0,1,False,False,False,False,False
TXN0000807,CUST00764,2026-05-22 17:00:00,Debit,1976.83,Food,ATM,Failed,0,1,False,False,False,False,False
TXN0000808,CUST01128,2025-07-14 18:00:00,Debit,2233.99,Entertainment,Debit Card,Success,0,1,False,False,False,False,False
TXN0000809,CUST00018,2025-03-23 19:00:00,Debit,1099.52,Rent,Credit Card,Success,0,1,False,False,False,False,False
TXN0000810,CUST00510,2025-09-28 09:00:00,Credit,769.44,Investment,ATM,Success,0,0,False,False,False,False,False
TXN0000811,CUST00687,2026-09-12 06:00:00,Transfer,6799.06,Utilities,ATM,Pending,0,0,False,False,False,False,False
TXN0000812,CUST00532,2026-08-30 14:00:00,Transfer,158.08,Rent,UPI,Pending,0,0,False,False,False,False,False
TXN0000813,CUST00029,2026-07-05 23:00:00,Transfer,3447.2,Shopping,UPI,Success,0,0,False,False,False,False,False
TXN0000814,CUST00114,2025-09-17 08:00:00,Debit,208.96,Travel,UPI,Success,0,0,False,False,False,False,False
TXN0000815,,2026-03-20 18:00:00,Transfer,2041.28,Food,Debit Card,Pending,0,0,False,False,True,False,False
TXN0000816,CUST00769,2025-12-06 00:00:00,Transfer,1155.21,Shopping,Debit Card,Success,0,0,False,False,False,False,False
TXN0000817,CUST00012,2026-04-17 12:00:00,Transfer,2116.91,Investment,UPI,Pending,0,1,False,False,False,False,False
TXN0000818,CUST00882,2025-06-17 16:00:00,Debit,384.35,Food,UPI,Success,0,0,False,False,False,False,False
TXN0000819,CUST00674,2025-08-03 10:00:00,Transfer,1528.74,Shopping,UPI,Pending,0,1,False,False,False,False,False
TXN0000820,CUST00279,2026-04-18 09:00:00,Transfer,2506.8,Food,Net Banking,Failed,1,0,False,False,False,False,False
TXN0000821,CUST00307,2025-01-30 08:00:00,Debit,233.01,Food,ATM,Success,0,0,False,False,False,False,False
TXN0000822,CUST00432,2026-06-29 19:00:00,Transfer,2469.04,Investment,UPI,Success,0,1,False,False,False,False,False
TXN0000823,CUST00125,2025-06-27 02:00:00,Debit,665.63,Travel,Net Banking,Unknown,0,1,False,False,False,False,False
TXN0000824,CUST01078,2026-02-19 03:00:00,Transfer,1854.48,Rent,Net Banking,Success,0,2,False,False,False,False,False
TXN0000825,CUST00681,2025-07-21 08:00:00,Transfer,692.38,Food,Credit Card,Pending,0,0,False,False,False,False,False
TXN0000826,CUST00473,2026-04-10 11:00:00,Debit,167.49,Entertainment,ATM,Success,0,1,False,False,False,False,False
TXN0000827,CUST00602,2025-08-15 15:00:00,Debit,906.49,Groceries,Credit Card,Pending,0,0,False,False,False,False,False
TXN0000828,CUST00457,2025-10-28 04:00:00,Credit,2154.71,Healthcare,Debit Card,Success,0,0,False,False,False,False,False
TXN0000829,CUST01038,2025-08-17 17:00:00,Transfer,1200.95,Travel,UPI,Success,0,0,False,False,False,False,False
TXN0000830,CUST00514,2025-11-16 08:00:00,Debit,1404.04,Salary,UPI,Success,0,0,False,False,False,False,False
TXN0000831,CUST00305,2026-05-20 16:00:00,Credit,1297.13,Shopping,Net Banking,Failed,0,0,False,False,False,False,False
TXN0000832,CUST00751,2026-03-16 09:00:00,Credit,3678.07,Travel,UPI,Success,0,0,False,False,False,False,False
TXN0000833,CUST00795,2025-10-06 17:00:00,Transfer,7816.67,Salary,UPI,Success,0,0,False,False,False,False,False
TXN0000834,CUST01162,2025-08-23 03:00:00,Transfer,565.78,Utilities,Net Banking,Success,0,0,False,False,False,False,False
TXN0000835,CUST00766,2025-10-05 16:00:00,Credit,1211.27,Food,Credit Card,Success,0,1,False,False,False,False,False
TXN0000836,CUST01027,2025-03-11 12:00:00,Debit,3373.71,Food,Debit Card,Success,0,0,False,False,False,False,False
TXN0000837,CUST01064,2026-04-21 02:00:00,Transfer,3806.18,Utilities,UPI,Success,0,1,False,False,False,False,False
TXN0000838,CUST00369,2026-01-24 07:00:00,Transfer,434.64,Utilities,Credit Card,Success,0,0,False,False,False,False,False
TXN0000839,CUST00488,2026-05-05 10:00:00,Debit,1693.81,Rent,UPI,Pending,0,1,False,False,False,False,False
TXN0000840,CUST00176,2025-05-04 18:00:00,Transfer,810.23,Healthcare,ATM,Success,0,0,False,False,False,False,False
TXN0000841,CUST00567,2025-12-09 04:00:00,Transfer,3637.35,Healthcare,Credit Card,Pending,0,1,False,False,False,False,False
TXN0000842,CUST00849,2025-04-05 22:00:00,Credit,4994.76,Groceries,Net Banking,Success,0,1,False,False,False,False,False
TXN0000843,CUST01068,2026-05-05 17:00:00,Transfer,1217.09,Utilities,Unknown,Success,0,0,False,False,False,False,False
TXN0000844,CUST00130,2026-01-20 13:00:00,Debit,5104.02,Rent,UPI,Failed,0,0,False,False,False,False,False
TXN0000845,CUST00500,2025-08-09 23:00:00,Debit,451.11,Entertainment,UPI,Success,0,0,False,False,False,False,False
TXN0000846,CUST00674,2025-06-28 01:00:00,Transfer,543.03,Salary,Unknown,Success,0,1,False,False,False,False,False
TXN0000847,CUST00945,2025-02-05 07:00:00,Debit,506.88,Healthcare,UPI,Success,0,1,False,False,False,False,False
TXN0000848,CUST01015,2025-11-10 04:00:00,Debit,317.26,Groceries,Debit Card,Pending,0,0,False,False,False,False,False
TXN0000849,CUST01074,2025-03-04 08:00:00,Credit,2187.31,Food,UPI,Success,0,0,False,False,False,False,False
TXN0000850,CUST01140,2026-06-28 15:00:00,Transfer,963.01,Investment,UPI,Success,0,0,False,False,False,False,False
TXN0000851,CUST00867,2025-12-07 03:00:00,Debit,250.4,Salary,UPI,Success,0,1,False,False,False,False,False
TXN0000852,CUST00718,2026-02-24 07:00:00,Credit,1832.94,Salary,UPI,Success,0,0,False,False,False,False,False
TXN0000853,CUST01105,2026-02-22 19:00:00,Credit,1117.94,Entertainment,UPI,Unknown,0,0,False,False,False,False,False
TXN0000854,CUST00357,2026-09-19 16:00:00,Debit,242.75,Utilities,UPI,Success,0,0,False,False,False,False,False
TXN0000855,CUST00448,2025-02-14 09:00:00,Credit,2957.57,Food,Credit Card,Success,0,0,False,False,False,False,False
TXN0000856,CUST00597,2025-05-03 09:00:00,Debit,894.16,Utilities,Debit Card,Success,0,0,False,False,False,False,False
TXN0000857,CUST00045,2025-04-21 06:00:00,Debit,1012.5,Utilities,ATM,Success,0,0,False,False,False,False,False
TXN0000858,CUST00826,2025-02-25 22:00:00,Debit,1327.8,Travel,UPI,Success,0,1,False,False,False,False,False
TXN0000859,CUST00506,2026-05-08 17:00:00,Transfer,592.76,Salary,Credit Card,Success,1,0,False,False,False,False,False
TXN0000860,CUST00430,2026-05-10 03:00:00,Debit,4200.25,Rent,UPI,Success,0,0,False,False,False,False,False
TXN0000861,CUST00917,2026-04-05 08:00:00,Debit,1492.27,Rent,Net Banking,Success,0,0,False,False,False,False,False
TXN0000862,CUST01029,2026-03-20 12:00:00,Debit,566.34,Food,Debit Card,Success,0,1,False,False,False,False,False
TXN0000863,CUST00229,2025-04-03 05:00:00,Credit,3206.88,Entertainment,Credit Card,Success,0,0,False,False,False,False,False
TXN0000864,CUST00213,2025-02-25 03:00:00,Debit,7761.32,Healthcare,Credit Card,Success,0,0,False,False,False,False,False
TXN0000865,CUST00453,2025-02-25 06:00:00,Debit,203.54,Travel,Debit Card,Failed,0,0,False,False,False,False,False
TXN0000866,CUST00860,2025-11-07 20:00:00,Debit,1948.79,Utilities,Debit Card,Success,0,0,False,False,False,False,False
TXN0000867,CUST00199,2026-07-12 11:00:00,Debit,307.45,Healthcare,UPI,Success,0,1,False,False,False,False,False
TXN0000868,CUST00826,2026-09-16 03:00:00,Debit,599.5,Shopping,UPI,Success,0,0,False,False,False,False,False
TXN0000869,CUST01127,2026-07-27 03:00:00,Debit,418.94,Entertainment,Net Banking,Success,0,0,False,False,False,False,False
TXN0000870,CUST01046,2025-05-03 15:00:00,Credit,1770.44,Groceries,UPI,Success,1,1,False,False,False,False,False
TXN0000871,CUST00556,2026-04-22 20:00:00,Credit,3101.11,Rent,Credit Card,Failed,0,0,False,False,False,False,False
TXN0000872,CUST01067,2025-06-11 09:00:00,Transfer,3256.57,Shopping,ATM,Success,0,0,False,False,False,False,False
TXN0000873,CUST00993,2025-05-14 15:00:00,Transfer,124.61,Rent,UPI,Success,0,0,False,False,False,False,False
TXN0000874,CUST00382,2025-02-21 05:00:00,Credit,1616.9,Food,UPI,Success,0,0,False,False,False,False,False
TXN0000875,CUST00010,2026-01-23 02:00:00,Debit,6025.24,Travel,Credit Card,Success,0,0,False,False,False,False,False
TXN0000876,CUST00330,2025-02-01 06:00:00,Debit,239.15,Travel,UPI,Success,0,0,False,False,False,False,False
TXN0000877,CUST00495,2026-02-22 01:00:00,Credit,333.2,Entertainment,UPI,Success,0,0,False,False,False,False,False
TXN0000878,CUST00096,2026-02-26 06:00:00,Debit,2863.01,Entertainment,UPI,Success,0,1,False,False,False,False,False
TXN0000879,CUST00612,2026-01-16 18:00:00,Debit,5263.03,Shopping,UPI,Success,1,0,False,False,False,False,False
TXN0000880,CUST00359,2025-01-11 06:00:00,Debit,725.86,Salary,UPI,Success,0,0,False,False,False,False,False
TXN0000881,CUST00268,2025-01-11 06:00:00,Credit,99.43,Utilities,UPI,Success,0,1,False,False,False,False,False
TXN0000882,CUST00554,2026-07-12 06:00:00,Debit,50.0,Food,UPI,Success,0,1,False,False,False,False,False
TXN0000883,CUST01022,2026-05-30 11:00:00,Transfer,681.99,Rent,Net Banking,Success,0,0,False,False,False,False,False
TXN0000884,CUST00375,2026-05-04 01:00:00,Transfer,2244.75,Unknown,UPI,Success,0,0,False,False,False,False,False
TXN0000885,CUST00148,2025-12-03 05:00:00,Debit,767.39,Travel,UPI,Success,0,0,False,False,False,False,False
TXN0000886,CUST00033,2026-09-29 12:00:00,Transfer,471.03,Groceries,Credit Card,Unknown,0,0,False,False,False,False,False
TXN0000887,CUST00557,2025-01-05 05:00:00,Debit,31668.71,Travel,UPI,Success,0,1,False,False,False,False,True
TXN0000888,CUST00417,2026-07-07 15:00:00,Credit,554.37,Healthcare,UPI,Success,0,0,False,False,False,False,False
TXN0000889,CUST00445,2025-09-22 17:00:00,Transfer,528.39,Salary,Credit Card,Success,0,0,False,False,False,False,False
TXN0000890,,2025-04-04 21:00:00,Credit,598.5,Shopping,Net Banking,Success,0,0,False,False,True,False,False
TXN0000891,CUST00839,2026-05-25 05:00:00,Credit,5195.75,Travel,UPI,Success,0,0,False,False,False,False,False
TXN0000892,CUST00489,2026-01-18 20:00:00,Credit,4934.19,Shopping,Net Banking,Success,0,0,False,False,False,False,False
TXN0000893,CUST00605,2025-04-23 06:00:00,Debit,1580.06,Investment,Net Banking,Success,0,0,False,False,False,False,False
TXN0000894,CUST00853,2026-02-26 02:00:00,Credit,1041.93,Investment,ATM,Success,0,0,False,False,False,False,False
TXN0000895,CUST00981,2026-08-10 08:00:00,Debit,1373.12,Rent,Debit Card,Unknown,0,1,False,False,False,False,False
TXN0000896,CUST00454,2025-06-21 01:00:00,Credit,405.91,Shopping,Net Banking,Pending,0,0,False,False,False,False,False
TXN0000897,CUST00045,2026-03-26 19:00:00,Debit,711.68,Salary,Net Banking,Success,0,0,False,False,False,False,False
TXN0000898,CUST00239,2026-02-26 03:00:00,Transfer,2733.02,Food,Credit Card,Failed,0,0,False,False,False,False,False
TXN0000899,CUST00191,2025-06-14 12:00:00,Credit,147.69,Healthcare,ATM,Success,0,0,False,False,False,False,False
TXN0000900,CUST00969,2025-09-01 00:00:00,Transfer,254.29,Utilities,ATM,Success,0,2,False,False,False,False,False
TXN0000901,CUST00521,2026-05-18 19:00:00,Debit,615.59,Utilities,UPI,Success,0,0,False,False,False,False,False
TXN0000902,CUST00578,2026-01-23 09:00:00,Transfer,980.77,Salary,ATM,Success,0,1,False,False,False,False,False
TXN0000903,CUST00090,2025-08-02 17:00:00,Transfer,1542.81,Travel,Debit Card,Success,0,1,False,False,False,False,False
TXN0000904,CUST00005,2026-04-09 20:00:00,Credit,362.29,Travel,Debit Card,Success,0,0,False,False,False,False,False
TXN0000905,CUST01035,2026-08-18 04:00:00,Credit,253.2,Investment,Net Banking,Success,0,0,False,False,False,False,False
TXN0000906,CUST00537,2026-01-01 12:00:00,Credit,481.66,Food,UPI,Failed,0,0,False,False,False,False,False
TXN0000907,CUST00789,2026-02-09 16:00:00,Debit,165.38,Entertainment,Credit Card,Pending,0,0,False,False,False,False,False
TXN0000908,CUST00291,2025-06-07 23:00:00,Credit,300.43,Entertainment,UPI,Success,0,0,False,False,False,False,False
TXN0000909,CUST00762,2026-04-01 06:00:00,Credit,499.21,Salary,UPI,Success,1,0,False,False,False,False,False
TXN0000910,CUST01018,2026-06-29 07:00:00,Debit,390.59,Entertainment,Debit Card,Success,0,0,False,False,False,False,False
TXN0000911,CUST00214,2025-12-15 11:00:00,Transfer,480.72,Food,ATM,Success,0,0,False,False,False,False,False
TXN0000912,CUST00489,2025-05-04 01:00:00,Debit,1494.56,Food,Debit Card,Pending,0,0,False,False,False,False,False
TXN0000913,CUST00144,2025-09-11 16:00:00,Debit,1114.4,Utilities,UPI,Success,0,0,False,False,False,False,False
TXN0000914,CUST00733,2025-10-25 21:00:00,Transfer,705.29,Food,UPI,Pending,0,0,False,False,False,False,False
TXN0000915,CUST00079,2026-05-07 03:00:00,Credit,1752.5,Utilities,UPI,Failed,0,0,False,False,False,False,False
TXN0000916,CUST00426,2025-05-11 14:00:00,Debit,1008.76,Rent,UPI,Success,1,0,False,False,False,False,False
TXN0000917,CUST01048,2025-05-24 17:00:00,Debit,3412.14,Investment,UPI,Failed,0,0,False,False,False,False,False
TXN0000918,CUST00415,2025-12-03 01:00:00,Debit,845.4,Healthcare,UPI,Success,0,0,False,False,False,False,False
TXN0000919,CUST00963,2025-08-30 03:00:00,Debit,3821.59,Salary,Credit Card,Success,0,0,False,False,False,False,False
TXN0000920,CUST01039,2025-09-02 20:00:00,Transfer,3264.28,Rent,UPI,Success,0,1,False,False,False,False,False
TXN0000921,CUST00806,2025-07-15 19:00:00,Credit,5110.51,Rent,UPI,Success,0,0,False,False,False,False,False
TXN0000922,CUST00943,2026-03-07 04:00:00,Debit,590.19,Travel,UPI,Success,0,0,False,False,False,False,False
TXN0000923,CUST01020,2025-06-18 21:00:00,Debit,3450.33,Salary,Debit Card,Failed,0,1,False,False,False,False,False
TXN0000924,CUST01088,2026-06-11 07:00:00,Debit,641.22,Unknown,UPI,Success,0,0,False,False,False,False,False
TXN0000925,CUST00545,2025-10-24 03:00:00,Credit,572.33,Shopping,Credit Card,Success,0,0,False,False,False,False,False
TXN0000926,CUST00354,2025-06-23 06:00:00,Debit,643.69,Groceries,Debit Card,Failed,0,0,False,False,False,False,False
TXN0000927,CUST01020,2025-11-04 23:00:00,Transfer,4093.41,Investment,ATM,Pending,0,0,False,False,False,False,False
TXN0000928,CUST01113,2025-06-07 07:00:00,Debit,366.38,Travel,Debit Card,Success,0,1,False,False,False,False,False
TXN0000929,CUST01015,2026-09-02 21:00:00,Debit,378.39,Healthcare,Credit Card,Success,0,0,False,False,False,False,False
TXN0000930,CUST00464,2026-01-23 08:00:00,Debit,95.97,Utilities,UPI,Success,0,0,False,False,False,False,False
TXN0000931,CUST00102,2025-03-18 12:00:00,Debit,2913.0,Rent,Net Banking,Success,0,1,False,False,False,False,False
TXN0000932,CUST00434,2026-01-24 20:00:00,Debit,983.29,Travel,UPI,Success,0,0,False,False,False,False,False
TXN0000933,CUST00268,2026-03-27 08:00:00,Transfer,940.98,Investment,UPI,Success,0,0,False,False,False,False,False
TXN0000934,CUST01105,2025-10-08 11:00:00,Credit,124.2,Investment,Debit Card,Success,0,2,False,False,False,False,False
TXN0000935,CUST00288,2026-05-26 07:00:00,Debit,724.06,Travel,UPI,Success,0,0,False,False,False,False,False
TXN0000936,CUST00782,2026-04-12 02:00:00,Debit,3739.8,Shopping,Debit Card,Failed,0,0,False,False,False,False,False
TXN0000937,CUST01035,2025-06-14 03:00:00,Transfer,1182.42,Shopping,ATM,Success,0,0,False,False,False,False,False
TXN0000938,CUST00143,2026-06-16 07:00:00,Debit,898.24,Entertainment,Debit Card,Success,0,0,False,False,False,False,False
TXN0000939,CUST00622,2026-08-21 07:00:00,Debit,409.79,Groceries,Debit Card,Success,0,0,False,False,False,False,False
TXN0000940,CUST00453,2026-08-09 08:00:00,Transfer,716.78,Groceries,UPI,Success,0,0,False,False,False,False,False
TXN0000941,CUST01022,2025-12-08 09:00:00,Transfer,1584.68,Rent,UPI,Success,0,0,False,False,False,False,False
TXN0000942,CUST00424,2025-11-15 23:00:00,Transfer,514.1,Food,Credit Card,Failed,0,1,False,False,False,False,False
TXN0000943,CUST00203,2025-04-18 16:00:00,Debit,182.38,Food,Credit Card,Success,0,1,False,False,False,False,False
TXN0000944,CUST00336,2026-08-23 09:00:00,Transfer,194.43,Utilities,UPI,Success,0,0,False,False,False,False,False
TXN0000945,CUST00072,2026-07-04 16:00:00,Debit,373.98,Utilities,Unknown,Success,0,1,False,False,False,False,False
TXN0000946,CUST00870,2025-07-29 03:00:00,Debit,5719.28,Entertainment,ATM,Success,0,0,False,False,False,False,False
TXN0000947,CUST00151,2025-09-14 12:00:00,Debit,1897.42,Food,ATM,Success,0,0,False,False,False,False,False
TXN0000948,CUST00021,2025-01-15 15:00:00,Transfer,170.11,Salary,UPI,Success,0,0,False,False,False,False,False
TXN0000949,CUST01003,2026-01-17 12:00:00,Debit,10232.65,Shopping,Debit Card,Success,1,0,False,False,False,False,False
TXN0000950,CUST00417,2026-06-25 19:00:00,Debit,1026.11,Investment,Credit Card,Success,0,0,False,False,False,False,False
TXN0000951,CUST00939,2026-08-31 04:00:00,Credit,477.87,Groceries,Credit Card,Success,0,1,False,False,False,False,False
TXN0000952,CUST00491,2026-02-17 17:00:00,Debit,2180.69,Entertainment,Credit Card,Success,0,0,False,False,False,False,False
TXN0000953,CUST00977,2025-06-04 21:00:00,Transfer,1193.24,Travel,Net Banking,Success,0,1,False,False,False,False,False
TXN0000954,CUST00461,2026-01-15 08:00:00,Debit,668.87,Salary,Debit Card,Success,1,0,False,False,False,False,False
TXN0000955,CUST00498,2025-09-09 17:00:00,Credit,505.02,Healthcare,Debit Card,Success,0,0,False,False,False,False,False
TXN0000956,CUST00463,2026-09-11 05:00:00,Credit,2852.9,Healthcare,UPI,Success,0,0,False,False,False,False,False
TXN0000957,CUST00820,2026-07-25 19:00:00,Debit,147.27,Shopping,UPI,Success,0,0,False,False,False,False,False
TXN0000958,CUST00812,2025-03-30 23:00:00,Debit,384.91,Salary,UPI,Success,0,1,False,False,False,False,False
TXN0000959,CUST00427,2025-05-20 19:00:00,Transfer,1772.48,Food,UPI,Success,0,0,False,False,False,False,False
TXN0000960,CUST00391,2026-01-10 10:00:00,Debit,427.67,Utilities,Net Banking,Failed,0,0,False,False,False,False,False
TXN0000961,CUST00755,2025-09-21 22:00:00,Debit,328.72,Salary,Credit Card,Success,0,0,False,False,False,False,False
TXN0000962,CUST00768,2025-01-05 09:00:00,Transfer,3435.54,Investment,UPI,Success,0,0,False,False,False,False,False
TXN0000963,CUST00746,2025-02-27 23:00:00,Debit,1131.52,Utilities,ATM,Success,0,1,False,False,False,False,False
TXN0000964,CUST00934,2026-08-13 20:00:00,Credit,1503.71,Investment,UPI,Success,0,0,False,False,False,False,False
TXN0000965,CUST00886,2026-09-21 01:00:00,Debit,1965.33,Travel,Credit Card,Unknown,1,1,False,False,False,False,False
TXN0000966,CUST00357,2025-05-09 06:00:00,Debit,1766.86,Healthcare,UPI,Success,0,0,False,False,False,False,False
TXN0000967,CUST01122,2025-01-11 07:00:00,Debit,2893.88,Salary,UPI,Success,0,0,False,False,False,False,False
TXN0000968,CUST00642,2026-02-07 20:00:00,Transfer,2913.16,Investment,UPI,Success,0,2,False,False,False,False,False
TXN0000969,CUST00900,2026-07-22 01:00:00,Debit,2145.56,Groceries,UPI,Success,0,0,False,False,False,False,False
TXN0000970,CUST00020,2025-04-12 18:00:00,Credit,88.01,Food,ATM,Success,0,0,False,False,False,False,False
TXN0000971,CUST01034,2026-07-15 00:00:00,Transfer,330.88,Groceries,Credit Card,Pending,0,0,False,False,False,False,False
TXN0000972,CUST00341,2025-06-06 17:00:00,Debit,1106.75,Rent,UPI,Success,0,0,False,False,False,False,False
TXN0000973,CUST00165,2025-02-16 15:00:00,Debit,1335.79,Entertainment,Debit Card,Success,0,0,False,False,False,False,False
TXN0000974,CUST00489,2025-11-09 13:00:00,Transfer,435.82,Travel,ATM,Success,0,0,False,False,False,False,False
TXN0000975,CUST00811,2025-12-18 19:00:00,Debit,191.55,Entertainment,Credit Card,Success,0,0,False,False,False,False,False
TXN0000976,CUST00748,2025-11-07 22:00:00,Debit,2311.24,Rent,Debit Card,Success,0,0,False,False,False,False,False
TXN0000977,CUST00008,2026-09-25 19:00:00,Debit,964.32,Entertainment,UPI,Failed,0,0,False,False,False,False,False
TXN0000978,CUST00967,2025-06-24 01:00:00,Credit,590.2,Healthcare,Debit Card,Success,0,1,False,False,False,False,False
TXN0000979,CUST00417,2025-11-27 22:00:00,Debit,417.25,Salary,Debit Card,Success,0,0,False,False,False,False,False
TXN0000980,CUST00172,2026-01-02 23:00:00,Transfer,10656.59,Salary,Debit Card,Success,0,0,False,False,False,False,False
TXN0000981,CUST00786,2025-08-15 10:00:00,Debit,50.19,Travel,Credit Card,Success,0,2,False,False,False,False,False
TXN0000982,CUST00308,2025-04-27 12:00:00,Debit,624.74,Salary,Debit Card,Success,0,0,False,False,False,False,False
TXN0000983,CUST00915,2025-06-21 20:00:00,Transfer,1287.59,Investment,Credit Card,Success,0,1,False,False,False,False,False
TXN0000984,CUST00481,2025-10-05 05:00:00,Transfer,396.81,Groceries,ATM,Pending,0,0,False,False,False,False,False
TXN0000985,CUST00551,2025-10-07 12:00:00,Debit,1352.33,Investment,UPI,Success,0,0,False,False,False,False,False
TXN0000986,CUST01088,2025-11-29 02:00:00,Credit,998.73,Rent,ATM,Pending,0,1,False,False,False,False,False
TXN0000987,CUST00444,2025-07-25 13:00:00,Debit,1096.265,Investment,UPI,Success,0,1,False,False,False,True,False
TXN0000988,CUST00453,2025-06-27 12:00:00,Debit,1564.51,Entertainment,Debit Card,Success,1,0,False,False,False,False,False
TXN0000989,CUST00030,2025-09-19 16:00:00,Debit,1627.04,Shopping,Credit Card,Success,0,0,False,False,False,False,False
TXN0000990,CUST00774,2026-09-30 00:00:00,Transfer,1716.56,Investment,Net Banking,Success,0,1,False,False,False,False,False
TXN0000991,CUST00817,2025-09-28 05:00:00,Transfer,1750.2,Travel,UPI,Success,0,0,False,False,False,False,False
TXN0000992,CUST00501,2026-05-03 13:00:00,Transfer,4042.03,Investment,UPI,Success,0,0,False,False,False,False,False
TXN0000993,CUST00387,2025-12-05 22:00:00,Credit,245.13,Groceries,UPI,Success,0,0,False,False,False,False,False
TXN0000994,CUST01113,2026-06-26 19:00:00,Debit,1296.79,Rent,Debit Card,Success,0,0,False,False,False,False,False
TXN0000995,CUST00338,2025-12-05 09:00:00,Transfer,1401.24,Shopping,ATM,Success,0,0,False,False,False,False,False
TXN0000996,CUST00345,2025-08-14 04:00:00,Transfer,879.68,Food,Debit Card,Success,0,0,False,False,False,False,False
TXN0000997,CUST01015,2026-09-11 02:00:00,Credit,565.51,Salary,Debit Card,Success,0,0,False,False,False,False,False
TXN0000998,CUST00214,2026-04-16 05:00:00,Credit,4356.07,Shopping,UPI,Success,0,0,False,False,False,False,False
TXN0000999,CUST01058,2026-03-26 04:00:00,Transfer,2760.08,Rent,Debit Card,Success,0,0,False,False,False,False,False
TXN0001000,CUST00882,2026-03-31 04:00:00,Transfer,1169.78,Salary,Debit Card,Success,0,0,False,False,False,False,False
TXN0001001,CUST00506,2025-03-16 19:00:00,Transfer,2919.17,Healthcare,UPI,Success,0,0,False,False,False,False,False
TXN0001002,CUST00555,2026-01-03 21:00:00,Debit,441.65,Utilities,UPI,Success,0,2,False,False,False,False,False
TXN0001003,CUST00867,2025-09-03 17:00:00,Debit,80.07,Utilities,Net Banking,Success,0,3,False,False,False,False,False
TXN0001004,CUST00485,2026-03-04 13:00:00,Transfer,643.43,Travel,Credit Card,Success,0,0,False,False,False,False,False
TXN0001005,CUST00680,2026-08-26 02:00:00,Debit,1172.21,Investment,UPI,Success,0,0,False,False,False,False,False
TXN0001006,CUST00636,2026-03-04 16:00:00,Debit,797.16,Salary,Credit Card,Success,0,0,False,False,False,False,False
TXN0001007,CUST00671,2026-01-05 22:00:00,Credit,4275.47,Groceries,UPI,Success,0,0,False,False,False,False,False
TXN0001008,CUST00376,2026-06-22 22:00:00,Credit,1627.85,Entertainment,UPI,Success,0,0,False,False,False,False,False
TXN0001009,CUST00043,2025-04-07 19:00:00,Debit,1351.12,Shopping,ATM,Success,0,0,False,False,False,False,False
TXN0001010,CUST00717,2025-05-31 09:00:00,Credit,3120.4,Utilities,UPI,Success,0,0,False,False,False,False,False
TXN0001011,CUST01076,2026-01-16 10:00:00,Debit,645.51,Shopping,Credit Card,Unknown,0,1,False,False,False,False,False
TXN0001012,CUST00772,2026-01-27 08:00:00,Debit,4239.33,Healthcare,Net Banking,Success,0,0,False,False,False,False,False
TXN0001013,CUST00055,2026-07-14 10:00:00,Debit,565.94,Utilities,UPI,Success,0,0,False,False,False,False,False
TXN0001014,CUST00078,2025-06-20 19:00:00,Transfer,5771.0,Travel,Debit Card,Success,0,0,False,False,False,False,False
TXN0001015,CUST00224,2026-06-02 06:00:00,Transfer,2188.72,Shopping,Credit Card,Success,0,0,False,False,False,False,False
TXN0001016,CUST01198,2025-08-01 14:00:00,Transfer,492.45,Entertainment,UPI,Success,0,1,False,False,False,False,False
TXN0001017,CUST00740,2026-05-19 19:00:00,Debit,4144.24,Shopping,Net Banking,Success,0,0,False,False,False,False,False
TXN0001018,CUST00499,2026-04-06 20:00:00,Debit,314.43,Food,UPI,Success,0,1,False,False,False,False,False
TXN0001019,CUST00698,2025-08-21 12:00:00,Debit,1478.27,Groceries,UPI,Success,0,0,False,False,False,False,False
TXN0001020,CUST00128,2025-09-11 19:00:00,Debit,555.95,Groceries,Debit Card,Success,0,0,False,False,False,False,False
TXN0001021,CUST00119,2026-02-12 08:00:00,Debit,146.24,Salary,UPI,Success,0,0,False,False,False,False,False
TXN0001022,CUST00239,2025-05-18 07:00:00,Transfer,709.78,Groceries,Credit Card,Success,0,1,False,False,False,False,False
TXN0001023,CUST00267,2025-04-25 18:00:00,Debit,578.03,Entertainment,Debit Card,Success,0,0,False,False,False,False,False
TXN0001024,CUST01142,2025-05-02 18:00:00,Debit,767.83,Groceries,Net Banking,Success,0,0,False,False,False,False,False
TXN0001025,CUST00401,2026-07-24 11:00:00,Transfer,345.83,Entertainment,UPI,Pending,0,0,False,False,False,False,False
TXN0001026,CUST00802,2026-08-10 01:00:00,Credit,2900.3,Healthcare,UPI,Success,0,0,False,False,False,False,False
TXN0001027,CUST00666,2025-05-14 21:00:00,Debit,3899.47,Utilities,UPI,Success,0,0,False,False,False,False,False
TXN0001028,CUST00848,2025-01-10 15:00:00,Transfer,848.73,Utilities,Debit Card,Success,0,1,False,False,False,False,False
TXN0001029,CUST00197,2025-07-09 01:00:00,Credit,5400.01,Groceries,Net Banking,Success,0,1,False,False,False,False,False
TXN0001030,CUST01101,2026-07-15 18:00:00,Credit,714.97,Entertainment,Net Banking,Success,0,0,False,False,False,False,False
TXN0001031,CUST00214,2026-09-29 06:00:00,Transfer,4250.0,Rent,Debit Card,Success,0,0,False,False,False,False,False
TXN0001032,CUST00959,2025-03-10 22:00:00,Debit,631.94,Travel,UPI,Failed,0,1,False,False,False,False,False
TXN0001033,CUST00417,2026-09-23 00:00:00,Debit,230.94,Food,Credit Card,Success,0,0,False,False,False,False,False
TXN0001034,CUST00869,2025-09-25 05:00:00,Debit,890.3,Healthcare,UPI,Pending,0,0,False,False,False,False,False
TXN0001035,CUST01185,2026-09-02 12:00:00,Credit,1756.9,Entertainment,Credit Card,Success,0,1,False,False,False,False,False
TXN0001036,CUST00775,2025-03-26 04:00:00,Debit,2043.55,Travel,Net Banking,Success,0,2,False,False,False,False,False
TXN0001037,CUST00793,2025-05-11 02:00:00,Debit,1009.66,Investment,ATM,Success,0,0,False,False,False,False,False
TXN0001038,CUST01103,2025-01-28 02:00:00,Debit,7666.23,Entertainment,Debit Card,Success,0,0,False,False,False,False,False
TXN0001039,CUST00599,2026-03-19 23:00:00,Debit,6908.37,Shopping,Debit Card,Success,0,0,False,False,False,False,False
TXN0001040,CUST00361,2026-05-23 22:00:00,Transfer,603.56,Salary,UPI,Success,0,2,False,False,False,False,False
TXN0001041,CUST00724,2025-04-07 01:00:00,Debit,1880.34,Travel,UPI,Pending,0,0,False,False,False,False,False
TXN0001042,CUST01099,2025-09-07 18:00:00,Transfer,852.56,Salary,UPI,Success,0,0,False,False,False,False,False
TXN0001043,CUST00905,2026-08-08 18:00:00,Debit,1699.26,Healthcare,ATM,Success,1,1,False,False,False,False,False
TXN0001044,CUST00723,2026-04-07 23:00:00,Debit,611.79,Groceries,UPI,Success,0,0,False,False,False,False,False
TXN0001045,CUST00183,2026-08-16 14:00:00,Debit,1421.24,Shopping,Debit Card,Success,1,0,False,False,False,False,False
TXN0001046,CUST00843,2025-12-05 17:00:00,Transfer,1037.53,Groceries,Debit Card,Failed,0,1,False,False,False,False,False
TXN0001047,CUST00859,2026-09-19 08:00:00,Transfer,2175.37,Rent,UPI,Success,0,0,False,False,False,False,False
TXN0001048,CUST01162,2026-05-29 13:00:00,Credit,1323.88,Utilities,ATM,Success,0,0,False,False,False,False,False
TXN0001049,CUST00569,2025-11-15 23:00:00,Debit,3415.34,Investment,Credit Card,Success,0,0,False,False,False,False,False
TXN0001050,CUST00121,2025-07-13 05:00:00,Credit,1028.74,Entertainment,Debit Card,Success,0,0,False,False,False,False,False
TXN0001051,CUST00555,2026-09-21 12:00:00,Debit,1111.84,Utilities,UPI,Success,0,0,False,False,False,False,False
TXN0001052,CUST00373,2025-01-26 14:00:00,Credit,408.53,Travel,UPI,Success,0,0,False,False,False,False,False
TXN0001053,CUST00896,2025-01-22 14:00:00,Debit,911.27,Utilities,UPI,Success,1,1,False,False,False,False,False
TXN0001054,CUST00863,2025-06-04 18:00:00,Debit,484.08,Food,UPI,Success,0,0,False,False,False,False,False
TXN0001055,CUST00745,2025-04-02 19:00:00,Debit,396.82,Food,UPI,Success,0,0,False,False,False,False,False
TXN0001056,CUST00166,2025-01-16 23:00:00,Debit,1776.51,Travel,Credit Card,Pending,0,0,False,False,False,False,False
TXN0001057,CUST00157,2026-06-07 14:00:00,Transfer,2445.72,Food,UPI,Success,0,0,False,False,False,False,False
TXN0001058,CUST00228,2025-01-31 06:00:00,Debit,1031.65,Food,Net Banking,Success,0,0,False,False,False,False,False
TXN0001059,CUST00216,2025-04-11 04:00:00,Debit,753.81,Shopping,Debit Card,Success,0,0,False,False,False,False,False
TXN0001060,CUST00603,2026-02-24 11:00:00,Transfer,345.24,Travel,Net Banking,Success,0,0,False,False,False,False,False
TXN0001061,CUST00126,2025-06-29 12:00:00,Transfer,1387.3,Travel,Debit Card,Success,0,0,False,False,False,False,False
TXN0001062,CUST00224,2025-02-02 08:00:00,Debit,619.36,Shopping,Credit Card,Success,1,0,False,False,False,False,False
TXN0001063,CUST00476,2025-08-27 12:00:00,Debit,1327.32,Travel,UPI,Success,0,1,False,False,False,False,False
TXN0001064,CUST00527,2025-03-29 12:00:00,Debit,574.14,Salary,Net Banking,Success,0,0,False,False,False,False,False
TXN0001065,CUST00660,2026-08-30 18:00:00,Debit,6937.61,Healthcare,Net Banking,Success,0,0,False,False,False,False,False
TXN0001066,CUST00011,2025-08-23 14:00:00,Transfer,1193.59,Rent,UPI,Failed,0,0,False,False,False,False,False
TXN0001067,CUST00236,2025-11-29 02:00:00,Transfer,514.52,Travel,Net Banking,Success,0,0,False,False,False,False,False
TXN0001068,CUST00033,2026-01-18 05:00:00,Transfer,242.6,Utilities,Debit Card,Success,0,0,False,False,False,False,False
TXN0001069,CUST00903,2026-06-25 18:00:00,Transfer,1579.23,Healthcare,Credit Card,Success,0,0,False,False,False,False,False
TXN0001070,CUST00335,2025-09-26 00:00:00,Transfer,5317.16,Rent,Net Banking,Success,0,1,False,False,False,False,False
TXN0001071,CUST00920,2026-01-03 12:00:00,Credit,224.55,Investment,Net Banking,Success,0,0,False,False,False,False,False
TXN0001072,CUST00973,2025-09-13 11:00:00,Credit,1938.91,Utilities,UPI,Success,0,0,False,False,False,False,False
TXN0001073,CUST00594,2025-01-05 11:00:00,Credit,896.63,Groceries,UPI,Success,0,0,False,False,False,False,False
TXN0001074,CUST00756,2025-05-06 08:00:00,Transfer,1109.67,Utilities,Debit Card,Success,0,0,False,False,False,False,False
TXN0001075,CUST00758,2025-03-22 09:00:00,Debit,1500.69,Food,UPI,Success,0,0,False,False,False,False,False
TXN0001076,CUST00037,2026-07-16 13:00:00,Credit,874.23,Salary,Debit Card,Success,0,0,False,False,False,False,False
TXN0001077,CUST00151,2026-02-27 12:00:00,Debit,858.26,Food,UPI,Failed,0,0,False,False,False,False,False
TXN0001078,CUST00140,2026-08-30 12:00:00,Debit,1381.26,Shopping,UPI,Success,0,1,False,False,False,False,False
TXN0001079,CUST00309,2026-09-08 09:00:00,Debit,734.42,Rent,Debit Card,Success,0,2,False,False,False,False,False
TXN0001080,CUST00018,2026-05-25 02:00:00,Debit,352.63,Entertainment,UPI,Success,0,0,False,False,False,False,False
TXN0001081,CUST00685,2026-09-11 16:00:00,Debit,1658.96,Rent,Credit Card,Success,0,1,False,False,False,False,False
TXN0001082,CUST00171,2025-06-08 13:00:00,Credit,193.48,Travel,Net Banking,Success,0,0,False,False,False,False,False
TXN0001083,CUST00903,2025-09-09 07:00:00,Transfer,238.26,Investment,UPI,Unknown,0,0,False,False,False,False,False
TXN0001084,CUST00419,2026-05-07 16:00:00,Credit,1667.57,Rent,UPI,Success,0,2,False,False,False,False,False
TXN0001085,CUST00265,2025-10-13 15:00:00,Transfer,412.87,Salary,Debit Card,Success,0,0,False,False,False,False,False
TXN0001086,CUST00473,2026-06-01 19:00:00,Transfer,181.57,Healthcare,UPI,Success,0,0,False,False,False,False,False
TXN0001087,CUST01015,2026-06-18 03:00:00,Debit,11488.52,Salary,UPI,Success,0,0,False,False,False,False,False
TXN0001088,CUST00226,2026-09-16 06:00:00,Debit,8284.06,Rent,Debit Card,Success,0,0,False,False,False,False,False
TXN0001089,CUST00737,2025-12-28 19:00:00,Credit,1678.43,Rent,Net Banking,Success,0,1,False,False,False,False,False
TXN0001090,CUST01066,2026-07-23 12:00:00,Debit,1027.13,Groceries,Credit Card,Success,0,0,False,False,False,False,False
TXN0001091,CUST00619,2026-02-26 23:00:00,Credit,2092.06,Rent,Net Banking,Success,0,0,False,False,False,False,False
TXN0001092,CUST00545,2025-07-18 07:00:00,Transfer,4590.63,Entertainment,Credit Card,Failed,0,0,False,False,False,False,False
TXN0001093,CUST01196,2025-07-19 04:00:00,Debit,1837.33,Food,ATM,Success,0,0,False,False,False,False,False
TXN0001094,CUST00556,2026-09-20 00:00:00,Transfer,670.98,Investment,Net Banking,Success,0,0,False,False,False,False,False
TXN0001095,CUST00637,2025-06-08 17:00:00,Credit,6836.77,Shopping,Unknown,Success,0,0,False,False,False,False,False
TXN0001096,CUST00094,2025-12-08 11:00:00,Debit,527.93,Travel,Credit Card,Success,0,0,False,False,False,False,False
TXN0001097,CUST00344,2025-10-17 19:00:00,Credit,536.65,Utilities,UPI,Success,0,0,False,False,False,False,False
TXN0001098,CUST00982,2025-12-19 20:00:00,Credit,1126.43,Entertainment,Debit Card,Success,1,0,False,False,False,False,False
TXN0001099,CUST00933,2025-12-05 19:00:00,Debit,1743.75,Salary,Debit Card,Success,0,1,False,False,False,False,False
TXN0001100,CUST01108,2026-03-31 04:00:00,Debit,1139.77,Groceries,Net Banking,Failed,0,0,False,False,False,False,False
TXN0001101,CUST01116,2026-07-23 14:00:00,Debit,138.52,Entertainment,UPI,Success,0,0,False,False,False,False,False
TXN0001102,CUST00206,2026-08-07 05:00:00,Debit,1464.09,Shopping,Debit Card,Success,0,0,False,False,False,False,False
TXN0001103,CUST00969,2026-01-06 22:00:00,Credit,1171.27,Entertainment,UPI,Failed,0,3,False,False,False,False,False
TXN0001104,CUST00440,2025-03-16 13:00:00,Credit,6394.35,Rent,Credit Card,Unknown,0,0,False,False,False,False,False
TXN0001105,CUST00964,2026-01-27 04:00:00,Credit,429.51,Groceries,UPI,Success,0,0,False,False,False,False,False
TXN0001106,CUST00430,2026-05-19 09:00:00,Debit,1526.64,Entertainment,Debit Card,Unknown,0,0,False,False,False,False,False
TXN0001107,CUST00728,2026-01-18 14:00:00,Transfer,160.02,Healthcare,UPI,Success,0,0,False,False,False,False,False
TXN0001108,CUST00058,2025-09-05 10:00:00,Credit,1688.94,Travel,Net Banking,Success,1,0,False,False,False,False,False
TXN0001109,CUST00055,2026-06-05 22:00:00,Credit,4662.02,Investment,UPI,Success,0,0,False,False,False,False,False
TXN0001110,CUST00271,2026-02-25 22:00:00,Credit,688.54,Entertainment,Net Banking,Failed,0,0,False,False,False,False,False
TXN0001111,CUST01052,2026-06-16 05:00:00,Debit,2192.88,Shopping,Credit Card,Success,0,1,False,False,False,False,False
TXN0001112,CUST00211,2026-09-29 13:00:00,Debit,2449.29,Shopping,UPI,Success,1,0,False,False,False,False,False
TXN0001113,CUST00608,2026-09-23 05:00:00,Debit,3273.22,Entertainment,Debit Card,Success,0,0,False,False,False,False,False
TXN0001114,CUST00090,2025-11-03 20:00:00,Debit,2280.0,Healthcare,Credit Card,Success,0,1,False,False,False,False,False
TXN0001115,CUST00646,2025-10-26 11:00:00,Debit,1571.15,Entertainment,UPI,Success,0,0,False,False,False,False,False
TXN0001116,CUST00659,2026-06-20 06:00:00,Debit,543.38,Shopping,UPI,Success,0,0,False,False,False,False,False
TXN0001117,CUST01188,2025-05-21 23:00:00,Transfer,1599.36,Food,Credit Card,Success,0,0,False,False,False,False,False
TXN0001118,CUST00801,2026-07-16 12:00:00,Debit,2865.98,Shopping,UPI,Success,0,0,False,False,False,False,False
TXN0001119,CUST00124,2026-06-21 15:00:00,Debit,1014.83,Groceries,UPI,Success,0,0,False,False,False,False,False
TXN0001120,CUST00964,2025-06-06 16:00:00,Debit,1115.02,Rent,Net Banking,Success,0,0,False,False,False,False,False
TXN0001121,CUST00299,2025-07-08 17:00:00,Debit,3083.12,Shopping,Net Banking,Success,0,0,False,False,False,False,False
TXN0001122,CUST00704,2025-02-03 20:00:00,Credit,946.41,Rent,UPI,Success,0,0,False,False,False,False,False
TXN0001123,CUST00525,2026-01-06 14:00:00,Credit,6846.86,Healthcare,Net Banking,Success,0,0,False,False,False,False,False
TXN0001124,CUST00052,2025-03-05 21:00:00,Debit,516.21,Food,UPI,Success,0,0,False,False,False,False,False
TXN0001125,CUST00766,2026-04-11 22:00:00,Debit,659.64,Investment,Net Banking,Success,0,0,False,False,False,False,False
TXN0001126,CUST00958,2026-07-06 01:00:00,Transfer,510.23,Entertainment,Debit Card,Success,0,0,False,False,False,False,False
TXN0001127,CUST00166,2025-09-07 15:00:00,Credit,3211.54,Rent,Debit Card,Success,0,0,False,False,False,False,False
TXN0001128,CUST00498,2026-07-27 19:00:00,Credit,2343.69,Salary,ATM,Success,0,0,False,False,False,False,False
TXN0001129,CUST00607,2026-03-09 06:00:00,Transfer,388.67,Shopping,Net Banking,Success,0,1,False,False,False,False,False
TXN0001130,CUST00840,2026-04-16 01:00:00,Debit,1060.87,Entertainment,ATM,Success,0,0,False,False,False,False,False
TXN0001131,CUST00760,2025-02-19 06:00:00,Credit,786.22,Food,UPI,Success,0,0,False,False,False,False,False
TXN0001132,CUST00126,2025-05-18 20:00:00,Debit,2579.6,Healthcare,UPI,Success,0,0,False,False,False,False,False
TXN0001133,CUST00136,2026-03-20 14:00:00,Debit,957.1,Healthcare,Net Banking,Success,0,0,False,False,False,False,False
TXN0001134,CUST00532,2026-08-20 16:00:00,Transfer,1597.94,Salary,Debit Card,Success,0,0,False,False,False,False,False
TXN0001135,CUST00665,2026-05-22 07:00:00,Debit,684.31,Investment,Credit Card,Success,0,0,False,False,False,False,False
TXN0001136,CUST00991,2026-09-23 09:00:00,Transfer,572.78,Salary,Net Banking,Success,0,0,False,False,False,False,False
TXN0001137,CUST00980,2025-04-28 10:00:00,Debit,14903.46,Food,UPI,Success,0,1,False,False,False,False,True
TXN0001138,CUST00757,2025-09-03 13:00:00,Debit,1419.81,Shopping,Unknown,Success,0,0,False,False,False,False,False
TXN0001139,CUST00876,2026-01-29 02:00:00,Debit,9276.31,Investment,UPI,Success,0,0,False,False,False,False,False
TXN0001140,CUST00630,2025-12-25 01:00:00,Debit,1963.52,Rent,UPI,Success,0,0,False,False,False,False,False
TXN0001141,CUST00124,2025-05-06 22:00:00,Transfer,886.41,Healthcare,ATM,Success,0,0,False,False,False,False,False
TXN0001142,CUST00559,2026-03-07 20:00:00,Debit,1684.29,Groceries,UPI,Success,0,1,False,False,False,False,False
TXN0001143,CUST01126,2026-04-17 08:00:00,Debit,161.72,Shopping,UPI,Success,0,0,False,False,False,False,False
TXN0001144,CUST00707,2026-06-23 11:00:00,Debit,142.6,Utilities,ATM,Success,0,1,False,False,False,False,False
TXN0001145,CUST00368,2026-01-25 00:00:00,Credit,428.65,Shopping,Debit Card,Pending,0,0,False,False,False,False,False
TXN0001146,CUST00953,2026-08-26 04:00:00,Debit,887.15,Entertainment,UPI,Success,0,0,False,False,False,False,False
TXN0001147,CUST01008,2025-06-30 16:00:00,Debit,235.87,Groceries,Debit Card,Failed,1,0,False,False,False,False,False
TXN0001148,CUST01104,2025-04-19 08:00:00,Credit,1066.95,Salary,ATM,Failed,0,2,False,False,False,False,False
TXN0001149,CUST00501,2026-07-27 23:00:00,Debit,827.16,Food,UPI,Success,0,1,False,False,False,False,False
TXN0001150,CUST00259,2026-09-12 01:00:00,Transfer,1649.09,Investment,UPI,Success,0,0,False,False,False,False,False
TXN0001151,CUST00002,2026-08-30 05:00:00,Debit,948.68,Travel,Net Banking,Success,0,0,False,False,False,False,False
TXN0001152,CUST00022,2025-08-11 19:00:00,Transfer,107.85,Food,Credit Card,Success,0,0,False,False,False,False,False
TXN0001153,CUST00585,2025-08-19 23:00:00,Credit,2876.78,Utilities,Net Banking,Success,0,0,False,False,False,False,False
TXN0001154,CUST00250,2026-09-04 00:00:00,Transfer,351.0,Salary,Debit Card,Success,0,0,False,False,False,False,False
TXN0001155,CUST00979,2026-08-15 08:00:00,Debit,356.61,Shopping,UPI,Pending,0,0,False,False,False,False,False
TXN0001156,CUST00749,2025-09-14 09:00:00,Credit,3659.77,Groceries,UPI,Success,0,0,False,False,False,False,False
TXN0001157,CUST01145,2025-05-26 23:00:00,Debit,1874.17,Investment,Debit Card,Failed,0,0,False,False,False,False,False
TXN0001158,CUST00586,2025-09-24 03:00:00,Transfer,3677.15,Investment,Debit Card,Success,0,0,False,False,False,False,False
TXN0001159,CUST00338,2026-01-12 17:00:00,Transfer,935.32,Rent,ATM,Success,0,0,False,False,False,False,False
TXN0001160,CUST00717,2026-02-03 03:00:00,Credit,475.34,Utilities,UPI,Success,0,0,False,False,False,False,False
TXN0001161,CUST01008,2025-03-29 14:00:00,Transfer,14740.26,Entertainment,UPI,Success,0,0,False,False,False,False,True
TXN0001162,CUST00322,2026-01-22 03:00:00,Transfer,2020.22,Travel,Credit Card,Success,0,0,False,False,False,False,False
TXN0001163,CUST00655,2025-08-27 07:00:00,Debit,1092.13,Salary,UPI,Success,0,0,False,False,False,False,False
TXN0001164,CUST00942,2025-01-04 03:00:00,Debit,699.78,Investment,UPI,Success,0,0,False,False,False,False,False
TXN0001165,CUST01116,2025-11-22 07:00:00,Debit,416.12,Salary,ATM,Success,0,1,False,False,False,False,False
TXN0001166,CUST00929,2025-01-21 22:00:00,Transfer,288.38,Rent,UPI,Failed,0,0,False,False,False,False,False
TXN0001167,CUST00806,2026-03-19 15:00:00,Credit,629.97,Rent,ATM,Success,0,1,False,False,False,False,False
TXN0001168,CUST00360,2026-02-11 03:00:00,Debit,1775.61,Groceries,UPI,Success,0,0,False,False,False,False,False
TXN0001169,CUST00808,2025-10-17 15:00:00,Debit,1192.3,Food,UPI,Success,1,0,False,False,False,False,False
TXN0001170,CUST00234,2026-04-02 03:00:00,Transfer,1656.47,Travel,Debit Card,Success,0,0,False,False,False,False,False
TXN0001171,CUST00809,2025-03-11 17:00:00,Credit,4840.3,Groceries,UPI,Success,0,0,False,False,False,False,False
TXN0001172,CUST00857,2025-05-09 15:00:00,Debit,293.04,Investment,UPI,Success,0,0,False,False,False,False,False
TXN0001173,CUST00700,2026-08-01 02:00:00,Transfer,1058.34,Utilities,UPI,Success,0,0,False,False,False,False,False
TXN0001174,CUST01166,2026-06-18 05:00:00,Credit,912.72,Food,Net Banking,Success,0,1,False,False,False,False,False
TXN0001175,CUST00584,2025-09-26 14:00:00,Debit,1004.23,Shopping,Net Banking,Failed,0,0,False,False,False,False,False
TXN0001176,CUST00382,2026-02-12 15:00:00,Debit,2799.28,Food,UPI,Success,0,0,False,False,False,False,False
TXN0001177,CUST00147,2025-07-24 01:00:00,Debit,326.56,Shopping,Net Banking,Success,0,1,False,False,False,False,False
TXN0001178,CUST01060,2025-11-07 10:00:00,Transfer,2939.69,Salary,Debit Card,Success,0,1,False,False,False,False,False
TXN0001179,CUST00816,2025-07-04 12:00:00,Debit,11326.83,Travel,UPI,Success,0,0,False,False,False,False,False
TXN0001180,CUST00629,2026-04-04 13:00:00,Debit,182.56,Utilities,Credit Card,Success,0,0,False,False,False,False,False
TXN0001181,CUST00366,2026-03-24 08:00:00,Debit,1167.8,Investment,UPI,Success,0,0,False,False,False,False,False
TXN0001182,CUST01017,2026-04-28 02:00:00,Debit,2652.26,Travel,Credit Card,Success,0,0,False,False,False,False,False
TXN0001183,CUST00680,2025-03-03 05:00:00,Debit,7819.32,Unknown,ATM,Success,0,0,False,False,False,False,False
TXN0001184,CUST00042,2026-04-09 04:00:00,Transfer,2249.29,Entertainment,Debit Card,Success,1,2,False,False,False,False,False
TXN0001185,CUST00122,2026-04-23 04:00:00,Transfer,1817.3,Rent,UPI,Success,0,0,False,False,False,False,False
TXN0001186,CUST00001,2026-02-16 18:00:00,Transfer,1181.29,Healthcare,Net Banking,Success,0,0,False,False,False,False,False
TXN0001187,CUST00712,2026-06-29 15:00:00,Debit,2187.96,Shopping,UPI,Success,0,2,False,False,False,False,False
TXN0001188,CUST00096,2026-09-11 15:00:00,Credit,587.77,Healthcare,UPI,Success,0,0,False,False,False,False,False
TXN0001189,CUST00152,2026-02-09 12:00:00,Debit,1555.37,Food,UPI,Success,0,0,False,False,False,False,False
TXN0001190,CUST00181,2026-01-03 01:00:00,Debit,211.15,Investment,UPI,Success,0,0,False,False,False,False,False
TXN0001191,CUST00537,2025-11-07 23:00:00,Credit,5942.4,Salary,Debit Card,Success,0,0,False,False,False,False,False
TXN0001192,CUST00503,2025-02-09 15:00:00,Transfer,1898.66,Utilities,UPI,Pending,0,0,False,False,False,False,False
TXN0001193,CUST00459,2026-04-12 13:00:00,Transfer,807.81,Shopping,UPI,Success,0,1,False,False,False,False,False
TXN0001194,CUST01095,2025-08-13 23:00:00,Transfer,924.64,Rent,Debit Card,Success,0,0,False,False,False,False,False
TXN0001195,CUST01136,2025-09-15 03:00:00,Transfer,10044.32,Healthcare,Debit Card,Success,0,0,False,False,False,False,False
TXN0001196,CUST00072,2025-02-22 19:00:00,Debit,16635.89,Investment,UPI,Success,0,0,False,False,False,False,True
TXN0001197,CUST00391,2025-12-09 19:00:00,Debit,3001.68,Investment,UPI,Success,0,0,False,False,False,False,False
TXN0001198,CUST01200,2026-01-26 20:00:00,Debit,797.6,Travel,UPI,Success,0,2,False,False,False,False,False
TXN0001199,CUST00131,2026-05-18 03:00:00,Credit,1889.64,Healthcare,Debit Card,Unknown,0,0,False,False,False,False,False
TXN0001200,CUST00916,2025-07-30 09:00:00,Debit,2061.09,Food,Debit Card,Failed,0,1,False,False,False,False,False
TXN0001201,CUST00635,2026-08-11 13:00:00,Credit,760.48,Unknown,Net Banking,Success,0,1,False,False,False,False,False
TXN0001202,CUST01125,2025-04-12 11:00:00,Credit,1074.03,Utilities,UPI,Success,0,0,False,False,False,False,False
TXN0001203,CUST00714,2026-03-07 01:00:00,Debit,2866.49,Travel,Debit Card,Failed,0,1,False,False,False,False,False
TXN0001204,CUST00592,2025-07-23 09:00:00,Debit,2918.34,Groceries,UPI,Success,0,0,False,False,False,False,False
TXN0001205,CUST00149,2026-03-16 06:00:00,Transfer,831.84,Healthcare,UPI,Success,0,0,False,False,False,False,False
TXN0001206,CUST00060,2026-08-30 23:00:00,Credit,1778.85,Salary,ATM,Success,0,0,False,False,False,False,False
TXN0001207,CUST00386,2026-06-26 14:00:00,Credit,1937.67,Healthcare,ATM,Success,0,0,False,False,False,False,False
TXN0001208,CUST00413,2025-09-15 06:00:00,Debit,798.07,Rent,Net Banking,Failed,0,0,False,False,False,False,False
TXN0001209,CUST00792,2025-02-19 21:00:00,Transfer,0.0,Shopping,UPI,Failed,0,0,False,True,False,False,False
TXN0001210,CUST01043,2025-06-04 05:00:00,Debit,322.88,Shopping,Debit Card,Success,1,1,False,False,False,False,False
TXN0001211,CUST00343,2025-03-11 08:00:00,Credit,5922.86,Travel,Debit Card,Success,0,0,False,False,False,False,False
TXN0001212,CUST00111,2025-01-04 06:00:00,Transfer,1166.69,Investment,UPI,Success,0,0,False,False,False,False,False
TXN0001213,CUST00830,2025-06-14 07:00:00,Transfer,1757.76,Food,Credit Card,Success,0,0,False,False,False,False,False
TXN0001214,CUST00717,2025-01-26 23:00:00,Credit,194.92,Salary,UPI,Success,0,1,False,False,False,False,False
TXN0001215,CUST01015,2026-09-08 17:00:00,Debit,2834.27,Groceries,Debit Card,Success,0,1,False,False,False,False,False
TXN0001216,CUST01177,2025-04-13 22:00:00,Debit,4275.86,Healthcare,UPI,Success,0,0,False,False,False,False,False
TXN0001217,CUST00408,2025-08-07 11:00:00,Debit,1843.95,Rent,UPI,Success,0,0,False,False,False,False,False
TXN0001218,CUST00518,2025-02-04 15:00:00,Credit,3703.63,Entertainment,Net Banking,Success,0,0,False,False,False,False,False
TXN0001219,CUST01107,2026-05-06 02:00:00,Credit,452.71,Food,UPI,Success,0,0,False,False,False,False,False
TXN0001220,CUST00021,2026-03-31 11:00:00,Transfer,671.99,Utilities,UPI,Unknown,0,1,False,False,False,False,False
TXN0001221,,2026-06-25 12:00:00,Debit,3066.04,Entertainment,Net Banking,Success,0,1,False,False,True,False,False
TXN0001222,CUST01048,2025-08-09 21:00:00,Debit,599.01,Investment,UPI,Failed,0,0,False,False,False,False,False
TXN0001223,CUST00887,2025-06-02 13:00:00,Transfer,600.1,Groceries,UPI,Success,0,0,False,False,False,False,False
TXN0001224,CUST00730,2025-07-23 04:00:00,Debit,1664.85,Investment,Credit Card,Pending,0,0,False,False,False,False,False
TXN0001225,CUST00048,2025-12-07 16:00:00,Debit,507.59,Investment,Debit Card,Success,0,1,False,False,False,False,False
TXN0001226,CUST00064,2026-03-17 04:00:00,Credit,15235.54,Groceries,Net Banking,Success,0,0,False,False,False,False,True
TXN0001227,CUST01039,2025-11-28 17:00:00,Transfer,494.97,Food,UPI,Failed,0,0,False,False,False,False,False
TXN0001228,CUST00174,2025-03-24 05:00:00,Transfer,654.97,Salary,Debit Card,Failed,0,0,False,False,False,False,False
TXN0001229,CUST00268,2025-11-14 12:00:00,Transfer,344.77,Healthcare,UPI,Success,0,1,False,False,False,False,False
TXN0001230,CUST00471,2026-07-21 05:00:00,Transfer,163.1,Travel,Credit Card,Success,0,0,False,False,False,False,False
TXN0001231,CUST00418,2025-06-04 05:00:00,Debit,661.16,Utilities,UPI,Success,0,0,False,False,False,False,False
TXN0001232,CUST00995,2025-01-18 07:00:00,Transfer,3780.61,Rent,Credit Card,Success,0,0,False,False,False,False,False
TXN0001233,CUST00896,2025-01-05 18:00:00,Transfer,5812.81,Rent,Credit Card,Success,0,1,False,False,False,False,False
TXN0001234,CUST00130,2026-03-09 22:00:00,Debit,1293.23,Healthcare,UPI,Success,0,0,False,False,False,False,False
TXN0001235,CUST00603,2025-12-13 01:00:00,Transfer,1708.74,Salary,UPI,Success,0,0,False,False,False,False,False
TXN0001236,CUST01163,2026-05-13 18:00:00,Transfer,581.48,Shopping,Net Banking,Success,0,0,False,False,False,False,False
TXN0001237,CUST01120,2025-06-27 06:00:00,Transfer,261.64,Groceries,UPI,Success,0,0,False,False,False,False,False
TXN0001238,CUST00748,2025-12-30 07:00:00,Debit,566.65,Groceries,UPI,Success,0,1,False,False,False,False,False
TXN0001239,CUST00224,2026-03-29 16:00:00,Transfer,724.96,Travel,UPI,Unknown,0,1,False,False,False,False,False
TXN0001240,CUST00120,2026-05-07 17:00:00,Credit,520.15,Utilities,Net Banking,Success,0,0,False,False,False,False,False
TXN0001241,CUST00215,2026-09-15 17:00:00,Transfer,618.92,Groceries,Debit Card,Success,0,0,False,False,False,False,False
TXN0001242,CUST00755,2025-04-03 08:00:00,Credit,706.37,Food,UPI,Failed,0,0,False,False,False,False,False
TXN0001243,CUST00831,2026-09-12 18:00:00,Debit,310.13,Rent,Debit Card,Success,0,0,False,False,False,False,False
TXN0001244,CUST01055,2026-06-15 04:00:00,Transfer,3442.53,Salary,Debit Card,Success,0,0,False,False,False,False,False
TXN0001245,CUST00846,2025-03-10 00:00:00,Debit,6949.38,Investment,Net Banking,Success,0,0,False,False,False,False,False
TXN0001246,CUST00795,2026-04-26 06:00:00,Debit,1231.36,Healthcare,UPI,Pending,0,0,False,False,False,False,False
TXN0001247,CUST01127,2025-07-28 18:00:00,Credit,795.63,Shopping,UPI,Pending,0,0,False,False,False,False,False
TXN0001248,CUST00914,2025-06-17 03:00:00,Debit,1640.45,Investment,Net Banking,Success,0,0,False,False,False,False,False
TXN0001249,CUST00486,2025-01-19 16:00:00,Debit,1229.57,Entertainment,UPI,Success,0,0,False,False,False,False,False
TXN0001250,CUST00881,2026-06-25 17:00:00,Credit,581.46,Travel,UPI,Success,0,1,False,False,False,False,False
TXN0001251,CUST00771,2025-01-29 17:00:00,Credit,774.4,Rent,UPI,Failed,0,0,False,False,False,False,False
TXN0001252,CUST00470,2026-01-23 11:00:00,Credit,2601.52,Travel,Net Banking,Success,0,1,False,False,False,False,False
TXN0001253,CUST01091,2025-06-15 11:00:00,Debit,3915.88,Investment,Debit Card,Success,0,0,False,False,False,False,False
TXN0001254,CUST00407,2025-06-26 00:00:00,Debit,50.0,Investment,Debit Card,Failed,0,1,False,False,False,False,False
TXN0001255,CUST00869,2025-01-16 10:00:00,Debit,2314.61,Unknown,UPI,Success,0,0,False,False,False,False,False
TXN0001256,CUST00751,2025-08-03 21:00:00,Transfer,542.26,Groceries,UPI,Failed,0,1,False,False,False,False,False
TXN0001257,CUST00154,2026-07-10 19:00:00,Debit,5744.55,Groceries,Credit Card,Success,0,0,False,False,False,False,False
TXN0001258,CUST00118,2026-06-09 06:00:00,Debit,359.48,Salary,UPI,Failed,0,0,False,False,False,False,False
TXN0001259,CUST00679,2025-07-28 20:00:00,Transfer,1405.71,Salary,UPI,Success,0,0,False,False,False,False,False
TXN0001260,CUST00163,2025-08-02 07:00:00,Debit,395.12,Rent,Unknown,Success,0,0,False,False,False,False,False
TXN0001261,CUST01132,2025-09-20 03:00:00,Debit,2218.95,Investment,Net Banking,Success,0,1,False,False,False,False,False
TXN0001262,CUST01117,2025-12-29 16:00:00,Transfer,864.57,Entertainment,ATM,Failed,0,0,False,False,False,False,False
TXN0001263,CUST00455,2025-03-28 21:00:00,Transfer,791.24,Shopping,Debit Card,Success,0,0,False,False,False,False,False
TXN0001264,CUST00983,2025-09-30 17:00:00,Debit,1096.265,Rent,Net Banking,Success,0,0,False,False,False,True,False
TXN0001265,CUST00714,2026-07-18 09:00:00,Debit,2343.23,Travel,Net Banking,Success,1,0,False,False,False,False,False
TXN0001266,CUST00094,2026-07-09 15:00:00,Transfer,325.03,Salary,UPI,Failed,0,1,False,False,False,False,False
TXN0001267,CUST00421,2026-04-12 20:00:00,Debit,1096.265,Investment,ATM,Failed,0,0,False,False,False,True,False
TXN0001268,CUST00234,2025-06-06 05:00:00,Credit,6169.06,Shopping,Net Banking,Success,0,0,False,False,False,False,False
TXN0001269,CUST00446,2026-07-12 00:00:00,Credit,99.56,Investment,UPI,Success,0,0,False,False,False,False,False
TXN0001270,CUST00109,2025-10-12 07:00:00,Debit,1290.98,Travel,UPI,Success,0,0,False,False,False,False,False
TXN0001271,CUST00374,2025-07-23 02:00:00,Debit,635.02,Utilities,UPI,Success,0,0,False,False,False,False,False
TXN0001272,CUST00219,2025-08-21 16:00:00,Debit,720.09,Groceries,Debit Card,Success,0,2,False,False,False,False,False
TXN0001273,CUST00744,2025-04-22 14:00:00,Credit,898.92,Utilities,Debit Card,Success,0,1,False,False,False,False,False
TXN0001274,CUST00304,2025-10-08 19:00:00,Transfer,114.56,Travel,Debit Card,Success,0,0,False,False,False,False,False
TXN0001275,CUST00246,2026-01-21 04:00:00,Debit,580.71,Rent,Credit Card,Success,0,0,False,False,False,False,False
TXN0001276,CUST00241,2026-09-08 21:00:00,Transfer,4563.02,Groceries,ATM,Success,1,0,False,False,False,False,False
TXN0001277,CUST00694,2026-07-14 16:00:00,Transfer,2535.44,Food,Debit Card,Success,0,0,False,False,False,False,False
TXN0001278,CUST01087,2026-08-08 01:00:00,Credit,435.88,Shopping,UPI,Success,0,1,False,False,False,False,False
TXN0001279,CUST00128,2026-06-09 20:00:00,Debit,4100.46,Salary,Debit Card,Success,0,0,False,False,False,False,False
TXN0001280,CUST00067,2025-04-30 02:00:00,Transfer,359.66,Salary,ATM,Success,0,1,False,False,False,False,False
TXN0001281,CUST00487,2025-04-23 08:00:00,Debit,743.52,Shopping,Credit Card,Success,0,1,False,False,False,False,False
TXN0001282,CUST00329,2026-07-31 13:00:00,Transfer,759.38,Rent,UPI,Success,1,0,False,False,False,False,False
TXN0001283,CUST01158,2025-07-08 07:00:00,Transfer,815.95,Entertainment,Debit Card,Success,0,1,False,False,False,False,False
TXN0001284,CUST00756,2026-09-25 05:00:00,Credit,519.02,Groceries,UPI,Success,0,1,False,False,False,False,False
TXN0001285,CUST01031,2025-07-13 19:00:00,Debit,1233.2,Salary,UPI,Success,0,0,False,False,False,False,False
TXN0001286,CUST00376,2026-04-09 17:00:00,Credit,1632.11,Salary,UPI,Success,0,0,False,False,False,False,False
TXN0001287,CUST00709,2025-06-30 20:00:00,Debit,1013.35,Investment,Debit Card,Success,0,0,False,False,False,False,False
TXN0001288,CUST00249,2025-06-28 08:00:00,Transfer,7689.68,Travel,Debit Card,Success,0,0,False,False,False,False,False
TXN0001289,CUST01035,2025-11-28 00:00:00,Transfer,2539.29,Healthcare,Net Banking,Failed,0,1,False,False,False,False,False
TXN0001290,CUST00383,2026-06-09 23:00:00,Debit,4146.03,Entertainment,Net Banking,Success,0,1,False,False,False,False,False
TXN0001291,CUST00020,2025-02-14 12:00:00,Debit,3741.54,Salary,UPI,Success,0,1,False,False,False,False,False
TXN0001292,CUST00721,2026-01-01 14:00:00,Credit,331.98,Salary,Net Banking,Success,0,3,False,False,False,False,False
TXN0001293,CUST00985,2026-08-29 03:00:00,Debit,245.25,Groceries,UPI,Success,0,0,False,False,False,False,False
TXN0001294,CUST00796,2026-07-27 07:00:00,Transfer,2320.52,Rent,ATM,Success,0,0,False,False,False,False,False
TXN0001295,CUST00251,2026-08-26 20:00:00,Transfer,3069.22,Food,Credit Card,Success,0,0,False,False,False,False,False
TXN0001296,CUST00787,2026-03-17 10:00:00,Debit,792.0,Entertainment,Debit Card,Success,0,0,False,False,False,False,False
TXN0001297,CUST00178,2026-08-22 22:00:00,Transfer,1019.78,Healthcare,UPI,Success,0,0,False,False,False,False,False
TXN0001298,CUST00919,2025-04-07 02:00:00,Transfer,664.77,Investment,UPI,Success,0,0,False,False,False,False,False
TXN0001299,CUST00389,2025-09-27 01:00:00,Debit,626.48,Shopping,UPI,Success,0,0,False,False,False,False,False
TXN0001300,CUST00358,2025-12-02 15:00:00,Debit,843.1,Salary,UPI,Failed,0,0,False,False,False,False,False
TXN0001301,CUST00220,2025-11-22 14:00:00,Transfer,447.19,Investment,Debit Card,Success,0,0,False,False,False,False,False
TXN0001302,CUST00642,2026-05-15 01:00:00,Transfer,3409.94,Rent,ATM,Success,0,0,False,False,False,False,False
TXN0001303,CUST00299,2025-05-13 01:00:00,Transfer,182.68,Entertainment,Debit Card,Success,0,0,False,False,False,False,False
TXN0001304,CUST00822,2025-10-14 01:00:00,Credit,575.02,Salary,Net Banking,Success,0,0,False,False,False,False,False
TXN0001305,CUST01168,2025-08-29 10:00:00,Transfer,771.25,Travel,Net Banking,Success,0,0,False,False,False,False,False
TXN0001306,CUST01118,2025-12-15 01:00:00,Debit,1729.54,Investment,UPI,Failed,0,0,False,False,False,False,False
TXN0001307,CUST00104,2026-07-28 09:00:00,Transfer,5925.43,Entertainment,Net Banking,Success,0,0,False,False,False,False,False
TXN0001308,CUST00083,2026-05-23 13:00:00,Debit,956.12,Rent,Net Banking,Success,0,0,False,False,False,False,False
TXN0001309,CUST00495,2025-05-08 05:00:00,Transfer,2084.56,Entertainment,Debit Card,Success,0,0,False,False,False,False,False
TXN0001310,CUST00566,2026-01-01 02:00:00,Debit,1096.265,Groceries,Debit Card,Success,0,0,False,False,False,True,False
TXN0001311,CUST00365,2025-07-22 16:00:00,Transfer,864.82,Shopping,UPI,Success,0,1,False,False,False,False,False
TXN0001312,CUST00687,2025-06-13 21:00:00,Debit,4263.71,Entertainment,UPI,Success,0,0,False,False,False,False,False
TXN0001313,CUST00784,2025-06-03 07:00:00,Transfer,1240.58,Rent,UPI,Success,0,0,False,False,False,False,False
TXN0001314,CUST00586,2026-06-21 21:00:00,Debit,1357.63,Shopping,UPI,Pending,0,1,False,False,False,False,False
TXN0001315,CUST00675,2026-03-01 08:00:00,Debit,399.86,Entertainment,UPI,Success,0,0,False,False,False,False,False
TXN0001316,CUST00250,2025-12-11 03:00:00,Transfer,885.72,Utilities,UPI,Success,0,0,False,False,False,False,False
TXN0001317,CUST01012,2025-05-28 01:00:00,Debit,3984.9,Healthcare,Debit Card,Failed,1,0,False,False,False,False,False
TXN0001318,CUST01049,2025-02-16 14:00:00,Transfer,1979.15,Healthcare,Unknown,Success,1,0,False,False,False,False,False
TXN0001319,CUST00221,2025-08-07 08:00:00,Credit,392.97,Groceries,Net Banking,Success,0,0,False,False,False,False,False
TXN0001320,CUST01190,2026-02-28 14:00:00,Debit,11810.64,Travel,UPI,Success,1,0,False,False,False,False,False
TXN0001321,CUST00482,2025-07-29 02:00:00,Credit,1019.4,Food,UPI,Failed,0,0,False,False,False,False,False
TXN0001322,CUST00050,2026-02-23 20:00:00,Debit,4531.26,Food,Debit Card,Success,0,0,False,False,False,False,False
TXN0001323,CUST00675,2026-07-15 01:00:00,Credit,4591.82,Investment,UPI,Success,0,0,False,False,False,False,False
TXN0001324,CUST00364,2026-03-04 19:00:00,Credit,2287.92,Rent,Credit Card,Success,0,0,False,False,False,False,False
TXN0001325,CUST00122,2026-03-15 13:00:00,Debit,291.68,Rent,UPI,Success,0,0,False,False,False,False,False
TXN0001326,CUST00826,2025-11-09 22:00:00,Transfer,1655.35,Investment,Net Banking,Success,0,0,False,False,False,False,False
TXN0001327,CUST00189,2025-03-16 02:00:00,Transfer,594.77,Groceries,UPI,Success,0,0,False,False,False,False,False
TXN0001328,CUST00199,2025-08-29 17:00:00,Transfer,262.2,Entertainment,UPI,Failed,0,0,False,False,False,False,False
TXN0001329,CUST00535,2025-08-26 23:00:00,Transfer,542.91,Rent,Credit Card,Success,0,1,False,False,False,False,False
TXN0001330,CUST00241,2026-08-10 04:00:00,Debit,413.16,Investment,ATM,Success,1,1,False,False,False,False,False
TXN0001331,CUST00870,2025-01-22 22:00:00,Debit,1510.32,Investment,Debit Card,Success,1,0,False,False,False,False,False
TXN0001332,CUST00350,2025-09-11 13:00:00,Credit,1165.13,Salary,UPI,Success,0,0,False,False,False,False,False
TXN0001333,CUST01141,2025-03-23 01:00:00,Debit,2100.38,Healthcare,UPI,Failed,0,0,False,False,False,False,False
TXN0001334,CUST00167,2026-03-14 04:00:00,Debit,943.93,Food,UPI,Success,0,0,False,False,False,False,False
TXN0001335,CUST00843,2025-07-31 04:00:00,Transfer,257.82,Entertainment,UPI,Success,0,0,False,False,False,False,False
TXN0001336,CUST00326,2026-01-23 11:00:00,Debit,273.64,Rent,UPI,Success,0,0,False,False,False,False,False
TXN0001337,CUST00634,2025-07-16 00:00:00,Credit,799.05,Shopping,Debit Card,Failed,1,0,False,False,False,False,False
TXN0001338,CUST00138,2025-08-28 07:00:00,Debit,2368.9,Groceries,UPI,Success,1,1,False,False,False,False,False
TXN0001339,CUST00154,2025-07-26 08:00:00,Transfer,1413.84,Entertainment,Net Banking,Success,0,1,False,False,False,False,False
TXN0001340,CUST01033,2025-06-10 09:00:00,Debit,985.1,Travel,Net Banking,Failed,0,0,False,False,False,False,False
TXN0001341,CUST01029,2026-01-01 06:00:00,Credit,1215.48,Rent,UPI,Failed,0,0,False,False,False,False,False
TXN0001342,CUST00711,2026-03-09 12:00:00,Debit,165.98,Food,ATM,Success,0,0,False,False,False,False,False
TXN0001343,CUST00733,2025-06-01 07:00:00,Debit,1884.22,Utilities,UPI,Failed,0,1,False,False,False,False,False
TXN0001344,CUST00721,2026-01-18 11:00:00,Transfer,4965.9,Shopping,Credit Card,Success,0,0,False,False,False,False,False
TXN0001345,CUST00458,2025-01-07 10:00:00,Transfer,2298.54,Groceries,UPI,Success,0,0,False,False,False,False,False
TXN0001346,CUST00641,2025-02-24 04:00:00,Debit,786.69,Groceries,Credit Card,Success,0,0,False,False,False,False,False
TXN0001347,CUST00216,2025-12-29 16:00:00,Debit,8438.38,Utilities,UPI,Success,0,0,False,False,False,False,False
TXN0001348,CUST00623,2025-01-16 21:00:00,Credit,449.7,Utilities,Debit Card,Success,0,1,False,False,False,False,False
TXN0001349,CUST00868,2025-06-07 15:00:00,Debit,545.05,Investment,UPI,Success,0,1,False,False,False,False,False
TXN0001350,CUST01017,2025-10-01 07:00:00,Credit,0.0,Investment,UPI,Success,0,0,False,True,False,False,False
TXN0001351,CUST00374,2026-02-18 09:00:00,Credit,621.32,Shopping,Net Banking,Success,0,1,False,False,False,False,False
TXN0001352,CUST00873,2025-04-20 20:00:00,Transfer,2939.25,Food,Credit Card,Success,0,0,False,False,False,False,False
TXN0001353,CUST01127,2025-12-07 18:00:00,Credit,2203.65,Entertainment,Debit Card,Success,0,0,False,False,False,False,False
TXN0001354,CUST00230,2026-04-22 23:00:00,Credit,1218.78,Healthcare,UPI,Success,0,0,False,False,False,False,False
TXN0001355,CUST00424,2025-06-06 00:00:00,Transfer,1902.36,Entertainment,UPI,Success,0,0,False,False,False,False,False
TXN0001356,CUST01078,2025-11-09 22:00:00,Transfer,3816.81,Food,Debit Card,Success,0,0,False,False,False,False,False
TXN0001357,CUST00152,2025-09-14 12:00:00,Credit,3493.99,Shopping,Debit Card,Success,1,0,False,False,False,False,False
TXN0001358,CUST00542,2025-01-08 20:00:00,Transfer,2351.32,Shopping,Debit Card,Success,0,0,False,False,False,False,False
TXN0001359,CUST00823,2025-05-11 15:00:00,Credit,3439.99,Food,UPI,Success,0,0,False,False,False,False,False
TXN0001360,CUST01178,2026-08-15 13:00:00,Debit,4374.28,Travel,UPI,Success,0,1,False,False,False,False,False
TXN0001361,CUST00586,2026-05-15 15:00:00,Debit,730.19,Travel,Credit Card,Success,0,0,False,False,False,False,False
TXN0001362,CUST01057,2026-08-22 23:00:00,Credit,408.32,Salary,Debit Card,Success,0,0,False,False,False,False,False
TXN0001363,CUST00627,2025-06-19 14:00:00,Transfer,4850.23,Rent,Credit Card,Success,0,0,False,False,False,False,False
TXN0001364,CUST00174,2025-10-21 14:00:00,Debit,929.51,Salary,Unknown,Success,1,0,False,False,False,False,False
TXN0001365,CUST00307,2026-05-09 14:00:00,Transfer,629.13,Investment,UPI,Failed,0,0,False,False,False,False,False
TXN0001366,CUST00894,2026-07-24 22:00:00,Debit,5592.99,Investment,UPI,Success,1,0,False,False,False,False,False
TXN0001367,CUST00892,2025-08-08 02:00:00,Transfer,4694.79,Salary,UPI,Success,0,2,False,False,False,False,False
TXN0001368,CUST00252,2025-12-01 08:00:00,Credit,1425.76,Food,UPI,Success,0,1,False,False,False,False,False
TXN0001369,CUST00106,2025-12-27 00:00:00,Debit,213.26,Food,Net Banking,Success,0,0,False,False,False,False,False
TXN0001370,CUST00131,2026-08-30 12:00:00,Credit,795.22,Investment,UPI,Success,1,0,False,False,False,False,False
TXN0001371,CUST00221,2025-03-27 07:00:00,Transfer,1402.14,Rent,Credit Card,Success,0,0,False,False,False,False,False
TXN0001372,CUST00535,2025-11-09 07:00:00,Credit,1517.93,Utilities,ATM,Success,0,0,False,False,False,False,False
TXN0001373,CUST00538,2025-11-04 03:00:00,Debit,1620.98,Rent,UPI,Success,0,0,False,False,False,False,False
TXN0001374,CUST00729,2025-11-29 11:00:00,Debit,222.24,Salary,Credit Card,Success,0,1,False,False,False,False,False
TXN0001375,CUST00099,2025-01-29 15:00:00,Debit,1338.9,Travel,UPI,Success,1,1,False,False,False,False,False
TXN0001376,CUST00655,2026-03-28 03:00:00,Transfer,163.58,Entertainment,UPI,Success,0,0,False,False,False,False,False
TXN0001377,CUST00510,2025-04-01 23:00:00,Credit,1736.63,Travel,Debit Card,Success,0,2,False,False,False,False,False
TXN0001378,CUST00891,2025-06-25 07:00:00,Debit,483.53,Entertainment,Debit Card,Pending,0,0,False,False,False,False,False
TXN0001379,CUST00865,2025-02-07 16:00:00,Debit,297.1,Investment,Net Banking,Success,0,0,False,False,False,False,False
TXN0001380,CUST00171,2025-05-23 15:00:00,Debit,2654.59,Healthcare,Debit Card,Success,0,1,False,False,False,False,False
TXN0001381,CUST00327,2026-08-12 21:00:00,Credit,2917.34,Salary,UPI,Success,0,0,False,False,False,False,False
TXN0001382,CUST00393,2025-09-09 19:00:00,Credit,6275.9,Salary,ATM,Success,0,0,False,False,False,False,False
TXN0001383,CUST00954,2025-07-04 19:00:00,Credit,1303.73,Healthcare,UPI,Success,0,0,False,False,False,False,False
TXN0001384,CUST00847,2026-01-11 23:00:00,Transfer,417.22,Investment,Credit Card,Success,0,0,False,False,False,False,False
TXN0001385,CUST00558,2025-05-20 17:00:00,Transfer,1666.73,Investment,Debit Card,Success,0,0,False,False,False,False,False
TXN0001386,CUST00189,2025-12-23 14:00:00,Transfer,27022.61,Shopping,UPI,Success,0,0,False,False,False,False,True
TXN0001387,CUST00392,2026-09-24 14:00:00,Transfer,660.39,Shopping,UPI,Pending,0,0,False,False,False,False,False
TXN0001388,CUST01071,2025-10-01 03:00:00,Debit,1650.41,Investment,UPI,Success,0,0,False,False,False,False,False
TXN0001389,CUST01070,2026-04-25 23:00:00,Transfer,2688.67,Entertainment,UPI,Success,0,0,False,False,False,False,False
TXN0001390,CUST00271,2026-04-02 15:00:00,Transfer,1054.2,Utilities,UPI,Failed,0,1,False,False,False,False,False
TXN0001391,CUST00123,2025-10-20 15:00:00,Debit,1192.17,Food,Unknown,Pending,0,1,False,False,False,False,False
TXN0001392,CUST00849,2025-04-08 16:00:00,Debit,196.27,Utilities,UPI,Success,0,0,False,False,False,False,False
TXN0001393,CUST00503,2025-09-11 03:00:00,Credit,558.31,Groceries,ATM,Success,0,0,False,False,False,False,False
TXN0001394,CUST01159,2025-12-28 23:00:00,Debit,2233.19,Investment,ATM,Success,0,0,False,False,False,False,False
TXN0001395,CUST00926,2025-10-31 16:00:00,Credit,11340.51,Investment,Net Banking,Success,0,0,False,False,False,False,False
TXN0001396,CUST00380,2025-05-11 08:00:00,Debit,866.73,Food,Unknown,Success,0,0,False,False,False,False,False
TXN0001397,CUST00679,2026-05-28 12:00:00,Debit,3897.13,Shopping,Net Banking,Failed,0,0,False,False,False,False,False
TXN0001398,CUST00431,2026-09-16 07:00:00,Credit,4600.32,Groceries,Debit Card,Success,0,0,False,False,False,False,False
TXN0001399,CUST00612,2026-05-26 09:00:00,Debit,1420.8,Food,UPI,Success,0,0,False,False,False,False,False
TXN0001400,CUST00639,2025-12-20 15:00:00,Debit,113.9,Travel,UPI,Success,0,2,False,False,False,False,False
TXN0001401,CUST00251,2025-10-27 19:00:00,Transfer,1102.64,Investment,Net Banking,Success,0,0,False,False,False,False,False
TXN0001402,CUST00894,2026-03-16 00:00:00,Debit,0.0,Shopping,Credit Card,Success,0,1,False,True,False,False,False
TXN0001403,CUST00863,2026-09-05 12:00:00,Credit,5326.86,Rent,Debit Card,Success,0,0,False,False,False,False,False
TXN0001404,CUST00590,2026-07-07 05:00:00,Transfer,435.02,Utilities,Debit Card,Success,0,0,False,False,False,False,False
TXN0001405,CUST00320,2025-06-06 17:00:00,Debit,1096.29,Entertainment,UPI,Success,0,0,False,False,False,False,False
TXN0001406,CUST00457,2026-09-08 19:00:00,Transfer,2092.04,Healthcare,ATM,Success,0,0,False,False,False,False,False
TXN0001407,CUST00350,2025-08-29 10:00:00,Debit,923.09,Shopping,UPI,Success,0,1,False,False,False,False,False
TXN0001408,CUST00166,2026-04-24 03:00:00,Debit,769.47,Healthcare,Credit Card,Success,0,1,False,False,False,False,False
TXN0001409,CUST00089,2025-09-12 05:00:00,Debit,1601.7,Utilities,Debit Card,Success,0,0,False,False,False,False,False
TXN0001410,CUST00738,2026-01-18 19:00:00,Credit,1768.78,Travel,Debit Card,Success,0,0,False,False,False,False,False
TXN0001411,CUST00883,2026-05-27 16:00:00,Transfer,307.6,Utilities,Debit Card,Success,0,1,False,False,False,False,False
TXN0001412,CUST00725,2026-09-16 02:00:00,Debit,823.47,Investment,UPI,Success,0,0,False,False,False,False,False
TXN0001413,CUST00954,2026-02-01 02:00:00,Transfer,150.1,Investment,Net Banking,Pending,0,0,False,False,False,False,False
TXN0001414,CUST01005,2026-03-18 03:00:00,Credit,8854.31,Food,Debit Card,Success,0,0,False,False,False,False,False
TXN0001415,CUST00792,2025-07-01 15:00:00,Transfer,2145.22,Salary,UPI,Failed,0,1,False,False,False,False,False
TXN0001416,CUST00994,2026-03-31 00:00:00,Debit,6333.47,Healthcare,Debit Card,Success,0,0,False,False,False,False,False
TXN0001417,CUST00682,2025-02-01 05:00:00,Credit,678.58,Rent,UPI,Success,0,0,False,False,False,False,False
TXN0001418,CUST00275,2026-04-01 06:00:00,Transfer,2922.64,Investment,Net Banking,Success,0,1,False,False,False,False,False
TXN0001419,CUST00353,2026-08-25 19:00:00,Transfer,268.85,Healthcare,UPI,Success,0,0,False,False,False,False,False
TXN0001420,CUST00802,2026-07-07 23:00:00,Debit,2653.09,Investment,Debit Card,Success,0,1,False,False,False,False,False
TXN0001421,CUST00403,2025-08-15 12:00:00,Debit,983.85,Shopping,Net Banking,Success,0,0,False,False,False,False,False
TXN0001422,CUST00111,2026-06-19 12:00:00,Credit,4392.34,Shopping,UPI,Success,0,0,False,False,False,False,False
TXN0001423,CUST00965,2026-05-12 12:00:00,Debit,3057.02,Utilities,Net Banking,Success,0,1,False,False,False,False,False
TXN0001424,CUST01046,2026-03-15 07:00:00,Credit,67.88,Rent,Unknown,Success,0,0,False,False,False,False,False
TXN0001425,CUST00504,2025-04-08 23:00:00,Debit,1529.24,Entertainment,Debit Card,Failed,0,0,False,False,False,False,False
TXN0001426,CUST00393,2025-06-26 01:00:00,Credit,5350.59,Healthcare,UPI,Success,0,1,False,False,False,False,False
TXN0001427,CUST00810,2025-08-07 08:00:00,Debit,202.77,Groceries,Debit Card,Failed,0,0,False,False,False,False,False
TXN0001428,CUST00027,2025-11-20 20:00:00,Debit,1725.94,Investment,Net Banking,Pending,0,0,False,False,False,False,False
TXN0001429,CUST00189,2026-07-08 05:00:00,Credit,1195.13,Food,Credit Card,Success,0,1,False,False,False,False,False
TXN0001430,CUST00316,2025-08-08 18:00:00,Credit,526.93,Utilities,UPI,Success,0,0,False,False,False,False,False
TXN0001431,CUST00970,2025-11-06 03:00:00,Debit,1893.42,Healthcare,Credit Card,Success,0,0,False,False,False,False,False
TXN0001432,CUST00880,2025-11-26 06:00:00,Transfer,1579.89,Shopping,ATM,Success,0,0,False,False,False,False,False
TXN0001433,CUST00393,2025-05-22 11:00:00,Debit,876.97,Rent,ATM,Success,0,0,False,False,False,False,False
TXN0001434,CUST00512,2026-07-01 05:00:00,Credit,118.31,Travel,UPI,Success,0,1,False,False,False,False,False
TXN0001435,CUST01112,2025-11-24 14:00:00,Debit,1181.58,Entertainment,UPI,Success,0,1,False,False,False,False,False
TXN0001436,CUST00189,2025-09-27 04:00:00,Debit,1210.46,Rent,UPI,Success,0,0,False,False,False,False,False
TXN0001437,CUST00890,2026-04-26 10:00:00,Debit,82.07,Investment,UPI,Success,0,1,False,False,False,False,False
TXN0001438,CUST01164,2025-06-10 00:00:00,Debit,2615.12,Healthcare,Credit Card,Success,0,0,False,False,False,False,False
TXN0001439,CUST00012,2025-04-01 07:00:00,Debit,578.91,Rent,UPI,Success,0,0,False,False,False,False,False
TXN0001440,CUST01171,2025-05-31 22:00:00,Debit,2330.3,Salary,Net Banking,Success,0,0,False,False,False,False,False
TXN0001441,CUST00164,2025-10-02 11:00:00,Debit,1324.05,Salary,Credit Card,Success,0,1,False,False,False,False,False
TXN0001442,CUST00244,2025-10-05 06:00:00,Credit,618.55,Travel,UPI,Success,0,0,False,False,False,False,False
TXN0001443,CUST00936,2025-06-27 10:00:00,Transfer,4916.86,Investment,Unknown,Success,1,0,False,False,False,False,False
TXN0001444,CUST01164,2026-04-06 12:00:00,Debit,1416.57,Shopping,Debit Card,Success,0,1,False,False,False,False,False
TXN0001445,CUST00751,2025-12-05 02:00:00,Credit,752.93,Rent,Credit Card,Success,0,1,False,False,False,False,False
TXN0001446,CUST00364,2026-09-24 11:00:00,Debit,282.47,Utilities,UPI,Success,0,1,False,False,False,False,False
TXN0001447,CUST00197,2025-04-03 05:00:00,Transfer,350.21,Travel,Debit Card,Success,0,1,False,False,False,False,False
TXN0001448,CUST00838,2025-02-19 03:00:00,Transfer,1438.42,Investment,Net Banking,Success,0,0,False,False,False,False,False
TXN0001449,CUST00575,2025-04-20 01:00:00,Transfer,2115.11,Travel,Credit Card,Success,1,0,False,False,False,False,False
TXN0001450,CUST01182,2025-01-06 11:00:00,Debit,1734.78,Salary,Credit Card,Failed,0,0,False,False,False,False,False
TXN0001451,CUST00041,2025-07-19 17:00:00,Credit,536.94,Food,UPI,Success,0,0,False,False,False,False,False
TXN0001452,CUST00979,2026-01-28 05:00:00,Transfer,1957.22,Utilities,UPI,Success,0,0,False,False,False,False,False
TXN0001453,CUST00123,2026-07-24 03:00:00,Credit,1676.18,Groceries,UPI,Pending,0,0,False,False,False,False,False
TXN0001454,CUST00197,2025-02-08 02:00:00,Credit,1147.45,Entertainment,UPI,Success,0,0,False,False,False,False,False
TXN0001455,CUST00454,2026-06-22 02:00:00,Debit,679.77,Travel,Credit Card,Pending,0,1,False,False,False,False,False
TXN0001456,CUST01152,2025-07-02 17:00:00,Debit,345.82,Food,UPI,Success,0,0,False,False,False,False,False
TXN0001457,CUST00192,2026-02-08 23:00:00,Debit,1211.13,Shopping,UPI,Success,0,1,False,False,False,False,False
TXN0001458,CUST00895,2025-07-28 05:00:00,Credit,8774.24,Groceries,Net Banking,Success,0,0,False,False,False,False,False
TXN0001459,CUST01098,2026-05-04 10:00:00,Transfer,2599.22,Food,UPI,Success,0,0,False,False,False,False,False
TXN0001460,CUST00148,2026-04-03 09:00:00,Transfer,421.23,Food,UPI,Success,0,0,False,False,False,False,False
TXN0001461,CUST00232,2026-08-04 14:00:00,Debit,3628.53,Healthcare,ATM,Pending,0,0,False,False,False,False,False
TXN0001462,CUST00068,2025-01-19 01:00:00,Debit,3685.0,Rent,Net Banking,Failed,0,0,False,False,False,False,False
TXN0001463,CUST00879,2026-02-04 22:00:00,Debit,729.38,Rent,UPI,Success,0,0,False,False,False,False,False
TXN0001464,CUST01135,2026-09-20 09:00:00,Debit,360.15,Utilities,UPI,Success,0,0,False,False,False,False,False
TXN0001465,CUST00957,2026-03-30 20:00:00,Debit,2535.99,Rent,Debit Card,Success,0,0,False,False,False,False,False
TXN0001466,CUST00955,2025-06-14 06:00:00,Credit,1957.53,Shopping,UPI,Success,0,0,False,False,False,False,False
TXN0001467,CUST00626,2026-01-17 21:00:00,Transfer,815.12,Rent,UPI,Success,0,1,False,False,False,False,False
TXN0001468,CUST00472,2026-04-09 07:00:00,Debit,401.75,Entertainment,Net Banking,Failed,0,0,False,False,False,False,False
TXN0001469,CUST01096,2025-02-23 18:00:00,Debit,539.91,Travel,UPI,Success,0,1,False,False,False,False,False
TXN0001470,CUST00131,2025-12-13 08:00:00,Debit,2288.84,Shopping,UPI,Success,1,0,False,False,False,False,False
TXN0001471,CUST00924,2025-09-26 02:00:00,Debit,810.28,Salary,Credit Card,Success,0,0,False,False,False,False,False
TXN0001472,CUST00657,2025-02-12 06:00:00,Credit,1893.89,Shopping,Net Banking,Success,0,0,False,False,False,False,False
TXN0001473,CUST01069,2026-07-04 09:00:00,Debit,3153.94,Healthcare,UPI,Success,0,1,False,False,False,False,False
TXN0001474,CUST00631,2025-08-21 00:00:00,Debit,2776.82,Rent,UPI,Success,0,0,False,False,False,False,False
TXN0001475,CUST00736,2026-05-06 03:00:00,Debit,1747.06,Salary,UPI,Success,0,0,False,False,False,False,False
TXN0001476,CUST00701,2025-04-11 04:00:00,Transfer,2071.46,Healthcare,UPI,Success,0,0,False,False,False,False,False
TXN0001477,CUST00333,2025-04-07 06:00:00,Debit,609.76,Groceries,Net Banking,Success,0,1,False,False,False,False,False
TXN0001478,CUST00316,2026-07-21 16:00:00,Transfer,767.81,Healthcare,UPI,Success,0,0,False,False,False,False,False
TXN0001479,CUST00130,2025-09-09 02:00:00,Debit,1508.62,Healthcare,Debit Card,Success,0,0,False,False,False,False,False
TXN0001480,CUST00668,2025-07-03 03:00:00,Debit,2213.85,Healthcare,Debit Card,Success,0,0,False,False,False,False,False
TXN0001481,CUST01087,2026-08-27 23:00:00,Credit,1780.37,Food,Unknown,Success,0,0,False,False,False,False,False
TXN0001482,CUST00759,2026-03-14 13:00:00,Transfer,1187.62,Travel,UPI,Pending,0,0,False,False,False,False,False
TXN0001483,CUST00998,2026-03-08 17:00:00,Transfer,434.98,Investment,UPI,Success,0,0,False,False,False,False,False
TXN0001484,CUST00342,2025-08-22 14:00:00,Credit,408.2,Shopping,Credit Card,Success,0,0,False,False,False,False,False
TXN0001485,CUST00048,2026-09-25 00:00:00,Debit,1642.55,Utilities,Debit Card,Success,0,1,False,False,False,False,False
TXN0001486,CUST00672,2025-04-15 22:00:00,Debit,764.04,Entertainment,UPI,Success,0,0,False,False,False,False,False
TXN0001487,CUST01122,2025-04-21 15:00:00,Transfer,539.75,Shopping,UPI,Success,0,1,False,False,False,False,False
TXN0001488,CUST00627,2025-12-09 16:00:00,Transfer,471.18,Groceries,UPI,Success,0,1,False,False,False,False,False
TXN0001489,CUST00244,2026-04-28 18:00:00,Transfer,657.71,Entertainment,Debit Card,Success,0,0,False,False,False,False,False
TXN0001490,CUST01034,2025-09-19 02:00:00,Debit,1618.45,Investment,Net Banking,Success,0,0,False,False,False,False,False
TXN0001491,CUST01100,2026-05-23 16:00:00,Debit,410.06,Utilities,Net Banking,Failed,0,0,False,False,False,False,False
TXN0001492,CUST00188,2026-01-21 15:00:00,Transfer,1064.13,Investment,UPI,Success,0,0,False,False,False,False,False
TXN0001493,CUST00133,2026-07-10 11:00:00,Debit,384.01,Food,Credit Card,Success,0,0,False,False,False,False,False
TXN0001494,CUST01009,2025-07-03 16:00:00,Transfer,628.77,Food,UPI,Success,0,0,False,False,False,False,False
TXN0001495,CUST00377,2025-11-02 19:00:00,Debit,746.92,Investment,UPI,Failed,0,0,False,False,False,False,False
TXN0001496,CUST00087,2026-08-07 07:00:00,Debit,2539.13,Groceries,Debit Card,Success,0,0,False,False,False,False,False
TXN0001497,CUST00681,2025-07-12 19:00:00,Credit,7991.07,Salary,UPI,Success,1,1,False,False,False,False,False
TXN0001498,CUST00271,2026-05-09 15:00:00,Debit,158.22,Rent,Debit Card,Success,0,0,False,False,False,False,False
TXN0001499,CUST00978,2025-06-20 13:00:00,Credit,2157.12,Healthcare,UPI,Success,0,1,False,False,False,False,False
TXN0001500,CUST00327,2025-05-04 11:00:00,Debit,4443.64,Healthcare,UPI,Pending,0,0,False,False,False,False,False
TXN0001501,CUST00455,2026-06-16 08:00:00,Debit,328.49,Shopping,Net Banking,Success,1,0,False,False,False,False,False
TXN0001502,CUST00842,2025-09-17 23:00:00,Credit,948.76,Food,Credit Card,Success,0,0,False,False,False,False,False
TXN0001503,CUST00571,2025-10-27 19:00:00,Credit,1203.53,Groceries,Debit Card,Success,0,0,False,False,False,False,False
TXN0001504,CUST00474,2025-06-16 07:00:00,Debit,406.14,Rent,UPI,Success,0,1,False,False,False,False,False
TXN0001505,CUST00685,2025-02-05 20:00:00,Credit,10158.5,Utilities,UPI,Success,0,0,False,False,False,False,False
TXN0001506,CUST00089,2026-07-02 11:00:00,Debit,1514.88,Food,Credit Card,Success,0,0,False,False,False,False,False
TXN0001507,CUST00651,2026-09-22 10:00:00,Debit,729.7,Food,UPI,Success,0,0,False,False,False,False,False
TXN0001508,CUST00533,2026-01-01 01:00:00,Transfer,1601.52,Healthcare,Credit Card,Success,0,0,False,False,False,False,False
TXN0001509,CUST00332,2026-02-12 03:00:00,Debit,2221.29,Salary,UPI,Success,0,1,False,False,False,False,False
TXN0001510,CUST00876,2025-12-30 23:00:00,Transfer,1483.77,Groceries,UPI,Success,0,0,False,False,False,False,False
TXN0001511,CUST00746,2026-07-06 19:00:00,Debit,1369.39,Unknown,ATM,Success,1,1,False,False,False,False,False
TXN0001512,CUST00031,2026-07-09 12:00:00,Debit,2017.3,Salary,Debit Card,Failed,0,0,False,False,False,False,False
TXN0001513,CUST00640,2025-01-06 15:00:00,Credit,2112.7,Salary,Debit Card,Success,0,0,False,False,False,False,False
TXN0001514,CUST00788,2026-05-25 00:00:00,Debit,1694.54,Healthcare,UPI,Success,0,0,False,False,False,False,False
TXN0001515,CUST00071,2025-02-02 07:00:00,Credit,275.58,Healthcare,UPI,Success,0,0,False,False,False,False,False
TXN0001516,CUST00936,2025-07-18 02:00:00,Credit,267.4,Food,UPI,Success,0,0,False,False,False,False,False
TXN0001517,CUST00336,2026-02-21 17:00:00,Debit,997.41,Shopping,Credit Card,Success,1,1,False,False,False,False,False
TXN0001518,CUST01103,2025-01-21 16:00:00,Transfer,928.46,Travel,Debit Card,Success,0,0,False,False,False,False,False
TXN0001519,CUST00726,2025-09-06 09:00:00,Debit,1186.65,Investment,UPI,Pending,0,1,False,False,False,False,False
TXN0001520,CUST00808,2026-07-10 08:00:00,Transfer,304.56,Entertainment,UPI,Success,0,0,False,False,False,False,False
TXN0001521,CUST00795,2025-01-31 12:00:00,Debit,473.88,Salary,UPI,Success,0,0,False,False,False,False,False
TXN0001522,CUST00502,2026-06-18 12:00:00,Transfer,252.6,Shopping,UPI,Success,0,1,False,False,False,False,False
TXN0001523,CUST00127,2025-04-04 23:00:00,Transfer,3083.3,Groceries,UPI,Success,0,0,False,False,False,False,False
TXN0001524,CUST00112,2025-01-10 11:00:00,Debit,1249.02,Travel,Debit Card,Success,0,0,False,False,False,False,False
TXN0001525,CUST00811,2025-08-19 19:00:00,Transfer,441.97,Shopping,UPI,Success,0,0,False,False,False,False,False
TXN0001526,CUST00061,2025-04-24 23:00:00,Transfer,2065.45,Rent,ATM,Success,0,1,False,False,False,False,False
TXN0001527,CUST01155,2025-12-13 21:00:00,Transfer,451.82,Entertainment,Debit Card,Success,0,0,False,False,False,False,False
TXN0001528,CUST00481,2025-08-26 02:00:00,Transfer,559.38,Rent,UPI,Success,0,0,False,False,False,False,False
TXN0001529,CUST00460,2026-05-20 04:00:00,Transfer,4148.45,Groceries,UPI,Success,0,0,False,False,False,False,False
TXN0001530,CUST00634,2026-07-22 20:00:00,Debit,386.2,Rent,Net Banking,Failed,0,0,False,False,False,False,False
TXN0001531,CUST00497,2025-01-03 06:00:00,Debit,539.08,Investment,Debit Card,Success,0,0,False,False,False,False,False
TXN0001532,CUST00319,2025-09-06 15:00:00,Debit,1509.09,Salary,UPI,Success,0,1,False,False,False,False,False
TXN0001533,CUST00404,2025-01-23 11:00:00,Transfer,1135.24,Salary,UPI,Success,0,0,False,False,False,False,False
TXN0001534,CUST00537,2025-10-26 17:00:00,Transfer,249.37,Salary,UPI,Success,0,0,False,False,False,False,False
TXN0001535,CUST01102,2025-10-23 00:00:00,Debit,413.55,Salary,Debit Card,Success,0,1,False,False,False,False,False
TXN0001536,CUST00435,2025-03-06 23:00:00,Transfer,281.3,Investment,Debit Card,Success,1,0,False,False,False,False,False
TXN0001537,CUST00531,2026-04-10 14:00:00,Transfer,146.92,Salary,Debit Card,Success,0,0,False,False,False,False,False
TXN0001538,CUST01120,2025-08-20 07:00:00,Debit,1487.3,Utilities,Credit Card,Success,0,0,False,False,False,False,False
TXN0001539,CUST00386,2025-01-27 22:00:00,Debit,2424.72,Rent,UPI,Success,0,0,False,False,False,False,False
TXN0001540,CUST00652,2025-09-11 11:00:00,Transfer,2055.26,Utilities,UPI,Success,0,0,False,False,False,False,False
TXN0001541,CUST00849,2025-04-22 00:00:00,Debit,21751.99,Shopping,ATM,Success,0,0,False,False,False,False,True
TXN0001542,CUST00734,2026-08-16 10:00:00,Debit,1253.16,Groceries,UPI,Success,0,0,False,False,False,False,False
TXN0001543,CUST00008,2025-11-05 03:00:00,Transfer,266.84,Salary,Credit Card,Pending,0,0,False,False,False,False,False
TXN0001544,CUST00271,2026-02-06 00:00:00,Credit,189.88,Shopping,Credit Card,Success,0,0,False,False,False,False,False
TXN0001545,CUST00094,2025-01-27 02:00:00,Debit,1612.77,Salary,Debit Card,Failed,0,0,False,False,False,False,False
TXN0001546,CUST00912,2025-02-12 17:00:00,Credit,488.68,Travel,Debit Card,Success,0,1,False,False,False,False,False
TXN0001547,CUST00008,2026-09-21 19:00:00,Debit,534.4,Healthcare,Debit Card,Success,0,1,False,False,False,False,False
TXN0001548,CUST00073,2025-11-24 21:00:00,Transfer,1726.47,Healthcare,Credit Card,Failed,0,0,False,False,False,False,False
TXN0001549,CUST00298,2026-05-14 04:00:00,Debit,1263.27,Healthcare,Net Banking,Success,1,0,False,False,False,False,False
TXN0001550,CUST00245,2025-03-10 01:00:00,Credit,1295.73,Salary,Debit Card,Success,0,0,False,False,False,False,False
TXN0001551,CUST00733,2025-11-05 16:00:00,Transfer,3780.67,Utilities,Debit Card,Success,0,0,False,False,False,False,False
TXN0001552,CUST01121,2026-06-07 00:00:00,Debit,6523.89,Shopping,UPI,Success,0,0,False,False,False,False,False
TXN0001553,CUST00355,2026-09-27 13:00:00,Transfer,446.63,Travel,Debit Card,Success,0,0,False,False,False,False,False
TXN0001554,CUST01011,2026-05-29 08:00:00,Credit,957.58,Shopping,ATM,Success,0,0,False,False,False,False,False
TXN0001555,CUST00793,2025-04-01 08:00:00,Transfer,2552.98,Food,Debit Card,Success,0,0,False,False,False,False,False
TXN0001556,CUST00873,2026-05-31 10:00:00,Transfer,883.43,Entertainment,Credit Card,Success,0,0,False,False,False,False,False
TXN0001557,CUST01127,2026-06-23 13:00:00,Transfer,832.58,Healthcare,Credit Card,Success,0,0,False,False,False,False,False
TXN0001558,CUST01047,2025-06-20 15:00:00,Debit,809.23,Investment,Net Banking,Success,0,0,False,False,False,False,False
TXN0001559,CUST00529,2025-03-26 04:00:00,Debit,2813.06,Salary,UPI,Success,0,0,False,False,False,False,False
TXN0001560,CUST00271,2025-04-04 19:00:00,Debit,7056.28,Investment,Credit Card,Success,0,0,False,False,False,False,False
TXN0001561,CUST00427,2025-11-27 23:00:00,Transfer,1483.77,Healthcare,UPI,Success,0,0,False,False,False,False,False
TXN0001562,CUST00991,2025-02-06 01:00:00,Credit,455.98,Investment,ATM,Failed,0,1,False,False,False,False,False
TXN0001563,CUST00064,2025-07-27 11:00:00,Credit,1215.64,Salary,Debit Card,Success,0,0,False,False,False,False,False
TXN0001564,CUST00547,2026-03-09 12:00:00,Debit,718.55,Utilities,UPI,Success,0,0,False,False,False,False,False
TXN0001565,CUST00330,2025-08-28 19:00:00,Transfer,914.07,Entertainment,UPI,Success,0,1,False,False,False,False,False
TXN0001566,CUST00902,2026-07-24 04:00:00,Credit,1691.52,Shopping,ATM,Success,0,0,False,False,False,False,False
TXN0001567,CUST00622,2026-01-22 14:00:00,Debit,1019.45,Rent,Net Banking,Success,1,0,False,False,False,False,False
TXN0001568,CUST01053,2025-05-03 22:00:00,Debit,320.36,Rent,Net Banking,Success,0,0,False,False,False,False,False
TXN0001569,CUST00788,2026-02-06 07:00:00,Debit,7035.8,Rent,Debit Card,Success,0,0,False,False,False,False,False
TXN0001570,CUST00119,2025-07-03 19:00:00,Debit,1976.65,Rent,UPI,Success,0,0,False,False,False,False,False
TXN0001571,CUST01141,2025-10-08 14:00:00,Debit,377.8,Groceries,Unknown,Success,0,0,False,False,False,False,False
TXN0001572,CUST00641,2025-05-01 17:00:00,Transfer,7426.58,Shopping,UPI,Pending,0,0,False,False,False,False,False
TXN0001573,CUST00376,2025-05-14 04:00:00,Transfer,499.43,Entertainment,UPI,Success,0,1,False,False,False,False,False
TXN0001574,CUST00980,2025-11-24 23:00:00,Transfer,752.19,Salary,UPI,Success,0,0,False,False,False,False,False
TXN0001575,CUST00305,2025-09-27 12:00:00,Credit,6589.24,Entertainment,UPI,Success,0,0,False,False,False,False,False
TXN0001576,CUST00668,2026-04-02 05:00:00,Transfer,7171.91,Shopping,ATM,Success,0,0,False,False,False,False,False
TXN0001577,CUST00874,2026-06-21 16:00:00,Debit,297.21,Shopping,UPI,Success,1,0,False,False,False,False,False
TXN0001578,CUST00976,2025-07-14 03:00:00,Debit,1869.32,Salary,ATM,Success,0,0,False,False,False,False,False
TXN0001579,CUST00539,2026-01-13 22:00:00,Debit,250.82,Travel,Debit Card,Success,0,0,False,False,False,False,False
TXN0001580,CUST00752,2026-05-22 03:00:00,Transfer,551.52,Groceries,Net Banking,Success,0,1,False,False,False,False,False
TXN0001581,CUST00675,2026-05-19 18:00:00,Transfer,509.91,Groceries,Debit Card,Success,0,0,False,False,False,False,False
TXN0001582,CUST00883,2025-02-11 02:00:00,Transfer,163.35,Investment,UPI,Success,0,0,False,False,False,False,False
TXN0001583,CUST00146,2025-09-20 10:00:00,Transfer,821.32,Healthcare,Debit Card,Pending,0,0,False,False,False,False,False
TXN0001584,CUST00565,2026-05-21 04:00:00,Debit,975.88,Shopping,Credit Card,Success,0,0,False,False,False,False,False
TXN0001585,CUST00008,2026-03-07 01:00:00,Transfer,622.1,Entertainment,ATM,Success,1,0,False,False,False,False,False
TXN0001586,CUST00924,2025-03-29 15:00:00,Debit,722.43,Healthcare,Debit Card,Success,0,1,False,False,False,False,False
TXN0001587,CUST00484,2025-10-28 19:00:00,Debit,926.15,Entertainment,UPI,Failed,0,1,False,False,False,False,False
TXN0001588,CUST00804,2025-10-06 22:00:00,Debit,1247.37,Rent,Net Banking,Success,0,1,False,False,False,False,False
TXN0001589,CUST00699,2026-05-08 23:00:00,Debit,1249.2,Groceries,Net Banking,Success,0,0,False,False,False,False,False
TXN0001590,CUST00609,2026-04-22 22:00:00,Transfer,878.54,Salary,Debit Card,Pending,0,0,False,False,False,False,False
TXN0001591,CUST00022,2025-09-23 02:00:00,Transfer,243.43,Rent,Debit Card,Success,0,0,False,False,False,False,False
TXN0001592,CUST00675,2025-12-09 04:00:00,Credit,2560.21,Travel,Debit Card,Success,0,0,False,False,False,False,False
TXN0001593,CUST00823,2025-03-06 10:00:00,Credit,272.82,Salary,Net Banking,Success,0,1,False,False,False,False,False
TXN0001594,CUST00039,2026-08-19 20:00:00,Debit,3006.55,Healthcare,Debit Card,Success,0,0,False,False,False,False,False
TXN0001595,CUST00120,2026-07-28 07:00:00,Debit,2875.03,Groceries,Unknown,Success,0,0,False,False,False,False,False
TXN0001596,CUST00938,2025-03-20 04:00:00,Debit,4420.71,Utilities,Debit Card,Success,0,0,False,False,False,False,False
TXN0001597,CUST00268,2025-08-27 01:00:00,Transfer,3412.91,Food,Debit Card,Success,0,0,False,False,False,False,False
TXN0001598,CUST00323,2026-06-03 12:00:00,Debit,1594.29,Investment,Credit Card,Success,0,1,False,False,False,False,False
TXN0001599,CUST00354,2025-07-04 07:00:00,Debit,1624.09,Shopping,Debit Card,Success,0,0,False,False,False,False,False
TXN0001600,CUST00235,2025-07-06 20:00:00,Debit,384.34,Utilities,ATM,Success,0,0,False,False,False,False,False
TXN0001601,CUST00263,2026-08-03 10:00:00,Debit,1912.88,Shopping,Credit Card,Success,0,0,False,False,False,False,False
TXN0001602,CUST00799,2026-02-20 04:00:00,Credit,1250.35,Investment,Debit Card,Pending,0,0,False,False,False,False,False
TXN0001603,CUST00158,2025-07-18 11:00:00,Debit,1108.99,Salary,UPI,Pending,0,1,False,False,False,False,False
TXN0001604,CUST00161,2025-04-29 08:00:00,Debit,659.76,Investment,Debit Card,Success,0,0,False,False,False,False,False
TXN0001605,CUST00532,2026-09-09 15:00:00,Debit,328.14,Groceries,Debit Card,Success,0,1,False,False,False,False,False
TXN0001606,CUST00858,2025-05-12 02:00:00,Transfer,706.88,Rent,UPI,Pending,0,0,False,False,False,False,False
TXN0001607,CUST00222,2025-05-06 05:00:00,Debit,2610.08,Utilities,Net Banking,Pending,0,0,False,False,False,False,False
TXN0001608,CUST00582,2025-04-04 12:00:00,Credit,109.9,Healthcare,Credit Card,Success,0,0,False,False,False,False,False
TXN0001609,CUST00192,2026-09-29 05:00:00,Debit,717.72,Travel,Net Banking,Success,0,1,False,False,False,False,False
TXN0001610,CUST00684,2026-07-17 11:00:00,Transfer,2527.34,Travel,Debit Card,Success,0,0,False,False,False,False,False
TXN0001611,CUST00435,2025-04-15 13:00:00,Credit,647.32,Entertainment,Net Banking,Success,0,0,False,False,False,False,False
TXN0001612,CUST00762,2025-08-25 14:00:00,Debit,519.45,Entertainment,Debit Card,Success,0,0,False,False,False,False,False
TXN0001613,CUST01110,2026-08-05 15:00:00,Debit,3648.59,Shopping,UPI,Success,0,0,False,False,False,False,False
TXN0001614,CUST00682,2025-03-19 17:00:00,Debit,519.15,Healthcare,Credit Card,Success,0,0,False,False,False,False,False
TXN0001615,CUST00120,2026-05-11 19:00:00,Transfer,1533.32,Salary,UPI,Success,0,0,False,False,False,False,False
TXN0001616,CUST00749,2026-05-04 19:00:00,Credit,2831.69,Entertainment,Net Banking,Success,0,1,False,False,False,False,False
TXN0001617,CUST00461,2026-04-15 13:00:00,Credit,1634.37,Groceries,Credit Card,Success,0,1,False,False,False,False,False
TXN0001618,CUST00211,2026-01-01 08:00:00,Debit,1246.76,Entertainment,UPI,Failed,1,0,False,False,False,False,False
TXN0001619,CUST00369,2026-01-21 02:00:00,Transfer,3065.32,Entertainment,ATM,Success,0,1,False,False,False,False,False
TXN0001620,CUST01020,2026-07-14 08:00:00,Credit,7620.38,Investment,Net Banking,Success,0,0,False,False,False,False,False
TXN0001621,CUST00687,2025-03-09 11:00:00,Transfer,50.0,Utilities,Net Banking,Success,0,0,False,False,False,False,False
TXN0001622,CUST00536,2025-04-26 22:00:00,Transfer,659.68,Salary,UPI,Success,1,0,False,False,False,False,False
TXN0001623,CUST00670,2025-11-03 05:00:00,Credit,733.14,Healthcare,Net Banking,Success,0,0,False,False,False,False,False
TXN0001624,CUST00988,2025-03-19 10:00:00,Debit,399.77,Rent,UPI,Success,0,1,False,False,False,False,False
TXN0001625,CUST00442,2026-02-09 02:00:00,Transfer,219.22,Investment,UPI,Success,0,0,False,False,False,False,False
TXN0001626,CUST00596,2025-05-31 19:00:00,Credit,808.03,Food,Credit Card,Success,0,0,False,False,False,False,False
TXN0001627,CUST00538,2025-11-13 21:00:00,Transfer,422.69,Rent,UPI,Failed,1,0,False,False,False,False,False
TXN0001628,CUST01042,2026-07-31 03:00:00,Transfer,376.03,Salary,UPI,Success,0,0,False,False,False,False,False
TXN0001629,CUST00176,2025-01-11 23:00:00,Debit,842.16,Entertainment,UPI,Pending,0,0,False,False,False,False,False
TXN0001630,CUST01089,2025-03-30 11:00:00,Credit,585.63,Utilities,Debit Card,Success,0,0,False,False,False,False,False
TXN0001631,CUST00511,2025-09-16 14:00:00,Transfer,392.84,Shopping,ATM,Success,0,0,False,False,False,False,False
TXN0001632,CUST01020,2025-03-28 10:00:00,Debit,1096.265,Entertainment,ATM,Success,0,1,False,False,False,True,False
TXN0001633,CUST00853,2026-01-27 11:00:00,Debit,265.01,Salary,Net Banking,Success,0,0,False,False,False,False,False
TXN0001634,CUST01047,2026-09-27 05:00:00,Debit,768.83,Groceries,UPI,Success,0,0,False,False,False,False,False
TXN0001635,CUST00845,2026-07-03 09:00:00,Debit,589.43,Rent,UPI,Success,0,1,False,False,False,False,False
TXN0001636,CUST00746,2025-04-28 22:00:00,Debit,3089.85,Entertainment,UPI,Success,0,1,False,False,False,False,False
TXN0001637,CUST00666,2025-04-01 15:00:00,Credit,825.27,Utilities,Credit Card,Success,0,0,False,False,False,False,False
TXN0001638,CUST00229,2026-05-18 00:00:00,Credit,724.5,Rent,Debit Card,Success,0,0,False,False,False,False,False
TXN0001639,CUST00355,2025-08-19 14:00:00,Transfer,2099.25,Food,Debit Card,Success,0,1,False,False,False,False,False
TXN0001640,CUST00588,2026-08-03 14:00:00,Credit,344.75,Utilities,Credit Card,Success,0,0,False,False,False,False,False
TXN0001641,CUST00093,2026-03-18 05:00:00,Transfer,750.48,Utilities,UPI,Pending,0,0,False,False,False,False,False
TXN0001642,CUST00944,2026-02-28 21:00:00,Debit,4830.39,Groceries,UPI,Success,1,0,False,False,False,False,False
TXN0001643,CUST00522,2026-07-09 06:00:00,Debit,917.84,Food,UPI,Success,0,0,False,False,False,False,False
TXN0001644,CUST00828,2025-08-02 09:00:00,Debit,466.65,Investment,Debit Card,Success,0,0,False,False,False,False,False
TXN0001645,CUST01045,2025-08-15 23:00:00,Transfer,345.89,Entertainment,Credit Card,Success,0,0,False,False,False,False,False
TXN0001646,CUST00327,2025-06-17 07:00:00,Credit,726.31,Groceries,ATM,Success,0,0,False,False,False,False,False
TXN0001647,CUST00866,2025-11-18 13:00:00,Debit,2879.56,Food,UPI,Success,0,0,False,False,False,False,False
TXN0001648,CUST01187,2026-04-18 23:00:00,Transfer,305.32,Groceries,ATM,Success,1,1,False,False,False,False,False
TXN0001649,CUST01187,2026-04-15 11:00:00,Transfer,289.77,Food,UPI,Success,0,0,False,False,False,False,False
TXN0001650,CUST01052,2025-12-22 14:00:00,Transfer,1952.65,Travel,ATM,Success,0,0,False,False,False,False,False
TXN0001651,CUST00342,2026-07-13 08:00:00,Transfer,1703.14,Travel,ATM,Success,0,0,False,False,False,False,False
TXN0001652,CUST00742,2025-09-20 13:00:00,Debit,2117.29,Groceries,UPI,Pending,0,0,False,False,False,False,False
TXN0001653,CUST00004,2026-09-28 21:00:00,Debit,4125.36,Groceries,Net Banking,Success,0,0,False,False,False,False,False
TXN0001654,CUST00363,2025-06-25 08:00:00,Transfer,10058.76,Rent,Credit Card,Pending,0,1,False,False,False,False,False
TXN0001655,CUST00765,2025-05-31 13:00:00,Debit,786.76,Groceries,UPI,Success,0,0,False,False,False,False,False
TXN0001656,CUST00621,2026-06-04 02:00:00,Debit,177.51,Groceries,UPI,Success,0,0,False,False,False,False,False
TXN0001657,CUST00168,2026-01-27 04:00:00,Debit,526.86,Salary,UPI,Success,1,0,False,False,False,False,False
TXN0001658,CUST00449,2026-05-15 09:00:00,Transfer,205.07,Utilities,UPI,Success,0,0,False,False,False,False,False
TXN0001659,CUST00679,2025-04-27 05:00:00,Debit,464.43,Utilities,UPI,Success,0,1,False,False,False,False,False
TXN0001660,CUST01022,2025-10-06 03:00:00,Debit,379.02,Entertainment,UPI,Pending,0,0,False,False,False,False,False
TXN0001661,CUST00069,2025-11-27 02:00:00,Transfer,139.57,Groceries,Debit Card,Success,0,0,False,False,False,False,False
TXN0001662,CUST00598,2025-12-08 00:00:00,Credit,5551.98,Groceries,Debit Card,Pending,0,0,False,False,False,False,False
TXN0001663,CUST00981,2025-03-29 17:00:00,Credit,1429.76,Food,Debit Card,Success,0,1,False,False,False,False,False
TXN0001664,CUST01134,2025-03-04 02:00:00,Credit,1096.265,Healthcare,Debit Card,Success,0,0,False,False,False,True,False
TXN0001665,CUST00950,2025-03-20 04:00:00,Debit,673.81,Travel,UPI,Success,0,0,False,False,False,False,False
TXN0001666,CUST00130,2025-09-02 10:00:00,Credit,4063.46,Rent,Debit Card,Success,0,0,False,False,False,False,False
TXN0001667,CUST00812,2026-04-11 16:00:00,Debit,3592.72,Salary,Credit Card,Success,0,0,False,False,False,False,False
TXN0001668,CUST01187,2025-02-16 05:00:00,Credit,1883.24,Utilities,UPI,Success,0,0,False,False,False,False,False
TXN0001669,CUST00854,2025-12-26 07:00:00,Transfer,2178.53,Utilities,UPI,Success,0,1,False,False,False,False,False
TXN0001670,CUST01129,2026-07-03 16:00:00,Debit,1816.25,Groceries,Debit Card,Success,0,1,False,False,False,False,False
TXN0001671,CUST00792,2025-11-12 11:00:00,Debit,2682.35,Travel,UPI,Success,0,1,False,False,False,False,False
TXN0001672,CUST01082,2026-06-25 05:00:00,Debit,1998.38,Salary,ATM,Success,0,0,False,False,False,False,False
TXN0001673,CUST01183,2026-08-05 22:00:00,Transfer,2529.9,Healthcare,Net Banking,Success,0,1,False,False,False,False,False
TXN0001674,,2025-03-28 15:00:00,Transfer,1383.08,Food,Debit Card,Success,0,0,False,False,True,False,False
TXN0001675,CUST00633,2026-05-02 17:00:00,Debit,3203.16,Groceries,UPI,Success,0,0,False,False,False,False,False
TXN0001676,CUST00678,2025-06-20 00:00:00,Credit,4831.87,Food,Net Banking,Failed,0,0,False,False,False,False,False
TXN0001677,CUST00150,2025-12-19 16:00:00,Debit,392.51,Shopping,UPI,Success,0,0,False,False,False,False,False
TXN0001678,CUST00162,2025-05-11 18:00:00,Debit,5112.17,Salary,Debit Card,Success,0,0,False,False,False,False,False
TXN0001679,CUST00553,2025-01-24 16:00:00,Transfer,50.0,Shopping,Debit Card,Success,0,0,False,False,False,False,False
TXN0001680,CUST00874,2025-09-10 13:00:00,Credit,410.14,Entertainment,Credit Card,Success,0,0,False,False,False,False,False
TXN0001681,CUST00054,2025-07-19 13:00:00,Debit,1236.23,Salary,UPI,Success,0,0,False,False,False,False,False
TXN0001682,CUST00605,2026-02-20 02:00:00,Debit,2402.16,Food,Credit Card,Success,0,0,False,False,False,False,False
TXN0001683,CUST00511,2025-11-06 06:00:00,Debit,1290.69,Investment,UPI,Success,0,0,False,False,False,False,False
TXN0001684,CUST00657,2026-03-25 14:00:00,Transfer,969.01,Groceries,Net Banking,Success,0,0,False,False,False,False,False
TXN0001685,CUST00520,2026-04-27 22:00:00,Transfer,1070.61,Rent,Credit Card,Success,0,1,False,False,False,False,False
TXN0001686,CUST00427,2025-06-20 14:00:00,Transfer,893.75,Salary,UPI,Success,0,0,False,False,False,False,False
TXN0001687,CUST00241,2025-02-10 21:00:00,Debit,1487.75,Groceries,UPI,Success,0,0,False,False,False,False,False
TXN0001688,CUST00855,2025-06-27 12:00:00,Transfer,4103.05,Entertainment,Unknown,Success,0,0,False,False,False,False,False
TXN0001689,CUST00612,2025-09-20 16:00:00,Credit,2259.09,Rent,Unknown,Success,0,0,False,False,False,False,False
TXN0001690,CUST01056,2026-02-27 01:00:00,Credit,948.07,Rent,UPI,Success,0,0,False,False,False,False,False
TXN0001691,CUST01146,2025-06-18 11:00:00,Debit,845.13,Salary,UPI,Success,0,0,False,False,False,False,False
TXN0001692,CUST00138,2025-12-17 20:00:00,Credit,2118.64,Shopping,Net Banking,Success,0,0,False,False,False,False,False
TXN0001693,CUST00891,2025-11-16 00:00:00,Debit,482.03,Utilities,Credit Card,Success,0,0,False,False,False,False,False
TXN0001694,CUST00259,2026-09-13 17:00:00,Debit,1109.66,Shopping,Debit Card,Success,1,0,False,False,False,False,False
TXN0001695,CUST00148,2025-02-02 19:00:00,Transfer,9519.6,Salary,UPI,Success,0,0,False,False,False,False,False
TXN0001696,CUST00733,2026-03-31 15:00:00,Debit,2363.78,Utilities,Net Banking,Success,0,0,False,False,False,False,False
TXN0001697,CUST00215,2025-02-23 06:00:00,Debit,115.76,Shopping,Net Banking,Success,0,0,False,False,False,False,False
TXN0001698,CUST00334,2025-05-22 17:00:00,Transfer,5872.21,Travel,Debit Card,Success,0,0,False,False,False,False,False
TXN0001699,CUST00706,2026-06-23 21:00:00,Transfer,1233.8,Entertainment,UPI,Success,0,0,False,False,False,False,False
TXN0001700,CUST00679,2025-07-01 04:00:00,Transfer,178.18,Shopping,UPI,Success,0,0,False,False,False,False,False
TXN0001701,CUST00132,2026-03-17 18:00:00,Debit,336.62,Entertainment,Debit Card,Success,0,0,False,False,False,False,False
TXN0001702,CUST00332,2026-02-25 03:00:00,Transfer,114.68,Entertainment,Debit Card,Success,0,0,False,False,False,False,False
TXN0001703,CUST00240,2025-10-06 23:00:00,Debit,4241.22,Food,Debit Card,Unknown,0,0,False,False,False,False,False
TXN0001704,CUST00349,2026-03-17 15:00:00,Debit,539.72,Salary,UPI,Success,0,0,False,False,False,False,False
TXN0001705,CUST00513,2026-05-03 00:00:00,Debit,2199.44,Shopping,ATM,Success,0,0,False,False,False,False,False
TXN0001706,CUST00568,2026-01-17 14:00:00,Debit,3186.73,Utilities,Debit Card,Success,0,0,False,False,False,False,False
TXN0001707,CUST00362,2025-12-20 17:00:00,Credit,5442.02,Travel,Unknown,Success,0,0,False,False,False,False,False
TXN0001708,,2025-03-14 21:00:00,Debit,11697.91,Travel,Net Banking,Success,0,0,False,False,True,False,False
TXN0001709,CUST00795,2026-04-13 06:00:00,Debit,342.73,Salary,Unknown,Success,0,0,False,False,False,False,False
TXN0001710,CUST00684,2025-11-16 05:00:00,Transfer,717.9,Food,Credit Card,Success,0,0,False,False,False,False,False
TXN0001711,CUST00507,2026-04-19 13:00:00,Debit,4725.89,Entertainment,UPI,Failed,0,0,False,False,False,False,False
TXN0001712,CUST00335,2026-07-12 01:00:00,Debit,1842.37,Rent,Net Banking,Success,0,0,False,False,False,False,False
TXN0001713,CUST00864,2026-07-11 03:00:00,Transfer,995.53,Salary,Net Banking,Success,0,1,False,False,False,False,False
TXN0001714,CUST00800,2026-08-09 05:00:00,Transfer,652.63,Utilities,Net Banking,Success,0,0,False,False,False,False,False
TXN0001715,CUST00278,2025-04-05 18:00:00,Credit,111.05,Travel,UPI,Success,0,1,False,False,False,False,False
TXN0001716,CUST00929,2026-02-09 09:00:00,Debit,639.43,Investment,Debit Card,Success,0,1,False,False,False,False,False
TXN0001717,CUST01013,2025-06-24 06:00:00,Transfer,141.38,Investment,Debit Card,Success,0,0,False,False,False,False,False
TXN0001718,CUST00684,2025-08-28 06:00:00,Transfer,1010.26,Travel,UPI,Success,0,0,False,False,False,False,False
TXN0001719,CUST00043,2025-03-02 03:00:00,Credit,1038.32,Food,ATM,Success,1,2,False,False,False,False,False
TXN0001720,CUST00339,2026-03-05 14:00:00,Transfer,667.09,Healthcare,UPI,Success,0,0,False,False,False,False,False
TXN0001721,CUST00911,2025-07-10 11:00:00,Credit,3487.44,Rent,UPI,Success,0,0,False,False,False,False,False
TXN0001722,CUST00890,2026-05-25 23:00:00,Debit,2405.89,Food,Debit Card,Success,0,0,False,False,False,False,False
TXN0001723,CUST00483,2025-06-19 16:00:00,Debit,1061.13,Rent,Debit Card,Success,0,0,False,False,False,False,False
TXN0001724,CUST00524,2026-07-03 18:00:00,Debit,1814.75,Salary,Debit Card,Success,0,1,False,False,False,False,False
TXN0001725,CUST00143,2026-09-08 06:00:00,Debit,4180.9,Food,UPI,Success,1,0,False,False,False,False,False
TXN0001726,CUST00669,2025-12-03 13:00:00,Debit,440.28,Rent,ATM,Success,0,0,False,False,False,False,False
TXN0001727,CUST00976,2026-02-02 09:00:00,Debit,1052.97,Rent,Debit Card,Success,0,0,False,False,False,False,False
TXN0001728,CUST00552,2025-03-23 22:00:00,Debit,4223.03,Utilities,UPI,Success,0,0,False,False,False,False,False
TXN0001729,CUST00743,2025-11-29 05:00:00,Debit,1744.14,Healthcare,Debit Card,Pending,0,0,False,False,False,False,False
TXN0001730,CUST00152,2026-07-08 13:00:00,Debit,242.77,Salary,UPI,Success,0,0,False,False,False,False,False
TXN0001731,CUST00871,2026-06-09 06:00:00,Debit,333.96,Utilities,Debit Card,Success,0,2,False,False,False,False,False
TXN0001732,CUST00328,2026-06-03 12:00:00,Debit,571.58,Investment,UPI,Success,0,1,False,False,False,False,False
TXN0001733,CUST00069,2025-11-05 00:00:00,Credit,917.96,Utilities,Net Banking,Success,0,0,False,False,False,False,False
TXN0001734,CUST00293,2026-05-07 08:00:00,Debit,302.95,Utilities,UPI,Success,0,0,False,False,False,False,False
TXN0001735,CUST00662,2026-02-01 07:00:00,Transfer,5180.9,Food,UPI,Success,0,0,False,False,False,False,False
TXN0001736,CUST00670,2026-06-09 20:00:00,Transfer,2064.69,Healthcare,UPI,Success,0,1,False,False,False,False,False
TXN0001737,CUST00411,2025-08-15 00:00:00,Credit,838.65,Groceries,UPI,Success,0,0,False,False,False,False,False
TXN0001738,CUST00468,2025-03-07 22:00:00,Transfer,2226.85,Rent,Credit Card,Success,0,0,False,False,False,False,False
TXN0001739,CUST00582,2025-10-30 06:00:00,Transfer,1624.48,Rent,UPI,Success,0,0,False,False,False,False,False
TXN0001740,CUST00893,2026-09-07 12:00:00,Debit,777.93,Entertainment,ATM,Failed,1,0,False,False,False,False,False
TXN0001741,CUST01097,2025-04-27 02:00:00,Debit,1895.22,Groceries,Debit Card,Success,0,0,False,False,False,False,False
TXN0001742,CUST00321,2026-01-29 21:00:00,Transfer,79.95,Food,UPI,Pending,0,0,False,False,False,False,False
TXN0001743,CUST00643,2025-05-22 00:00:00,Debit,11055.11,Groceries,Net Banking,Success,0,0,False,False,False,False,False
TXN0001744,CUST00377,2026-08-24 10:00:00,Transfer,7487.5,Travel,UPI,Success,0,0,False,False,False,False,False
TXN0001745,CUST00111,2025-10-04 16:00:00,Debit,5777.77,Rent,Credit Card,Failed,0,1,False,False,False,False,False
TXN0001746,CUST01060,2026-07-04 13:00:00,Credit,567.83,Salary,UPI,Success,1,0,False,False,False,False,False
TXN0001747,CUST00003,2026-03-04 22:00:00,Transfer,4803.14,Healthcare,UPI,Success,0,0,False,False,False,False,False
TXN0001748,CUST00538,2025-05-22 10:00:00,Debit,1066.88,Groceries,UPI,Pending,0,1,False,False,False,False,False
TXN0001749,CUST00153,2025-01-19 15:00:00,Debit,554.36,Groceries,UPI,Success,0,0,False,False,False,False,False
TXN0001750,CUST00535,2025-05-12 06:00:00,Debit,321.83,Utilities,Debit Card,Failed,0,0,False,False,False,False,False
TXN0001751,CUST00687,2025-06-11 07:00:00,Transfer,480.82,Food,UPI,Pending,0,0,False,False,False,False,False
TXN0001752,CUST00433,2025-03-17 13:00:00,Debit,998.37,Utilities,Debit Card,Success,0,0,False,False,False,False,False
TXN0001753,CUST01073,2025-03-30 01:00:00,Credit,2510.75,Rent,UPI,Success,0,0,False,False,False,False,False
TXN0001754,CUST00438,2026-06-10 02:00:00,Credit,1311.03,Utilities,Debit Card,Success,0,0,False,False,False,False,False
TXN0001755,CUST00542,2025-12-20 07:00:00,Debit,259.34,Travel,Net Banking,Success,0,1,False,False,False,False,False
TXN0001756,CUST01151,2025-03-13 01:00:00,Transfer,1412.52,Salary,Net Banking,Success,0,0,False,False,False,False,False
TXN0001757,CUST00603,2025-08-30 02:00:00,Transfer,7074.76,Shopping,Net Banking,Success,0,0,False,False,False,False,False
TXN0001758,CUST00259,2026-08-12 02:00:00,Debit,838.43,Unknown,Debit Card,Success,0,1,False,False,False,False,False
TXN0001759,CUST01017,2026-02-22 01:00:00,Debit,4406.54,Rent,UPI,Success,0,0,False,False,False,False,False
TXN0001760,CUST01148,2025-08-31 21:00:00,Debit,2929.14,Entertainment,Debit Card,Success,0,1,False,False,False,False,False
TXN0001761,CUST00910,2025-10-31 02:00:00,Transfer,342.61,Shopping,UPI,Success,0,0,False,False,False,False,False
TXN0001762,CUST00196,2025-05-06 13:00:00,Debit,761.21,Travel,Debit Card,Success,0,0,False,False,False,False,False
TXN0001763,CUST00103,2025-03-25 02:00:00,Debit,1609.67,Unknown,Debit Card,Failed,0,1,False,False,False,False,False
TXN0001764,CUST00629,2026-08-15 07:00:00,Credit,3972.73,Food,UPI,Success,0,0,False,False,False,False,False
TXN0001765,CUST00658,2025-05-10 05:00:00,Debit,650.82,Investment,UPI,Success,1,0,False,False,False,False,False
TXN0001766,CUST00285,2026-02-28 06:00:00,Debit,335.87,Salary,UPI,Success,0,0,False,False,False,False,False
TXN0001767,CUST00798,2025-02-01 07:00:00,Debit,43312.14,Healthcare,UPI,Success,0,0,False,False,False,False,True
TXN0001768,CUST00149,2026-02-15 10:00:00,Transfer,821.84,Travel,UPI,Success,0,0,False,False,False,False,False
TXN0001769,CUST00891,2026-06-09 12:00:00,Transfer,4322.98,Investment,ATM,Failed,0,1,False,False,False,False,False
TXN0001770,CUST00200,2026-04-05 08:00:00,Credit,941.19,Salary,Credit Card,Success,0,1,False,False,False,False,False
TXN0001771,CUST00630,2026-07-13 18:00:00,Debit,4323.79,Healthcare,UPI,Pending,0,1,False,False,False,False,False
TXN0001772,CUST00734,2025-10-26 09:00:00,Credit,272.59,Shopping,Credit Card,Pending,0,2,False,False,False,False,False
TXN0001773,CUST00719,2025-12-09 05:00:00,Transfer,95.17,Rent,UPI,Success,0,0,False,False,False,False,False
TXN0001774,CUST00137,2025-09-11 01:00:00,Debit,4847.61,Utilities,UPI,Success,0,1,False,False,False,False,False
TXN0001775,CUST01102,2025-05-22 06:00:00,Transfer,185.98,Utilities,UPI,Success,0,0,False,False,False,False,False
TXN0001776,CUST00514,2025-09-28 17:00:00,Debit,2723.13,Entertainment,Credit Card,Success,0,0,False,False,False,False,False
TXN0001777,CUST00800,2025-03-27 02:00:00,Debit,263.68,Travel,UPI,Success,0,0,False,False,False,False,False
TXN0001778,CUST00274,2025-11-22 10:00:00,Debit,2422.07,Travel,Credit Card,Pending,0,1,False,False,False,False,False
TXN0001779,CUST00839,2025-05-27 23:00:00,Debit,278.68,Shopping,UPI,Success,1,0,False,False,False,False,False
TXN0001780,CUST00574,2026-01-31 13:00:00,Debit,0.0,Salary,Net Banking,Success,0,2,False,True,False,False,False
TXN0001781,CUST00690,2026-07-23 21:00:00,Transfer,789.88,Healthcare,Net Banking,Success,0,0,False,False,False,False,False
TXN0001782,CUST00121,2025-09-13 18:00:00,Debit,191.38,Shopping,UPI,Success,0,1,False,False,False,False,False
TXN0001783,CUST00552,2025-09-19 06:00:00,Transfer,987.37,Food,Debit Card,Success,0,0,False,False,False,False,False
TXN0001784,CUST00176,2025-06-15 19:00:00,Transfer,1362.91,Entertainment,UPI,Success,0,0,False,False,False,False,False
TXN0001785,CUST00730,2025-11-16 11:00:00,Debit,3388.76,Food,UPI,Success,0,0,False,False,False,False,False
TXN0001786,CUST00121,2026-07-02 01:00:00,Debit,715.33,Healthcare,Credit Card,Success,0,0,False,False,False,False,False
TXN0001787,CUST00851,2026-05-26 19:00:00,Debit,3869.86,Travel,UPI,Success,0,0,False,False,False,False,False
TXN0001788,CUST01155,2025-09-13 09:00:00,Transfer,4575.16,Salary,Net Banking,Failed,0,2,False,False,False,False,False
TXN0001789,CUST00709,2025-06-05 16:00:00,Debit,293.85,Groceries,Debit Card,Success,0,0,False,False,False,False,False
TXN0001790,CUST00147,2026-05-27 11:00:00,Debit,1833.4,Entertainment,UPI,Success,0,2,False,False,False,False,False
TXN0001791,CUST00691,2025-08-20 02:00:00,Transfer,3915.0,Entertainment,Debit Card,Success,0,0,False,False,False,False,False
TXN0001792,CUST00550,2026-07-23 20:00:00,Transfer,344.77,Utilities,UPI,Success,0,0,False,False,False,False,False
TXN0001793,CUST00693,2025-05-03 01:00:00,Transfer,14188.53,Salary,Credit Card,Success,0,0,False,False,False,False,True
TXN0001794,CUST00695,2025-12-23 08:00:00,Debit,876.54,Groceries,Credit Card,Success,1,0,False,False,False,False,False
TXN0001795,CUST00413,2026-06-18 14:00:00,Debit,354.95,Groceries,Debit Card,Success,0,0,False,False,False,False,False
TXN0001796,CUST00334,2026-01-12 06:00:00,Credit,1426.57,Healthcare,UPI,Success,0,1,False,False,False,False,False
TXN0001797,CUST00099,2026-03-15 10:00:00,Credit,3010.97,Shopping,Unknown,Failed,0,0,False,False,False,False,False
TXN0001798,CUST01125,2025-10-20 07:00:00,Debit,1561.89,Groceries,Net Banking,Success,0,1,False,False,False,False,False
TXN0001799,CUST01180,2026-08-07 22:00:00,Debit,1451.77,Healthcare,UPI,Success,0,0,False,False,False,False,False
TXN0001800,CUST00019,2026-03-22 11:00:00,Debit,4452.69,Utilities,Net Banking,Success,0,0,False,False,False,False,False
TXN0001801,CUST00458,2025-04-29 04:00:00,Debit,1189.91,Utilities,Debit Card,Success,0,0,False,False,False,False,False
TXN0001802,CUST00714,2025-01-27 03:00:00,Debit,3022.29,Utilities,Unknown,Success,0,0,False,False,False,False,False
TXN0001803,CUST01166,2025-11-19 19:00:00,Debit,838.82,Healthcare,Net Banking,Success,0,1,False,False,False,False,False
TXN0001804,CUST01128,2025-04-27 13:00:00,Debit,1047.01,Investment,Debit Card,Success,0,1,False,False,False,False,False
TXN0001805,CUST00906,2025-01-08 22:00:00,Debit,210.5,Utilities,UPI,Success,0,0,False,False,False,False,False
TXN0001806,CUST01020,2025-07-23 11:00:00,Debit,1098.74,Entertainment,ATM,Success,0,0,False,False,False,False,False
TXN0001807,CUST00808,2025-07-08 02:00:00,Transfer,1198.12,Groceries,UPI,Success,0,0,False,False,False,False,False
TXN0001808,CUST00664,2026-09-06 12:00:00,Debit,4665.82,Rent,Debit Card,Success,0,0,False,False,False,False,False
TXN0001809,CUST01154,2026-08-15 03:00:00,Debit,1490.41,Healthcare,Debit Card,Success,0,0,False,False,False,False,False
TXN0001810,CUST00804,2025-10-03 08:00:00,Credit,3247.34,Salary,UPI,Success,0,1,False,False,False,False,False
TXN0001811,CUST00200,2025-11-06 19:00:00,Debit,3457.49,Rent,UPI,Success,0,0,False,False,False,False,False
TXN0001812,CUST00976,2026-02-12 13:00:00,Debit,869.96,Healthcare,ATM,Success,0,0,False,False,False,False,False
TXN0001813,CUST00137,2025-11-28 13:00:00,Debit,607.36,Travel,ATM,Success,0,0,False,False,False,False,False
TXN0001814,CUST00165,2026-08-27 07:00:00,Debit,898.24,Groceries,Debit Card,Success,1,0,False,False,False,False,False
TXN0001815,CUST00446,2025-08-13 02:00:00,Debit,74.46,Food,Credit Card,Success,0,0,False,False,False,False,False
TXN0001816,CUST00560,2026-07-23 14:00:00,Debit,147.09,Groceries,UPI,Failed,0,0,False,False,False,False,False
TXN0001817,CUST00782,2025-08-09 12:00:00,Debit,706.61,Healthcare,Debit Card,Success,0,0,False,False,False,False,False
TXN0001818,CUST00569,2026-01-20 05:00:00,Transfer,691.34,Healthcare,Credit Card,Success,1,0,False,False,False,False,False
TXN0001819,CUST00380,2026-02-26 17:00:00,Debit,981.25,Entertainment,UPI,Failed,0,0,False,False,False,False,False
TXN0001820,CUST00456,2025-03-24 12:00:00,Debit,590.46,Salary,UPI,Success,0,0,False,False,False,False,False
TXN0001821,CUST00278,2026-01-07 19:00:00,Debit,766.65,Entertainment,Net Banking,Success,0,2,False,False,False,False,False
TXN0001822,CUST00204,2026-03-19 06:00:00,Transfer,1054.47,Investment,UPI,Success,0,0,False,False,False,False,False
TXN0001823,CUST01104,2026-03-29 17:00:00,Credit,2339.61,Investment,Debit Card,Success,1,0,False,False,False,False,False
TXN0001824,CUST00841,2026-04-09 16:00:00,Debit,594.8,Utilities,UPI,Success,0,0,False,False,False,False,False
TXN0001825,CUST00986,2026-02-06 06:00:00,Debit,599.83,Investment,Unknown,Success,0,0,False,False,False,False,False
TXN0001826,CUST01034,2025-03-07 23:00:00,Transfer,784.24,Shopping,UPI,Success,0,0,False,False,False,False,False
TXN0001827,,2026-02-21 23:00:00,Credit,1295.25,Groceries,UPI,Pending,0,0,False,False,True,False,False
TXN0001828,CUST00737,2025-12-13 23:00:00,Debit,1569.92,Rent,ATM,Success,0,0,False,False,False,False,False
TXN0001829,CUST00754,2026-07-09 22:00:00,Credit,549.75,Groceries,UPI,Failed,0,0,False,False,False,False,False
TXN0001830,CUST00800,2026-01-06 00:00:00,Debit,1508.87,Salary,UPI,Failed,0,1,False,False,False,False,False
TXN0001831,CUST00886,2026-03-17 04:00:00,Debit,235.34,Salary,Debit Card,Unknown,0,0,False,False,False,False,False
TXN0001832,CUST00679,2026-08-01 02:00:00,Debit,912.3,Utilities,Debit Card,Success,0,1,False,False,False,False,False
TXN0001833,CUST00704,2025-09-01 15:00:00,Credit,595.53,Travel,UPI,Success,0,0,False,False,False,False,False
TXN0001834,,2025-06-16 02:00:00,Debit,309.94,Utilities,Debit Card,Success,0,0,False,False,True,False,False
TXN0001835,CUST00848,2026-01-29 02:00:00,Credit,1882.61,Investment,Credit Card,Failed,0,2,False,False,False,False,False
TXN0001836,CUST00820,2026-06-29 20:00:00,Debit,171.68,Groceries,UPI,Success,0,1,False,False,False,False,False
TXN0001837,CUST00600,2025-10-23 20:00:00,Transfer,1048.06,Shopping,UPI,Success,1,0,False,False,False,False,False
TXN0001838,CUST00601,2025-12-01 12:00:00,Transfer,1768.04,Travel,UPI,Success,0,0,False,False,False,False,False
TXN0001839,CUST00059,2025-01-09 22:00:00,Credit,1099.26,Shopping,UPI,Failed,0,1,False,False,False,False,False
TXN0001840,CUST00542,2026-08-25 16:00:00,Transfer,2249.67,Entertainment,UPI,Success,0,0,False,False,False,False,False
TXN0001841,CUST00254,2025-02-06 07:00:00,Debit,428.42,Shopping,UPI,Success,0,1,False,False,False,False,False
TXN0001842,CUST01151,2026-04-21 19:00:00,Debit,628.92,Food,ATM,Success,1,0,False,False,False,False,False
TXN0001843,CUST00710,2025-10-12 10:00:00,Debit,4743.37,Shopping,Debit Card,Success,0,0,False,False,False,False,False
TXN0001844,CUST00095,2026-01-23 16:00:00,Debit,3846.11,Healthcare,Credit Card,Success,0,0,False,False,False,False,False
TXN0001845,CUST00365,2025-10-06 16:00:00,Credit,2596.74,Salary,Debit Card,Pending,0,0,False,False,False,False,False
TXN0001846,CUST00688,2025-03-27 16:00:00,Debit,3030.86,Food,Net Banking,Success,0,0,False,False,False,False,False
TXN0001847,CUST00474,2025-06-12 17:00:00,Debit,791.25,Groceries,UPI,Failed,0,0,False,False,False,False,False
TXN0001848,CUST01000,2025-05-21 18:00:00,Credit,5995.58,Travel,UPI,Success,0,0,False,False,False,False,False
TXN0001849,CUST01063,2026-04-15 20:00:00,Debit,336.49,Healthcare,Debit Card,Success,0,0,False,False,False,False,False
TXN0001850,CUST00212,2025-10-12 00:00:00,Debit,3046.39,Rent,UPI,Success,0,1,False,False,False,False,False
TXN0001851,CUST00617,2026-09-24 15:00:00,Debit,4805.36,Salary,ATM,Success,0,1,False,False,False,False,False
TXN0001852,CUST00402,2026-04-14 20:00:00,Debit,1863.48,Travel,Net Banking,Success,0,1,False,False,False,False,False
TXN0001853,CUST00054,2026-04-20 20:00:00,Transfer,1095.21,Salary,UPI,Success,0,1,False,False,False,False,False
TXN0001854,CUST00278,2026-02-04 19:00:00,Debit,428.27,Utilities,UPI,Success,0,2,False,False,False,False,False
TXN0001855,CUST01028,2025-03-21 08:00:00,Credit,2412.65,Food,ATM,Success,0,0,False,False,False,False,False
TXN0001856,CUST01017,2025-12-01 15:00:00,Debit,460.2,Groceries,Debit Card,Success,0,2,False,False,False,False,False
TXN0001857,CUST00956,2026-09-22 20:00:00,Credit,381.3,Travel,Debit Card,Success,0,0,False,False,False,False,False
TXN0001858,CUST00840,2025-07-16 14:00:00,Debit,1191.32,Groceries,UPI,Success,0,0,False,False,False,False,False
TXN0001859,CUST00089,2025-02-08 16:00:00,Debit,2050.96,Healthcare,ATM,Success,0,2,False,False,False,False,False
TXN0001860,CUST00491,2025-04-08 23:00:00,Debit,542.91,Investment,Debit Card,Success,0,1,False,False,False,False,False
TXN0001861,CUST00551,2025-05-27 17:00:00,Debit,7141.75,Shopping,Net Banking,Success,0,0,False,False,False,False,False
TXN0001862,CUST01064,2026-01-21 17:00:00,Transfer,2065.46,Shopping,Net Banking,Failed,0,0,False,False,False,False,False
TXN0001863,CUST00651,2026-09-11 21:00:00,Debit,1733.79,Food,Debit Card,Success,0,0,False,False,False,False,False
TXN0001864,CUST00479,2025-09-06 23:00:00,Transfer,1508.9,Healthcare,Net Banking,Success,0,1,False,False,False,False,False
TXN0001865,CUST00248,2025-03-11 10:00:00,Credit,507.17,Investment,UPI,Success,1,0,False,False,False,False,False
TXN0001866,CUST00896,2026-04-12 01:00:00,Debit,2669.34,Healthcare,ATM,Success,0,0,False,False,False,False,False
TXN0001867,CUST00114,2025-02-16 12:00:00,Credit,524.96,Entertainment,UPI,Success,0,0,False,False,False,False,False
TXN0001868,CUST00209,2026-09-07 07:00:00,Transfer,4278.43,Rent,UPI,Success,0,0,False,False,False,False,False
TXN0001869,CUST00761,2026-03-24 16:00:00,Debit,3331.71,Entertainment,Net Banking,Success,1,0,False,False,False,False,False
TXN0001870,CUST00541,2026-08-15 00:00:00,Transfer,806.15,Travel,Credit Card,Failed,0,0,False,False,False,False,False
TXN0001871,CUST01187,2026-05-09 21:00:00,Credit,556.72,Food,UPI,Success,0,0,False,False,False,False,False
TXN0001872,CUST00512,2025-08-13 00:00:00,Credit,152.8,Rent,UPI,Success,0,0,False,False,False,False,False
TXN0001873,CUST00103,2025-08-09 21:00:00,Transfer,1283.73,Rent,Debit Card,Success,0,0,False,False,False,False,False
TXN0001874,CUST00776,2026-01-10 13:00:00,Credit,1360.26,Food,UPI,Success,0,0,False,False,False,False,False
TXN0001875,CUST00925,2026-09-09 23:00:00,Debit,972.88,Salary,Debit Card,Success,1,1,False,False,False,False,False
TXN0001876,CUST01194,2025-12-10 13:00:00,Debit,5560.97,Entertainment,UPI,Success,0,0,False,False,False,False,False
TXN0001877,CUST00113,2025-03-16 04:00:00,Debit,1481.05,Rent,Credit Card,Success,0,0,False,False,False,False,False
TXN0001878,CUST00749,2025-09-19 14:00:00,Transfer,11727.37,Travel,Net Banking,Success,0,0,False,False,False,False,False
TXN0001879,CUST00013,2025-08-25 02:00:00,Debit,1095.47,Travel,UPI,Pending,0,0,False,False,False,False,False
TXN0001880,CUST00500,2026-08-19 13:00:00,Credit,1133.39,Food,Credit Card,Success,1,1,False,False,False,False,False
TXN0001881,CUST00990,2026-07-09 21:00:00,Debit,4110.31,Salary,ATM,Success,0,1,False,False,False,False,False
TXN0001882,CUST00037,2025-06-19 03:00:00,Transfer,1131.77,Food,UPI,Success,0,0,False,False,False,False,False
TXN0001883,CUST01177,2025-11-29 00:00:00,Debit,280.1,Entertainment,UPI,Success,0,0,False,False,False,False,False
TXN0001884,CUST00580,2025-09-02 05:00:00,Transfer,164.46,Rent,UPI,Pending,0,0,False,False,False,False,False
TXN0001885,CUST00793,2025-08-31 15:00:00,Transfer,140.73,Shopping,UPI,Failed,0,0,False,False,False,False,False
TXN0001886,CUST00509,2025-04-26 22:00:00,Transfer,262.61,Salary,Net Banking,Failed,0,1,False,False,False,False,False
TXN0001887,CUST00142,2025-05-25 15:00:00,Debit,8474.11,Investment,UPI,Pending,0,1,False,False,False,False,False
TXN0001888,CUST01143,2026-06-02 19:00:00,Debit,371.35,Entertainment,ATM,Success,0,0,False,False,False,False,False
TXN0001889,CUST00559,2025-05-08 18:00:00,Debit,2883.82,Healthcare,Debit Card,Success,0,0,False,False,False,False,False
TXN0001890,CUST00500,2025-09-17 16:00:00,Debit,3220.36,Travel,Debit Card,Success,0,1,False,False,False,False,False
TXN0001891,CUST00612,2025-01-16 00:00:00,Debit,474.08,Investment,Net Banking,Failed,0,0,False,False,False,False,False
TXN0001892,CUST00501,2025-07-07 02:00:00,Debit,4594.82,Salary,UPI,Success,0,0,False,False,False,False,False
TXN0001893,CUST00894,2025-02-13 21:00:00,Credit,679.71,Shopping,UPI,Success,0,0,False,False,False,False,False
TXN0001894,CUST00747,2026-05-26 01:00:00,Debit,6872.93,Investment,UPI,Failed,0,0,False,False,False,False,False
TXN0001895,CUST00758,2026-07-16 22:00:00,Debit,293.97,Rent,Net Banking,Success,0,0,False,False,False,False,False
TXN0001896,CUST01101,2026-03-18 09:00:00,Transfer,9224.58,Utilities,UPI,Success,0,0,False,False,False,False,False
TXN0001897,CUST00023,2026-01-31 15:00:00,Debit,732.28,Food,UPI,Success,0,0,False,False,False,False,False
TXN0001898,CUST00166,2025-02-12 08:00:00,Debit,675.88,Rent,UPI,Success,0,0,False,False,False,False,False
TXN0001899,CUST00346,2026-08-15 01:00:00,Transfer,336.63,Investment,Credit Card,Success,0,1,False,False,False,False,False
TXN0001900,CUST00042,2025-04-13 20:00:00,Transfer,8100.84,Groceries,UPI,Success,0,0,False,False,False,False,False
TXN0001901,CUST01006,2026-02-04 06:00:00,Debit,3412.9,Food,Debit Card,Success,0,0,False,False,False,False,False
TXN0001902,CUST00833,2025-09-07 11:00:00,Credit,758.04,Investment,UPI,Success,0,0,False,False,False,False,False
TXN0001903,CUST00898,2026-09-06 11:00:00,Debit,1272.67,Travel,Debit Card,Success,0,0,False,False,False,False,False
TXN0001904,CUST00663,2025-09-21 05:00:00,Transfer,548.38,Food,Credit Card,Success,0,2,False,False,False,False,False
TXN0001905,CUST00361,2026-04-27 18:00:00,Transfer,383.5,Food,Net Banking,Success,1,0,False,False,False,False,False
TXN0001906,CUST00709,2026-06-15 15:00:00,Debit,2233.86,Utilities,UPI,Success,0,0,False,False,False,False,False
TXN0001907,CUST00503,2025-06-22 16:00:00,Credit,1096.265,Shopping,UPI,Success,0,0,False,False,False,True,False
TXN0001908,CUST00817,2026-07-06 01:00:00,Debit,204.49,Shopping,Debit Card,Success,0,0,False,False,False,False,False
TXN0001909,CUST00153,2025-11-13 04:00:00,Credit,426.13,Travel,UPI,Success,0,0,False,False,False,False,False
TXN0001910,CUST01046,2026-01-03 06:00:00,Credit,2354.31,Shopping,UPI,Success,0,0,False,False,False,False,False
TXN0001911,CUST00177,2025-06-04 03:00:00,Transfer,5306.25,Salary,UPI,Pending,0,0,False,False,False,False,False
TXN0001912,CUST00166,2025-08-11 19:00:00,Transfer,27103.08,Travel,UPI,Failed,0,0,False,False,False,False,True
TXN0001913,CUST00988,2026-03-14 04:00:00,Debit,1995.38,Utilities,UPI,Failed,0,1,False,False,False,False,False
TXN0001914,CUST00739,2025-11-19 08:00:00,Transfer,222.72,Utilities,UPI,Success,0,0,False,False,False,False,False
TXN0001915,CUST00984,2025-08-24 20:00:00,Debit,1054.03,Food,Credit Card,Success,0,0,False,False,False,False,False
TXN0001916,CUST00890,2025-11-13 06:00:00,Debit,3068.66,Travel,Debit Card,Success,0,0,False,False,False,False,False
TXN0001917,CUST00243,2025-05-13 10:00:00,Debit,609.54,Rent,Credit Card,Success,0,0,False,False,False,False,False
TXN0001918,CUST00931,2025-06-15 18:00:00,Debit,366.16,Rent,Net Banking,Success,0,1,False,False,False,False,False
TXN0001919,CUST00123,2025-02-23 03:00:00,Transfer,2511.95,Investment,Debit Card,Success,0,0,False,False,False,False,False
TXN0001920,CUST00210,2025-01-12 08:00:00,Transfer,603.74,Unknown,Debit Card,Success,0,0,False,False,False,False,False
TXN0001921,CUST01107,2026-05-03 02:00:00,Credit,1812.39,Food,ATM,Success,0,1,False,False,False,False,False
TXN0001922,CUST00552,2025-06-22 20:00:00,Debit,641.23,Salary,Net Banking,Success,0,0,False,False,False,False,False
TXN0001923,CUST00847,2025-06-22 21:00:00,Credit,466.26,Groceries,Credit Card,Success,0,0,False,False,False,False,False
TXN0001924,CUST00325,2026-08-08 10:00:00,Transfer,114.32,Salary,Debit Card,Success,0,0,False,False,False,False,False
TXN0001925,CUST01187,2025-03-13 17:00:00,Credit,571.13,Entertainment,Debit Card,Success,0,0,False,False,False,False,False
TXN0001926,CUST00720,2025-01-23 07:00:00,Transfer,710.79,Entertainment,UPI,Success,0,0,False,False,False,False,False
TXN0001927,CUST01088,2025-01-30 23:00:00,Debit,1096.265,Salary,UPI,Success,1,1,False,False,False,True,False
TXN0001928,CUST00848,2025-12-25 13:00:00,Debit,152.56,Salary,ATM,Pending,0,0,False,False,False,False,False
TXN0001929,CUST00419,2025-01-19 10:00:00,Credit,307.9,Shopping,Net Banking,Failed,0,1,False,False,False,False,False
TXN0001930,CUST00734,2025-11-05 05:00:00,Debit,1781.55,Salary,UPI,Success,0,0,False,False,False,False,False
TXN0001931,CUST00425,2025-08-24 07:00:00,Debit,202.0,Travel,UPI,Success,0,0,False,False,False,False,False
TXN0001932,CUST00734,2025-10-24 05:00:00,Debit,1049.36,Salary,Debit Card,Success,0,1,False,False,False,False,False
TXN0001933,CUST01119,2025-12-31 05:00:00,Transfer,1638.26,Utilities,Credit Card,Success,0,0,False,False,False,False,False
TXN0001934,CUST01042,2025-05-03 13:00:00,Credit,529.24,Utilities,Net Banking,Success,0,0,False,False,False,False,False
TXN0001935,CUST00510,2026-07-25 15:00:00,Debit,109.42,Entertainment,UPI,Success,0,0,False,False,False,False,False
TXN0001936,CUST00871,2025-10-24 01:00:00,Transfer,1900.79,Investment,Debit Card,Success,0,0,False,False,False,False,False
TXN0001937,CUST00073,2026-03-22 04:00:00,Credit,2634.06,Utilities,UPI,Failed,0,0,False,False,False,False,False
TXN0001938,CUST00739,2025-01-24 06:00:00,Debit,541.19,Utilities,Credit Card,Success,0,1,False,False,False,False,False
TXN0001939,CUST00687,2025-11-25 00:00:00,Transfer,960.24,Healthcare,Credit Card,Success,0,0,False,False,False,False,False
TXN0001940,CUST00214,2025-02-25 23:00:00,Transfer,2235.07,Food,Debit Card,Pending,0,0,False,False,False,False,False
TXN0001941,CUST01108,2026-07-12 13:00:00,Debit,525.06,Investment,UPI,Success,0,1,False,False,False,False,False
TXN0001942,CUST00139,2025-02-22 11:00:00,Transfer,483.23,Entertainment,Net Banking,Success,0,1,False,False,False,False,False
TXN0001943,CUST01125,2026-07-20 12:00:00,Debit,3446.57,Food,Net Banking,Success,0,0,False,False,False,False,False
TXN0001944,CUST00302,2026-07-05 23:00:00,Debit,818.41,Travel,ATM,Pending,0,1,False,False,False,False,False
TXN0001945,CUST00974,2026-06-07 07:00:00,Transfer,2246.7,Entertainment,Debit Card,Success,0,0,False,False,False,False,False
TXN0001946,CUST00334,2026-09-28 13:00:00,Debit,79.5,Rent,Debit Card,Success,0,0,False,False,False,False,False
TXN0001947,CUST00248,2025-01-22 09:00:00,Debit,531.78,Rent,Net Banking,Success,0,0,False,False,False,False,False
TXN0001948,CUST00505,2025-06-25 16:00:00,Transfer,1509.92,Utilities,Debit Card,Success,1,0,False,False,False,False,False
TXN0001949,CUST00986,2025-12-09 21:00:00,Transfer,1235.17,Rent,UPI,Success,0,0,False,False,False,False,False
TXN0001950,CUST00520,2025-03-28 16:00:00,Debit,92.55,Entertainment,ATM,Success,0,0,False,False,False,False,False
TXN0001951,CUST00860,2026-01-29 08:00:00,Transfer,3308.57,Investment,Debit Card,Success,0,0,False,False,False,False,False
TXN0001952,CUST00425,2025-06-16 15:00:00,Transfer,986.1,Investment,Net Banking,Success,0,0,False,False,False,False,False
TXN0001953,CUST00629,2025-12-25 09:00:00,Debit,186.94,Healthcare,Credit Card,Success,0,0,False,False,False,False,False
TXN0001954,CUST00308,2025-10-26 03:00:00,Debit,535.88,Healthcare,ATM,Pending,0,0,False,False,False,False,False
TXN0001955,CUST00116,2026-01-27 05:00:00,Transfer,138.63,Shopping,Unknown,Success,0,0,False,False,False,False,False
TXN0001956,CUST00764,2025-07-03 12:00:00,Credit,3138.07,Groceries,Debit Card,Pending,0,0,False,False,False,False,False
TXN0001957,CUST00132,2025-11-12 13:00:00,Transfer,793.92,Groceries,Debit Card,Success,0,0,False,False,False,False,False
TXN0001958,CUST00135,2025-09-20 02:00:00,Debit,1454.14,Groceries,Debit Card,Success,0,0,False,False,False,False,False
TXN0001959,CUST00039,2025-09-15 09:00:00,Debit,688.28,Healthcare,Credit Card,Success,0,0,False,False,False,False,False
TXN0001960,CUST00060,2025-07-21 00:00:00,Credit,1695.78,Food,Net Banking,Success,1,1,False,False,False,False,False
TXN0001961,CUST00969,2025-04-06 12:00:00,Credit,668.7,Investment,ATM,Failed,0,0,False,False,False,False,False
TXN0001962,CUST00514,2025-06-13 11:00:00,Transfer,1008.65,Shopping,Credit Card,Success,0,0,False,False,False,False,False
TXN0001963,CUST01040,2026-02-04 13:00:00,Debit,998.15,Utilities,Net Banking,Success,0,0,False,False,False,False,False
TXN0001964,CUST00374,2025-12-30 02:00:00,Transfer,3882.2,Entertainment,Debit Card,Success,0,1,False,False,False,False,False
TXN0001965,CUST01073,2025-11-08 19:00:00,Credit,428.69,Travel,UPI,Success,0,0,False,False,False,False,False
TXN0001966,CUST00787,2026-06-18 16:00:00,Debit,784.01,Salary,ATM,Success,0,1,False,False,False,False,False
TXN0001967,CUST00686,2026-01-16 01:00:00,Debit,1506.03,Healthcare,Net Banking,Success,0,0,False,False,False,False,False
TXN0001968,CUST00292,2026-01-21 04:00:00,Debit,2192.57,Entertainment,Net Banking,Success,0,0,False,False,False,False,False
TXN0001969,CUST00211,2025-11-11 04:00:00,Debit,4235.42,Entertainment,Debit Card,Success,0,0,False,False,False,False,False
TXN0001970,CUST01011,2025-10-15 06:00:00,Credit,1096.265,Groceries,UPI,Success,0,0,False,False,False,True,False
TXN0001971,CUST01116,2025-01-07 20:00:00,Debit,2236.28,Investment,UPI,Success,0,0,False,False,False,False,False
TXN0001972,CUST00366,2025-10-10 20:00:00,Debit,2824.75,Groceries,UPI,Success,0,0,False,False,False,False,False
TXN0001973,CUST00686,2026-07-24 01:00:00,Transfer,4310.0,Entertainment,UPI,Success,0,1,False,False,False,False,False
TXN0001974,CUST00709,2025-03-17 18:00:00,Debit,1420.89,Groceries,Debit Card,Success,0,0,False,False,False,False,False
TXN0001975,CUST00156,2026-06-20 08:00:00,Debit,2106.93,Salary,Debit Card,Success,0,0,False,False,False,False,False
TXN0001976,CUST00910,2026-06-13 14:00:00,Credit,1311.17,Rent,Credit Card,Success,0,0,False,False,False,False,False
TXN0001977,CUST01185,2026-05-28 19:00:00,Transfer,285.13,Groceries,UPI,Success,0,0,False,False,False,False,False
TXN0001978,CUST01185,2025-03-21 16:00:00,Transfer,17812.18,Salary,UPI,Failed,0,0,False,False,False,False,True
TXN0001979,CUST01152,2025-12-18 04:00:00,Transfer,1087.47,Entertainment,UPI,Success,1,0,False,False,False,False,False
TXN0001980,CUST00476,2025-09-12 12:00:00,Debit,998.3,Food,Debit Card,Pending,0,0,False,False,False,False,False
TXN0001981,CUST00286,2025-01-06 06:00:00,Transfer,844.72,Shopping,UPI,Success,0,0,False,False,False,False,False
TXN0001982,CUST00477,2026-07-25 01:00:00,Transfer,1243.25,Shopping,UPI,Failed,0,0,False,False,False,False,False
TXN0001983,CUST00712,2025-08-05 08:00:00,Credit,10058.17,Healthcare,UPI,Success,0,0,False,False,False,False,False
TXN0001984,CUST00471,2025-05-12 22:00:00,Debit,1247.05,Salary,UPI,Success,0,0,False,False,False,False,False
TXN0001985,CUST00300,2026-08-16 23:00:00,Debit,4475.67,Utilities,Debit Card,Pending,0,0,False,False,False,False,False
TXN0001986,CUST00320,2025-05-09 04:00:00,Debit,604.88,Healthcare,Debit Card,Success,0,0,False,False,False,False,False
TXN0001987,CUST00282,2026-01-07 07:00:00,Debit,2097.55,Food,ATM,Success,0,0,False,False,False,False,False
TXN0001988,CUST00035,2026-06-11 22:00:00,Debit,1540.08,Entertainment,Net Banking,Success,0,0,False,False,False,False,False
TXN0001989,CUST00594,2025-06-10 07:00:00,Credit,1005.77,Salary,Debit Card,Success,0,0,False,False,False,False,False
TXN0001990,CUST00888,2026-05-10 05:00:00,Credit,2992.7,Salary,ATM,Success,0,0,False,False,False,False,False
TXN0001991,CUST00144,2025-04-01 14:00:00,Transfer,1212.02,Travel,Net Banking,Success,0,1,False,False,False,False,False
TXN0001992,CUST00854,2026-06-17 21:00:00,Credit,4379.51,Travel,ATM,Success,0,1,False,False,False,False,False
TXN0001993,CUST00963,2026-02-13 16:00:00,Transfer,1269.26,Groceries,Credit Card,Success,0,0,False,False,False,False,False
TXN0001994,CUST00116,2026-07-02 09:00:00,Transfer,1412.61,Groceries,ATM,Success,0,1,False,False,False,False,False
TXN0001995,CUST01185,2025-05-06 00:00:00,Debit,178.94,Salary,UPI,Success,0,0,False,False,False,False,False
TXN0001996,CUST00916,2025-08-22 23:00:00,Credit,796.01,Groceries,UPI,Success,0,1,False,False,False,False,False
TXN0001997,CUST00041,2025-03-07 04:00:00,Transfer,1075.3,Food,UPI,Success,1,0,False,False,False,False,False
TXN0001998,CUST00738,2026-06-11 00:00:00,Debit,771.98,Healthcare,UPI,Success,0,0,False,False,False,False,False
TXN0001999,CUST01191,2026-05-26 16:00:00,Debit,11752.01,Groceries,UPI,Success,0,0,False,False,False,False,False
TXN0002000,CUST01146,2025-10-07 22:00:00,Transfer,5509.84,Salary,UPI,Success,0,1,False,False,False,False,False
TXN0002001,CUST00917,2025-12-28 23:00:00,Transfer,1847.78,Groceries,Net Banking,Success,0,0,False,False,False,False,False
TXN0002002,CUST00079,2026-04-24 23:00:00,Debit,1292.58,Groceries,UPI,Success,0,0,False,False,False,False,False
TXN0002003,CUST01152,2026-09-16 04:00:00,Transfer,3962.2,Utilities,Debit Card,Success,0,0,False,False,False,False,False
TXN0002004,CUST01144,2025-04-07 08:00:00,Debit,567.5,Rent,Debit Card,Success,0,1,False,False,False,False,False
TXN0002005,CUST00660,2025-08-11 18:00:00,Transfer,590.91,Unknown,UPI,Success,0,0,False,False,False,False,False
TXN0002006,CUST00687,2025-08-28 10:00:00,Transfer,6321.79,Food,UPI,Success,1,0,False,False,False,False,False
TXN0002007,CUST00757,2025-08-07 07:00:00,Debit,4591.96,Utilities,Debit Card,Success,0,0,False,False,False,False,False
TXN0002008,CUST00930,2025-11-26 11:00:00,Debit,1584.88,Groceries,UPI,Success,0,0,False,False,False,False,False
TXN0002009,CUST00421,2025-01-02 07:00:00,Debit,1273.11,Rent,ATM,Success,0,0,False,False,False,False,False
TXN0002010,CUST00853,2026-09-05 00:00:00,Debit,1132.43,Travel,Unknown,Success,0,0,False,False,False,False,False
TXN0002011,CUST00475,2026-06-27 06:00:00,Transfer,1265.19,Rent,ATM,Success,0,0,False,False,False,False,False
TXN0002012,CUST00191,2025-04-10 13:00:00,Transfer,14928.51,Utilities,UPI,Success,0,0,False,False,False,False,True
TXN0002013,CUST00852,2026-06-26 12:00:00,Credit,2582.66,Shopping,UPI,Success,1,0,False,False,False,False,False
TXN0002014,CUST00512,2026-04-21 18:00:00,Debit,1221.93,Salary,UPI,Success,0,0,False,False,False,False,False
TXN0002015,CUST00792,2026-04-14 17:00:00,Transfer,4905.56,Travel,Credit Card,Success,0,0,False,False,False,False,False
TXN0002016,CUST00694,2026-01-10 22:00:00,Transfer,1826.18,Shopping,Credit Card,Success,0,0,False,False,False,False,False
TXN0002017,CUST00523,2026-04-07 12:00:00,Transfer,4489.26,Investment,UPI,Success,0,0,False,False,False,False,False
TXN0002018,CUST00822,2026-07-01 19:00:00,Credit,953.27,Travel,UPI,Success,0,0,False,False,False,False,False
TXN0002019,CUST00660,2025-07-01 12:00:00,Credit,2938.41,Unknown,Debit Card,Success,0,0,False,False,False,False,False
TXN0002020,CUST00719,2026-03-01 08:00:00,Debit,1278.52,Rent,UPI,Success,0,0,False,False,False,False,False
TXN0002021,CUST00384,2026-01-05 12:00:00,Transfer,11473.02,Healthcare,Net Banking,Success,0,0,False,False,False,False,False
TXN0002022,CUST00622,2025-09-28 20:00:00,Debit,4667.78,Entertainment,Debit Card,Success,0,0,False,False,False,False,False
TXN0002023,CUST00074,2025-06-22 19:00:00,Debit,1096.265,Healthcare,UPI,Success,0,0,False,False,False,True,False
TXN0002024,CUST00446,2025-01-02 18:00:00,Transfer,1426.63,Food,UPI,Unknown,0,0,False,False,False,False,False
TXN0002025,CUST01114,2025-09-14 08:00:00,Debit,1605.09,Utilities,Credit Card,Success,0,0,False,False,False,False,False
TXN0002026,CUST00764,2026-09-12 13:00:00,Credit,693.94,Rent,Net Banking,Success,0,0,False,False,False,False,False
TXN0002027,CUST00531,2025-08-30 09:00:00,Debit,774.66,Healthcare,Credit Card,Success,0,0,False,False,False,False,False
TXN0002028,CUST00257,2026-09-23 15:00:00,Transfer,1096.265,Food,Net Banking,Failed,0,0,False,False,False,True,False
TXN0002029,CUST00647,2025-03-31 09:00:00,Debit,4199.32,Entertainment,ATM,Success,0,1,False,False,False,False,False
TXN0002030,CUST00786,2026-02-16 19:00:00,Credit,5466.25,Entertainment,UPI,Success,0,0,False,False,False,False,False
TXN0002031,CUST01103,2025-10-10 17:00:00,Debit,805.35,Groceries,UPI,Success,0,0,False,False,False,False,False
TXN0002032,CUST00330,2025-08-31 21:00:00,Credit,1359.47,Healthcare,UPI,Success,0,1,False,False,False,False,False
TXN0002033,CUST01094,2025-10-04 18:00:00,Debit,4157.33,Food,Net Banking,Success,0,1,False,False,False,False,False
TXN0002034,CUST00062,2025-06-20 11:00:00,Credit,2393.18,Healthcare,UPI,Success,0,0,False,False,False,False,False
TXN0002035,CUST00252,2026-06-12 19:00:00,Debit,2456.99,Rent,UPI,Pending,0,0,False,False,False,False,False
TXN0002036,CUST00345,2025-09-14 02:00:00,Transfer,2144.46,Healthcare,Credit Card,Failed,0,0,False,False,False,False,False
TXN0002037,CUST01188,2026-05-22 09:00:00,Debit,1359.91,Groceries,UPI,Success,0,0,False,False,False,False,False
TXN0002038,CUST00753,2026-01-02 03:00:00,Debit,1581.31,Investment,Net Banking,Success,0,0,False,False,False,False,False
TXN0002039,CUST00449,2025-08-15 02:00:00,Transfer,687.98,Food,UPI,Success,1,0,False,False,False,False,False
TXN0002040,CUST01045,2026-04-15 08:00:00,Debit,1425.78,Investment,ATM,Pending,0,0,False,False,False,False,False
TXN0002041,CUST00754,2026-05-12 05:00:00,Debit,1404.04,Travel,Net Banking,Success,0,0,False,False,False,False,False
TXN0002042,CUST00499,2025-09-19 16:00:00,Transfer,4321.83,Healthcare,UPI,Success,0,0,False,False,False,False,False
TXN0002043,CUST00519,2025-03-09 02:00:00,Transfer,1395.82,Travel,UPI,Success,0,1,False,False,False,False,False
TXN0002044,CUST01114,2025-02-16 17:00:00,Debit,4280.74,Groceries,Debit Card,Success,0,0,False,False,False,False,False
TXN0002045,CUST00960,2026-07-20 02:00:00,Debit,1144.7,Groceries,Debit Card,Failed,0,0,False,False,False,False,False
TXN0002046,CUST00545,2026-03-26 10:00:00,Debit,548.37,Shopping,UPI,Success,0,0,False,False,False,False,False
TXN0002047,CUST00864,2025-01-26 12:00:00,Transfer,4243.07,Food,Net Banking,Success,0,0,False,False,False,False,False
TXN0002048,CUST00980,2026-08-23 13:00:00,Debit,486.69,Investment,UPI,Success,0,0,False,False,False,False,False
TXN0002049,CUST00184,2026-09-14 10:00:00,Credit,485.72,Travel,Net Banking,Failed,0,0,False,False,False,False,False
TXN0002050,CUST00935,2025-06-26 23:00:00,Debit,701.61,Shopping,ATM,Success,0,0,False,False,False,False,False
TXN0002051,CUST00648,2025-09-16 06:00:00,Transfer,2528.2,Rent,ATM,Success,0,0,False,False,False,False,False
TXN0002052,CUST01075,2025-02-24 14:00:00,Credit,80.06,Investment,Debit Card,Success,0,0,False,False,False,False,False
TXN0002053,CUST00311,2026-09-10 22:00:00,Transfer,582.55,Entertainment,UPI,Success,0,0,False,False,False,False,False
TXN0002054,CUST00572,2025-06-05 02:00:00,Debit,993.77,Food,ATM,Success,0,0,False,False,False,False,False
TXN0002055,CUST01074,2025-01-29 20:00:00,Transfer,181.59,Groceries,Credit Card,Success,0,0,False,False,False,False,False
TXN0002056,CUST00457,2025-02-25 21:00:00,Credit,634.26,Healthcare,UPI,Success,0,1,False,False,False,False,False
TXN0002057,CUST00928,2025-05-27 11:00:00,Debit,1487.28,Travel,Credit Card,Pending,0,0,False,False,False,False,False
TXN0002058,CUST00227,2025-06-03 22:00:00,Transfer,1665.64,Groceries,UPI,Success,0,0,False,False,False,False,False
TXN0002059,CUST00221,2026-09-09 16:00:00,Debit,796.22,Shopping,Net Banking,Success,0,0,False,False,False,False,False
TXN0002060,CUST00605,2025-01-09 01:00:00,Transfer,550.12,Travel,Debit Card,Success,0,1,False,False,False,False,False
TXN0002061,CUST00983,2025-05-31 18:00:00,Debit,2008.41,Groceries,Unknown,Success,0,0,False,False,False,False,False
TXN0002062,CUST00514,2026-02-26 15:00:00,Transfer,697.42,Healthcare,Net Banking,Success,0,0,False,False,False,False,False
TXN0002063,CUST00188,2026-01-19 04:00:00,Debit,158.53,Utilities,Net Banking,Pending,0,0,False,False,False,False,False
TXN0002064,CUST00764,2026-02-23 18:00:00,Debit,1365.93,Groceries,Net Banking,Success,0,0,False,False,False,False,False
TXN0002065,CUST00686,2025-01-19 02:00:00,Credit,3987.0,Groceries,Credit Card,Failed,0,0,False,False,False,False,False
TXN0002066,CUST00144,2025-05-04 20:00:00,Debit,353.01,Food,Debit Card,Success,0,0,False,False,False,False,False
TXN0002067,CUST00378,2026-03-19 21:00:00,Transfer,1625.42,Salary,UPI,Success,0,0,False,False,False,False,False
TXN0002068,CUST00785,2025-04-26 02:00:00,Transfer,1465.64,Healthcare,Debit Card,Success,0,0,False,False,False,False,False
TXN0002069,CUST00297,2026-01-01 19:00:00,Credit,1175.79,Food,UPI,Success,0,0,False,False,False,False,False
TXN0002070,CUST00138,2025-12-13 18:00:00,Transfer,6977.07,Groceries,Net Banking,Pending,0,0,False,False,False,False,False
TXN0002071,CUST00656,2026-05-20 14:00:00,Debit,775.16,Salary,ATM,Success,0,0,False,False,False,False,False
TXN0002072,CUST01087,2025-02-12 05:00:00,Transfer,413.84,Investment,UPI,Success,0,0,False,False,False,False,False
TXN0002073,CUST00066,2026-06-20 22:00:00,Transfer,4867.03,Groceries,ATM,Success,0,0,False,False,False,False,False
TXN0002074,CUST00976,2025-08-10 11:00:00,Debit,1144.48,Entertainment,ATM,Success,0,0,False,False,False,False,False
TXN0002075,CUST01115,2025-09-29 19:00:00,Debit,1104.19,Utilities,UPI,Failed,0,0,False,False,False,False,False
TXN0002076,CUST00174,2025-08-21 21:00:00,Transfer,816.1,Salary,UPI,Success,1,0,False,False,False,False,False
TXN0002077,CUST01132,2025-12-02 09:00:00,Debit,3692.88,Travel,UPI,Success,0,0,False,False,False,False,False
TXN0002078,CUST00504,2025-04-26 07:00:00,Transfer,2171.14,Investment,ATM,Success,0,1,False,False,False,False,False
TXN0002079,CUST00529,2026-02-08 15:00:00,Debit,872.1,Groceries,UPI,Success,0,0,False,False,False,False,False
TXN0002080,CUST00121,2025-01-19 07:00:00,Transfer,619.08,Shopping,UPI,Success,0,0,False,False,False,False,False
TXN0002081,CUST00217,2026-01-23 15:00:00,Transfer,1181.12,Utilities,Debit Card,Pending,0,0,False,False,False,False,False
TXN0002082,CUST00865,2025-04-11 19:00:00,Transfer,816.6,Entertainment,Credit Card,Failed,0,0,False,False,False,False,False
TXN0002083,CUST00550,2026-01-29 20:00:00,Credit,320.16,Salary,UPI,Success,0,0,False,False,False,False,False
TXN0002084,CUST00460,2026-01-17 13:00:00,Debit,1236.66,Food,UPI,Success,0,1,False,False,False,False,False
TXN0002085,CUST00255,2025-02-28 10:00:00,Transfer,1942.98,Entertainment,UPI,Success,0,0,False,False,False,False,False
TXN0002086,CUST01063,2025-06-22 15:00:00,Debit,781.17,Utilities,UPI,Success,0,1,False,False,False,False,False
TXN0002087,CUST00611,2025-07-17 10:00:00,Debit,1324.01,Unknown,ATM,Success,0,0,False,False,False,False,False
TXN0002088,CUST00352,2025-01-29 18:00:00,Transfer,616.6,Travel,UPI,Success,0,0,False,False,False,False,False
TXN0002089,CUST00499,2026-01-29 08:00:00,Credit,1391.72,Shopping,UPI,Success,0,0,False,False,False,False,False
TXN0002090,CUST00040,2026-03-25 19:00:00,Credit,537.38,Food,UPI,Success,1,0,False,False,False,False,False
TXN0002091,CUST01192,2026-02-01 18:00:00,Transfer,614.29,Travel,UPI,Success,0,0,False,False,False,False,False
TXN0002092,CUST01016,2026-05-21 19:00:00,Transfer,598.97,Food,Debit Card,Success,0,0,False,False,False,False,False
TXN0002093,CUST00336,2025-09-11 06:00:00,Debit,2727.29,Utilities,Net Banking,Success,0,2,False,False,False,False,False
TXN0002094,CUST00845,2026-04-21 03:00:00,Debit,298.78,Investment,Net Banking,Success,0,0,False,False,False,False,False
TXN0002095,CUST00604,2025-07-18 21:00:00,Debit,50.0,Travel,ATM,Success,0,1,False,False,False,False,False
TXN0002096,CUST00148,2026-01-17 10:00:00,Transfer,955.33,Healthcare,UPI,Success,0,0,False,False,False,False,False
TXN0002097,CUST00639,2026-05-17 16:00:00,Debit,1255.55,Salary,Credit Card,Success,0,0,False,False,False,False,False
TXN0002098,CUST00779,2025-12-09 17:00:00,Debit,417.44,Salary,UPI,Success,0,0,False,False,False,False,False
TXN0002099,CUST00130,2026-04-01 15:00:00,Debit,1081.76,Entertainment,UPI,Success,0,1,False,False,False,False,False
TXN0002100,CUST00493,2025-08-21 10:00:00,Debit,708.21,Groceries,Net Banking,Success,0,1,False,False,False,False,False
TXN0002101,CUST00985,2025-03-05 09:00:00,Transfer,666.41,Groceries,UPI,Success,1,2,False,False,False,False,False
TXN0002102,CUST00933,2026-02-04 05:00:00,Transfer,248.64,Entertainment,UPI,Success,0,0,False,False,False,False,False
TXN0002103,CUST01103,2025-06-03 11:00:00,Debit,126.66,Rent,UPI,Success,0,0,False,False,False,False,False
TXN0002104,CUST00206,2025-08-31 22:00:00,Transfer,137.96,Healthcare,UPI,Success,0,0,False,False,False,False,False
TXN0002105,CUST01137,2026-06-26 10:00:00,Debit,4083.03,Shopping,Net Banking,Success,0,0,False,False,False,False,False
TXN0002106,CUST00263,2025-02-27 16:00:00,Debit,526.33,Shopping,Net Banking,Success,0,0,False,False,False,False,False
TXN0002107,CUST00933,2025-03-13 14:00:00,Transfer,4546.88,Healthcare,UPI,Success,1,1,False,False,False,False,False
TXN0002108,CUST00961,2026-01-01 21:00:00,Transfer,1706.74,Groceries,UPI,Failed,0,0,False,False,False,False,False
TXN0002109,CUST01185,2026-02-13 14:00:00,Debit,1756.86,Entertainment,Credit Card,Failed,0,1,False,False,False,False,False
TXN0002110,CUST00615,2026-04-22 09:00:00,Debit,320.04,Groceries,Debit Card,Success,0,0,False,False,False,False,False
TXN0002111,CUST00860,2026-01-09 03:00:00,Debit,1202.98,Shopping,Debit Card,Success,0,0,False,False,False,False,False
TXN0002112,CUST00347,2025-03-09 07:00:00,Credit,532.68,Travel,Net Banking,Success,0,1,False,False,False,False,False
TXN0002113,CUST01030,2025-03-13 00:00:00,Transfer,1477.38,Rent,Debit Card,Success,0,0,False,False,False,False,False
TXN0002114,CUST00610,2025-07-11 16:00:00,Debit,307.7,Groceries,UPI,Success,0,1,False,False,False,False,False
TXN0002115,CUST00253,2025-12-24 20:00:00,Debit,119.34,Healthcare,ATM,Success,0,0,False,False,False,False,False
TXN0002116,CUST00170,2025-10-30 21:00:00,Credit,323.11,Food,UPI,Success,0,0,False,False,False,False,False
TXN0002117,CUST01024,2025-03-12 06:00:00,Debit,396.23,Unknown,UPI,Pending,0,1,False,False,False,False,False
TXN0002118,CUST00674,2025-05-28 06:00:00,Credit,820.99,Shopping,Credit Card,Success,0,0,False,False,False,False,False
TXN0002119,CUST00466,2025-07-09 22:00:00,Transfer,5289.21,Shopping,UPI,Success,0,1,False,False,False,False,False
TXN0002120,CUST01176,2025-01-03 00:00:00,Debit,1026.88,Entertainment,UPI,Success,0,0,False,False,False,False,False
TXN0002121,CUST00924,2025-02-28 14:00:00,Transfer,5092.9,Healthcare,UPI,Success,1,1,False,False,False,False,False
TXN0002122,CUST00489,2026-08-11 05:00:00,Transfer,1135.24,Rent,Net Banking,Success,0,0,False,False,False,False,False
TXN0002123,CUST00181,2025-05-06 18:00:00,Debit,471.94,Rent,UPI,Success,0,1,False,False,False,False,False
TXN0002124,CUST00429,2025-03-12 20:00:00,Credit,3127.64,Healthcare,UPI,Success,0,0,False,False,False,False,False
TXN0002125,CUST01153,2026-04-15 06:00:00,Debit,3514.41,Entertainment,Debit Card,Success,0,0,False,False,False,False,False
TXN0002126,CUST00788,2026-08-22 12:00:00,Transfer,2840.68,Investment,Debit Card,Success,0,1,False,False,False,False,False
TXN0002127,CUST00934,2025-09-11 22:00:00,Transfer,765.97,Utilities,UPI,Success,0,0,False,False,False,False,False
TXN0002128,CUST00678,2025-05-23 22:00:00,Debit,257.46,Salary,UPI,Success,0,0,False,False,False,False,False
TXN0002129,CUST00928,2026-04-23 14:00:00,Debit,7729.0,Healthcare,Credit Card,Success,0,0,False,False,False,False,False
TXN0002130,CUST00924,2025-06-23 07:00:00,Debit,510.11,Shopping,UPI,Success,0,0,False,False,False,False,False
TXN0002131,CUST01060,2025-10-13 02:00:00,Debit,1041.53,Food,Debit Card,Unknown,0,0,False,False,False,False,False
TXN0002132,CUST00928,2025-04-27 05:00:00,Transfer,324.09,Entertainment,ATM,Success,0,0,False,False,False,False,False
TXN0002133,CUST00131,2026-04-19 20:00:00,Transfer,402.27,Entertainment,Debit Card,Success,0,0,False,False,False,False,False
TXN0002134,CUST00517,2025-04-23 14:00:00,Transfer,1282.08,Travel,Net Banking,Success,0,2,False,False,False,False,False
TXN0002135,,2026-03-31 04:00:00,Transfer,909.23,Investment,UPI,Success,0,0,False,False,True,False,False
TXN0002136,CUST00682,2025-01-10 06:00:00,Credit,4127.7,Salary,UPI,Success,0,0,False,False,False,False,False
TXN0002137,CUST00539,2025-07-24 03:00:00,Transfer,178.32,Shopping,Debit Card,Success,0,0,False,False,False,False,False
TXN0002138,CUST01137,2026-04-04 05:00:00,Debit,4306.59,Utilities,UPI,Success,0,1,False,False,False,False,False
TXN0002139,CUST00779,2026-07-20 01:00:00,Debit,840.98,Salary,ATM,Success,0,0,False,False,False,False,False
TXN0002140,CUST00410,2025-10-22 12:00:00,Credit,1067.34,Food,Net Banking,Success,0,0,False,False,False,False,False
TXN0002141,CUST00442,2026-06-10 15:00:00,Transfer,2818.72,Groceries,UPI,Success,0,1,False,False,False,False,False
TXN0002142,CUST00371,2026-01-05 03:00:00,Debit,573.76,Groceries,Net Banking,Failed,0,0,False,False,False,False,False
TXN0002143,CUST00467,2025-11-20 09:00:00,Debit,112.61,Unknown,UPI,Success,1,0,False,False,False,False,False
TXN0002144,CUST00877,2025-06-09 11:00:00,Debit,296.07,Investment,ATM,Failed,0,1,False,False,False,False,False
TXN0002145,CUST01178,2025-07-24 16:00:00,Debit,1433.31,Travel,UPI,Success,0,1,False,False,False,False,False
TXN0002146,CUST00279,2026-07-31 20:00:00,Transfer,530.8,Entertainment,Net Banking,Success,0,0,False,False,False,False,False
TXN0002147,CUST00768,2025-06-19 03:00:00,Debit,666.18,Shopping,Debit Card,Success,0,1,False,False,False,False,False
TXN0002148,CUST00144,2025-06-30 23:00:00,Debit,4098.92,Shopping,UPI,Success,0,0,False,False,False,False,False
TXN0002149,CUST00572,2025-10-06 22:00:00,Credit,385.57,Shopping,Net Banking,Pending,0,1,False,False,False,False,False
TXN0002150,CUST00194,2026-01-03 06:00:00,Debit,1096.265,Salary,UPI,Success,0,0,False,False,False,True,False
TXN0002151,CUST00218,2025-11-14 11:00:00,Credit,5656.71,Utilities,UPI,Success,0,0,False,False,False,False,False
TXN0002152,CUST00745,2025-06-03 11:00:00,Debit,1721.51,Shopping,UPI,Success,0,0,False,False,False,False,False
TXN0002153,CUST00629,2025-11-08 10:00:00,Transfer,903.09,Investment,UPI,Success,0,1,False,False,False,False,False
TXN0002154,CUST00718,2025-03-18 20:00:00,Transfer,3184.96,Travel,ATM,Success,0,0,False,False,False,False,False
TXN0002155,CUST00493,2025-10-07 12:00:00,Debit,2532.23,Food,UPI,Success,0,0,False,False,False,False,False
TXN0002156,CUST00146,2025-03-23 14:00:00,Credit,3360.12,Rent,UPI,Success,0,1,False,False,False,False,False
TXN0002157,CUST00465,2026-04-01 12:00:00,Debit,2450.2,Shopping,ATM,Success,0,1,False,False,False,False,False
TXN0002158,CUST01100,2026-05-17 16:00:00,Transfer,3208.52,Utilities,UPI,Success,0,0,False,False,False,False,False
TXN0002159,CUST00882,2026-09-19 04:00:00,Transfer,3656.62,Groceries,Net Banking,Success,0,0,False,False,False,False,False
TXN0002160,CUST00973,2025-02-07 07:00:00,Credit,374.29,Utilities,UPI,Success,1,0,False,False,False,False,False
TXN0002161,CUST00828,2026-05-06 05:00:00,Debit,221.36,Healthcare,UPI,Success,0,0,False,False,False,False,False
TXN0002162,CUST00706,2025-05-19 11:00:00,Debit,400.4,Rent,Debit Card,Success,0,0,False,False,False,False,False
TXN0002163,CUST00895,2025-10-23 21:00:00,Transfer,2231.55,Food,UPI,Success,0,0,False,False,False,False,False
TXN0002164,CUST00864,2025-01-29 22:00:00,Debit,1163.17,Entertainment,UPI,Pending,0,0,False,False,False,False,False
TXN0002165,CUST00295,2025-07-18 14:00:00,Credit,963.43,Investment,UPI,Failed,0,0,False,False,False,False,False
TXN0002166,CUST00798,2025-10-19 09:00:00,Transfer,410.9,Groceries,Credit Card,Success,0,0,False,False,False,False,False
TXN0002167,CUST00605,2025-10-23 15:00:00,Transfer,730.17,Food,Debit Card,Success,0,0,False,False,False,False,False
TXN0002168,CUST00148,2025-12-21 11:00:00,Credit,151.97,Food,UPI,Success,0,2,False,False,False,False,False
TXN0002169,CUST00599,2026-01-22 15:00:00,Credit,1670.57,Salary,Net Banking,Success,0,0,False,False,False,False,False
TXN0002170,CUST01176,2025-03-23 00:00:00,Debit,576.02,Shopping,UPI,Success,0,0,False,False,False,False,False
TXN0002171,CUST00189,2025-04-04 07:00:00,Credit,1135.81,Healthcare,UPI,Success,0,0,False,False,False,False,False
TXN0002172,CUST01165,2026-09-02 20:00:00,Transfer,1043.85,Investment,Net Banking,Success,0,0,False,False,False,False,False
TXN0002173,CUST00119,2025-12-09 09:00:00,Credit,2855.68,Shopping,Debit Card,Success,0,0,False,False,False,False,False
TXN0002174,CUST00845,2026-06-08 10:00:00,Debit,1387.62,Utilities,Debit Card,Pending,0,0,False,False,False,False,False
TXN0002175,CUST00425,2026-07-03 11:00:00,Transfer,615.28,Salary,ATM,Success,0,0,False,False,False,False,False
TXN0002176,CUST00891,2026-07-05 15:00:00,Credit,808.18,Utilities,ATM,Success,0,0,False,False,False,False,False
TXN0002177,CUST00623,2026-01-31 11:00:00,Debit,844.22,Healthcare,Debit Card,Success,0,0,False,False,False,False,False
TXN0002178,CUST01144,2026-02-08 02:00:00,Debit,6696.19,Rent,UPI,Success,0,0,False,False,False,False,False
TXN0002179,CUST00794,2026-03-19 12:00:00,Debit,766.6,Salary,UPI,Success,0,0,False,False,False,False,False
TXN0002180,CUST00993,2025-01-10 09:00:00,Credit,4274.09,Shopping,Credit Card,Pending,0,3,False,False,False,False,False
TXN0002181,CUST00227,2025-08-20 11:00:00,Credit,1262.07,Salary,UPI,Success,0,0,False,False,False,False,False
TXN0002182,CUST00031,2026-07-28 15:00:00,Debit,2163.03,Rent,UPI,Success,0,0,False,False,False,False,False
TXN0002183,CUST00249,2026-05-11 02:00:00,Credit,363.13,Investment,UPI,Success,0,0,False,False,False,False,False
TXN0002184,CUST00517,2025-06-02 16:00:00,Transfer,4694.99,Entertainment,UPI,Failed,0,0,False,False,False,False,False
TXN0002185,CUST01105,2025-06-22 23:00:00,Credit,930.68,Travel,UPI,Success,0,0,False,False,False,False,False
TXN0002186,CUST00880,2026-05-17 13:00:00,Credit,2068.84,Entertainment,UPI,Success,0,1,False,False,False,False,False
TXN0002187,CUST01048,2026-08-13 12:00:00,Transfer,1259.13,Salary,UPI,Success,0,1,False,False,False,False,False
TXN0002188,CUST00109,2025-10-01 20:00:00,Transfer,695.68,Healthcare,Net Banking,Success,0,0,False,False,False,False,False
TXN0002189,CUST00440,2025-02-13 10:00:00,Debit,2015.65,Utilities,Net Banking,Success,0,0,False,False,False,False,False
TXN0002190,CUST01158,2026-05-09 23:00:00,Debit,2050.13,Food,Credit Card,Success,0,0,False,False,False,False,False
TXN0002191,CUST00498,2026-02-07 04:00:00,Debit,720.9,Rent,UPI,Success,1,0,False,False,False,False,False
TXN0002192,CUST00619,2025-01-21 11:00:00,Debit,5637.49,Healthcare,ATM,Success,0,0,False,False,False,False,False
TXN0002193,CUST00096,2025-09-07 21:00:00,Transfer,257.55,Entertainment,Credit Card,Success,0,0,False,False,False,False,False
TXN0002194,CUST00174,2026-01-20 01:00:00,Debit,3038.88,Entertainment,UPI,Success,0,0,False,False,False,False,False
TXN0002195,CUST00442,2026-03-30 21:00:00,Debit,339.83,Entertainment,ATM,Success,0,0,False,False,False,False,False
TXN0002196,CUST01042,2025-04-18 21:00:00,Transfer,1022.32,Utilities,Debit Card,Success,0,0,False,False,False,False,False
TXN0002197,CUST00917,2025-05-07 22:00:00,Debit,248.24,Investment,UPI,Success,0,0,False,False,False,False,False
TXN0002198,CUST00637,2026-07-05 21:00:00,Transfer,2865.5,Groceries,Net Banking,Success,0,0,False,False,False,False,False
TXN0002199,CUST00623,2026-09-05 07:00:00,Transfer,933.77,Groceries,Debit Card,Success,0,0,False,False,False,False,False
TXN0002200,CUST00813,2026-09-19 12:00:00,Debit,1226.69,Entertainment,Debit Card,Success,0,0,False,False,False,False,False
TXN0002201,CUST01129,2026-06-28 17:00:00,Transfer,851.4,Entertainment,Credit Card,Success,0,0,False,False,False,False,False
TXN0002202,CUST00331,2025-10-18 17:00:00,Transfer,2328.45,Groceries,UPI,Pending,0,0,False,False,False,False,False
TXN0002203,CUST00821,2026-07-29 14:00:00,Transfer,11328.14,Healthcare,ATM,Unknown,0,2,False,False,False,False,False
TXN0002204,CUST00612,2026-06-28 17:00:00,Credit,346.62,Travel,Credit Card,Success,0,0,False,False,False,False,False
TXN0002205,CUST00838,2025-12-13 18:00:00,Credit,900.08,Investment,UPI,Success,0,0,False,False,False,False,False
TXN0002206,CUST00923,2026-01-20 20:00:00,Debit,3156.83,Utilities,UPI,Success,0,0,False,False,False,False,False
TXN0002207,,2025-10-22 13:00:00,Debit,1098.98,Rent,ATM,Success,0,0,False,False,True,False,False
TXN0002208,CUST01093,2025-07-28 23:00:00,Transfer,673.24,Travel,Debit Card,Success,0,0,False,False,False,False,False
TXN0002209,CUST00282,2026-06-16 01:00:00,Debit,2684.64,Salary,Credit Card,Success,0,0,False,False,False,False,False
TXN0002210,,2025-08-13 03:00:00,Transfer,280.56,Entertainment,Unknown,Success,0,0,False,False,True,False,False
TXN0002211,CUST00424,2025-03-04 05:00:00,Credit,1844.9,Investment,UPI,Success,0,0,False,False,False,False,False
TXN0002212,CUST00670,2025-06-12 19:00:00,Transfer,1374.41,Investment,Debit Card,Success,0,0,False,False,False,False,False
TXN0002213,CUST01178,2025-09-29 16:00:00,Debit,1752.72,Utilities,Debit Card,Success,0,0,False,False,False,False,False
TXN0002214,CUST00665,2025-03-13 19:00:00,Transfer,2471.13,Groceries,UPI,Success,0,0,False,False,False,False,False
TXN0002215,CUST00238,2026-04-09 17:00:00,Debit,273.34,Groceries,UPI,Success,0,0,False,False,False,False,False
TXN0002216,CUST00886,2025-05-08 13:00:00,Debit,1030.91,Groceries,UPI,Success,0,0,False,False,False,False,False
TXN0002217,CUST00561,2025-12-03 07:00:00,Credit,464.41,Groceries,UPI,Success,0,0,False,False,False,False,False
TXN0002218,CUST00424,2025-07-02 00:00:00,Credit,1181.63,Utilities,Debit Card,Success,0,0,False,False,False,False,False
TXN0002219,CUST00937,2025-10-23 17:00:00,Debit,6596.24,Rent,Unknown,Success,0,0,False,False,False,False,False
TXN0002220,CUST00069,2025-12-17 11:00:00,Debit,753.26,Entertainment,Net Banking,Success,0,0,False,False,False,False,False
TXN0002221,CUST00041,2026-07-09 05:00:00,Transfer,1604.39,Investment,Credit Card,Success,0,0,False,False,False,False,False
TXN0002222,CUST00401,2026-01-15 21:00:00,Credit,1369.07,Healthcare,Net Banking,Success,0,0,False,False,False,False,False
TXN0002223,CUST00903,2025-01-25 10:00:00,Debit,323.11,Food,ATM,Success,0,0,False,False,False,False,False
TXN0002224,CUST00571,2025-04-25 20:00:00,Transfer,5437.74,Utilities,UPI,Success,0,0,False,False,False,False,False
TXN0002225,CUST00135,2026-05-01 18:00:00,Debit,1438.33,Entertainment,UPI,Failed,0,0,False,False,False,False,False
TXN0002226,CUST00172,2025-09-22 00:00:00,Credit,520.72,Entertainment,Credit Card,Success,1,1,False,False,False,False,False
TXN0002227,CUST00067,2026-03-13 06:00:00,Debit,567.37,Groceries,ATM,Success,0,0,False,False,False,False,False
TXN0002228,CUST01032,2026-03-22 05:00:00,Debit,152.93,Food,UPI,Success,0,1,False,False,False,False,False
TXN0002229,CUST00864,2025-04-08 00:00:00,Transfer,1392.96,Unknown,Debit Card,Failed,0,0,False,False,False,False,False
TXN0002230,CUST00890,2026-08-31 05:00:00,Debit,668.63,Shopping,Debit Card,Success,0,0,False,False,False,False,False
TXN0002231,CUST00445,2025-07-01 13:00:00,Debit,7895.13,Entertainment,Credit Card,Success,0,1,False,False,False,False,False
TXN0002232,CUST00890,2025-08-04 00:00:00,Debit,12657.04,Healthcare,Credit Card,Success,0,0,False,False,False,False,True
TXN0002233,CUST01004,2025-09-03 01:00:00,Debit,777.3,Groceries,Net Banking,Pending,0,0,False,False,False,False,False
TXN0002234,CUST00149,2025-12-01 12:00:00,Transfer,912.21,Travel,Net Banking,Pending,0,0,False,False,False,False,False
TXN0002235,CUST00096,2025-03-14 16:00:00,Transfer,1774.93,Healthcare,Debit Card,Success,0,1,False,False,False,False,False
TXN0002236,CUST00325,2026-06-03 10:00:00,Debit,2301.24,Entertainment,Net Banking,Success,0,0,False,False,False,False,False
TXN0002237,CUST00707,2025-08-10 23:00:00,Debit,1195.14,Groceries,UPI,Success,0,0,False,False,False,False,False
TXN0002238,CUST00634,2025-12-02 17:00:00,Transfer,977.5,Travel,ATM,Success,0,0,False,False,False,False,False
TXN0002239,CUST00540,2026-06-02 12:00:00,Credit,943.53,Groceries,UPI,Success,1,0,False,False,False,False,False
TXN0002240,CUST00671,2025-10-26 11:00:00,Debit,473.58,Utilities,UPI,Success,0,1,False,False,False,False,False
TXN0002241,CUST00620,2025-08-06 13:00:00,Debit,1043.94,Healthcare,UPI,Failed,0,0,False,False,False,False,False
TXN0002242,CUST01070,2025-05-28 01:00:00,Credit,338.69,Shopping,Net Banking,Success,0,0,False,False,False,False,False
TXN0002243,CUST00579,2025-07-20 01:00:00,Debit,3245.36,Investment,UPI,Success,0,0,False,False,False,False,False
TXN0002244,CUST00274,2026-07-11 03:00:00,Transfer,552.77,Shopping,Debit Card,Success,0,0,False,False,False,False,False
TXN0002245,CUST00648,2026-05-09 07:00:00,Credit,433.84,Healthcare,UPI,Failed,1,0,False,False,False,False,False
TXN0002246,CUST01147,2026-02-13 21:00:00,Debit,1228.33,Rent,Debit Card,Success,0,0,False,False,False,False,False
TXN0002247,CUST00510,2026-01-01 10:00:00,Credit,1187.15,Entertainment,Debit Card,Success,0,0,False,False,False,False,False
TXN0002248,CUST00526,2025-05-12 19:00:00,Debit,1754.8,Salary,Debit Card,Success,0,1,False,False,False,False,False
TXN0002249,CUST00113,2026-05-20 09:00:00,Debit,4469.32,Entertainment,ATM,Success,0,1,False,False,False,False,False
TXN0002250,CUST00532,2026-01-09 11:00:00,Credit,359.44,Groceries,ATM,Success,0,0,False,False,False,False,False
TXN0002251,CUST00083,2026-04-26 23:00:00,Debit,678.87,Entertainment,UPI,Success,0,1,False,False,False,False,False
TXN0002252,CUST00342,2025-04-18 15:00:00,Debit,1340.62,Travel,UPI,Success,0,0,False,False,False,False,False
TXN0002253,CUST00744,2026-02-14 00:00:00,Credit,834.15,Utilities,UPI,Success,0,0,False,False,False,False,False
TXN0002254,CUST01184,2025-11-17 16:00:00,Debit,3622.66,Salary,ATM,Success,0,1,False,False,False,False,False
TXN0002255,CUST00540,2026-05-08 14:00:00,Transfer,83.98,Rent,UPI,Success,0,0,False,False,False,False,False
TXN0002256,CUST01029,2025-01-07 10:00:00,Credit,1264.2,Shopping,Debit Card,Success,0,0,False,False,False,False,False
TXN0002257,CUST01064,2025-02-24 23:00:00,Credit,467.58,Food,Net Banking,Success,0,0,False,False,False,False,False
TXN0002258,CUST00410,2026-09-29 23:00:00,Credit,284.78,Investment,UPI,Success,0,2,False,False,False,False,False
TXN0002259,CUST00026,2026-06-07 10:00:00,Debit,13419.04,Investment,UPI,Success,0,0,False,False,False,False,True
TXN0002260,CUST00586,2026-08-13 06:00:00,Debit,-500.0,Entertainment,Unknown,Success,0,0,True,False,False,False,False
TXN0002261,CUST00877,2025-12-15 02:00:00,Debit,2336.91,Entertainment,Debit Card,Success,1,0,False,False,False,False,False
TXN0002262,CUST00257,2025-02-26 07:00:00,Debit,473.57,Travel,ATM,Pending,0,0,False,False,False,False,False
TXN0002263,CUST00834,2026-08-20 07:00:00,Credit,902.09,Entertainment,Credit Card,Success,0,0,False,False,False,False,False
TXN0002264,CUST00932,2025-10-16 05:00:00,Debit,274.23,Healthcare,Debit Card,Success,0,1,False,False,False,False,False
TXN0002265,CUST00644,2025-09-13 17:00:00,Debit,412.34,Entertainment,Net Banking,Success,0,0,False,False,False,False,False
TXN0002266,CUST00822,2025-11-10 03:00:00,Transfer,10258.96,Food,UPI,Success,0,0,False,False,False,False,False
TXN0002267,CUST00589,2025-07-15 16:00:00,Debit,4800.06,Food,ATM,Failed,0,0,False,False,False,False,False
TXN0002268,CUST00032,2025-01-17 09:00:00,Credit,561.75,Rent,Debit Card,Success,0,0,False,False,False,False,False
TXN0002269,CUST01190,2026-05-20 11:00:00,Debit,50.0,Healthcare,UPI,Success,0,1,False,False,False,False,False
TXN0002270,CUST00009,2026-03-30 16:00:00,Transfer,2426.4,Food,UPI,Success,0,0,False,False,False,False,False
TXN0002271,CUST00863,2025-12-14 22:00:00,Debit,284.79,Healthcare,UPI,Success,0,0,False,False,False,False,False
TXN0002272,CUST00759,2025-12-30 15:00:00,Credit,198.34,Food,UPI,Success,0,1,False,False,False,False,False
TXN0002273,CUST00809,2026-02-22 13:00:00,Debit,4335.35,Groceries,UPI,Success,0,1,False,False,False,False,False
TXN0002274,CUST00024,2026-07-31 18:00:00,Debit,1120.18,Utilities,UPI,Success,0,1,False,False,False,False,False
TXN0002275,CUST01158,2025-08-14 14:00:00,Credit,159.16,Salary,Debit Card,Failed,0,1,False,False,False,False,False
TXN0002276,CUST00016,2025-01-10 05:00:00,Debit,1096.265,Salary,Credit Card,Success,0,0,False,False,False,True,False
TXN0002277,CUST00390,2026-04-13 00:00:00,Debit,2120.79,Groceries,Debit Card,Success,0,1,False,False,False,False,False
TXN0002278,CUST00402,2026-01-18 23:00:00,Debit,1030.52,Investment,UPI,Success,0,0,False,False,False,False,False
TXN0002279,CUST00994,2026-07-04 13:00:00,Debit,1487.91,Entertainment,UPI,Success,0,0,False,False,False,False,False
TXN0002280,CUST01023,2025-04-24 05:00:00,Credit,5774.52,Healthcare,Debit Card,Success,0,0,False,False,False,False,False
TXN0002281,CUST00496,2025-03-22 20:00:00,Credit,3178.1,Travel,Debit Card,Success,0,0,False,False,False,False,False
TXN0002282,CUST00702,2026-02-16 11:00:00,Debit,478.84,Unknown,Debit Card,Success,0,0,False,False,False,False,False
TXN0002283,CUST00630,2026-08-17 09:00:00,Transfer,630.47,Salary,ATM,Success,0,1,False,False,False,False,False
TXN0002284,CUST00576,2025-12-20 15:00:00,Credit,119.62,Investment,UPI,Success,0,0,False,False,False,False,False
TXN0002285,CUST01137,2026-03-19 01:00:00,Credit,94.17,Shopping,UPI,Success,0,1,False,False,False,False,False
TXN0002286,CUST00239,2025-04-15 06:00:00,Debit,1157.44,Healthcare,Credit Card,Success,0,1,False,False,False,False,False
TXN0002287,CUST00900,2025-04-10 12:00:00,Debit,245.2,Healthcare,Credit Card,Success,0,0,False,False,False,False,False
TXN0002288,CUST00204,2026-06-17 23:00:00,Debit,2589.81,Food,Net Banking,Success,0,0,False,False,False,False,False
TXN0002289,CUST00820,2026-07-27 18:00:00,Debit,1936.74,Utilities,UPI,Failed,0,0,False,False,False,False,False
TXN0002290,CUST01196,2025-07-21 18:00:00,Transfer,1872.87,Rent,UPI,Success,0,0,False,False,False,False,False
TXN0002291,CUST00158,2026-07-04 06:00:00,Credit,374.85,Utilities,Debit Card,Failed,0,0,False,False,False,False,False
TXN0002292,CUST00096,2026-07-11 21:00:00,Debit,267.05,Entertainment,Net Banking,Success,0,0,False,False,False,False,False
TXN0002293,CUST00312,2026-06-26 14:00:00,Debit,1612.87,Salary,Credit Card,Success,0,1,False,False,False,False,False
TXN0002294,CUST00503,2026-06-25 20:00:00,Debit,50.0,Healthcare,Unknown,Success,0,0,False,False,False,False,False
TXN0002295,CUST00113,2025-12-31 08:00:00,Debit,1046.68,Utilities,Net Banking,Success,0,0,False,False,False,False,False
TXN0002296,CUST00706,2025-12-18 23:00:00,Transfer,2498.87,Groceries,ATM,Success,0,0,False,False,False,False,False
TXN0002297,CUST00753,2025-02-28 19:00:00,Transfer,772.13,Travel,Net Banking,Success,0,0,False,False,False,False,False
TXN0002298,CUST00640,2025-09-08 09:00:00,Credit,564.85,Entertainment,Debit Card,Success,0,0,False,False,False,False,False
TXN0002299,CUST00185,2025-03-09 21:00:00,Transfer,1643.39,Shopping,Debit Card,Success,0,0,False,False,False,False,False
TXN0002300,CUST01144,2026-08-29 00:00:00,Credit,967.34,Groceries,UPI,Failed,0,1,False,False,False,False,False
TXN0002301,CUST00217,2025-07-02 15:00:00,Debit,500.53,Investment,UPI,Success,1,0,False,False,False,False,False
TXN0002302,CUST00471,2026-03-18 23:00:00,Debit,467.13,Travel,Net Banking,Success,0,0,False,False,False,False,False
TXN0002303,CUST01166,2025-06-15 03:00:00,Debit,1280.81,Investment,Debit Card,Success,1,1,False,False,False,False,False
TXN0002304,CUST00245,2026-06-19 15:00:00,Transfer,9386.11,Groceries,Debit Card,Success,0,1,False,False,False,False,False
TXN0002305,CUST00868,2025-11-01 05:00:00,Transfer,7730.73,Shopping,ATM,Success,0,0,False,False,False,False,False
TXN0002306,CUST00007,2026-03-04 08:00:00,Debit,760.13,Food,Net Banking,Success,0,1,False,False,False,False,False
TXN0002307,CUST00973,2025-08-04 09:00:00,Transfer,583.87,Shopping,ATM,Success,0,0,False,False,False,False,False
TXN0002308,CUST01057,2026-09-12 22:00:00,Debit,1251.42,Food,ATM,Success,0,0,False,False,False,False,False
TXN0002309,CUST01110,2026-07-12 10:00:00,Debit,1033.95,Healthcare,Debit Card,Success,0,0,False,False,False,False,False
TXN0002310,CUST01200,2026-07-06 15:00:00,Credit,5098.53,Salary,Debit Card,Success,1,2,False,False,False,False,False
TXN0002311,CUST00783,2025-11-15 08:00:00,Debit,1822.27,Salary,UPI,Pending,0,0,False,False,False,False,False
TXN0002312,CUST00058,2025-01-29 21:00:00,Transfer,86.42,Food,Credit Card,Success,0,0,False,False,False,False,False
TXN0002313,CUST00545,2026-02-13 08:00:00,Credit,2912.36,Salary,UPI,Success,0,1,False,False,False,False,False
TXN0002314,CUST01003,2026-01-21 01:00:00,Credit,870.58,Food,UPI,Success,0,0,False,False,False,False,False
TXN0002315,CUST00592,2025-01-03 19:00:00,Transfer,462.89,Investment,UPI,Success,0,0,False,False,False,False,False
TXN0002316,CUST00641,2025-07-13 03:00:00,Debit,619.65,Healthcare,UPI,Success,0,0,False,False,False,False,False
TXN0002317,CUST01167,2025-02-06 11:00:00,Transfer,2236.45,Salary,UPI,Success,0,0,False,False,False,False,False
TXN0002318,CUST00264,2025-12-12 18:00:00,Transfer,2774.46,Healthcare,UPI,Failed,1,0,False,False,False,False,False
TXN0002319,CUST00068,2025-04-29 08:00:00,Transfer,492.03,Entertainment,ATM,Success,0,0,False,False,False,False,False
TXN0002320,CUST01055,2026-05-09 03:00:00,Debit,304.53,Groceries,UPI,Success,0,0,False,False,False,False,False
TXN0002321,CUST00792,2025-10-30 00:00:00,Credit,2657.99,Shopping,Debit Card,Success,0,0,False,False,False,False,False
TXN0002322,CUST00931,2026-02-05 05:00:00,Credit,409.23,Travel,UPI,Success,0,0,False,False,False,False,False
TXN0002323,CUST00102,2025-10-21 14:00:00,Debit,2630.36,Groceries,UPI,Success,0,1,False,False,False,False,False
TXN0002324,CUST00182,2026-09-23 22:00:00,Debit,1044.08,Shopping,UPI,Success,1,0,False,False,False,False,False
TXN0002325,CUST00068,2026-06-16 23:00:00,Credit,1656.35,Food,Credit Card,Success,1,0,False,False,False,False,False
TXN0002326,CUST00533,2025-12-19 01:00:00,Debit,172.66,Travel,ATM,Unknown,0,0,False,False,False,False,False
TXN0002327,CUST00295,2026-07-15 04:00:00,Credit,5893.6,Salary,UPI,Failed,0,0,False,False,False,False,False
TXN0002328,CUST00077,2025-02-03 08:00:00,Debit,5525.55,Rent,UPI,Success,0,0,False,False,False,False,False
TXN0002329,CUST01105,2026-06-06 00:00:00,Transfer,242.34,Groceries,UPI,Success,0,0,False,False,False,False,False
TXN0002330,CUST00863,2026-09-10 17:00:00,Debit,1315.92,Food,Credit Card,Success,0,0,False,False,False,False,False
TXN0002331,CUST00698,2025-08-11 22:00:00,Debit,2083.65,Travel,UPI,Success,0,0,False,False,False,False,False
TXN0002332,CUST00090,2026-07-26 20:00:00,Debit,754.82,Healthcare,UPI,Success,0,0,False,False,False,False,False
TXN0002333,CUST01030,2025-03-31 10:00:00,Debit,1043.33,Groceries,UPI,Success,0,0,False,False,False,False,False
TXN0002334,CUST00369,2026-09-08 06:00:00,Transfer,13899.32,Entertainment,UPI,Unknown,0,0,False,False,False,False,True
TXN0002335,CUST00322,2026-07-15 16:00:00,Debit,2992.88,Entertainment,Debit Card,Success,0,0,False,False,False,False,False
TXN0002336,CUST00967,2025-04-09 18:00:00,Transfer,548.39,Shopping,UPI,Success,0,1,False,False,False,False,False
TXN0002337,CUST00300,2025-12-02 22:00:00,Transfer,286.6,Entertainment,UPI,Success,0,0,False,False,False,False,False
TXN0002338,CUST00090,2025-02-15 11:00:00,Transfer,6690.33,Shopping,UPI,Success,0,2,False,False,False,False,False
TXN0002339,CUST00855,2025-06-23 17:00:00,Debit,4078.55,Entertainment,Debit Card,Success,0,0,False,False,False,False,False
TXN0002340,CUST00326,2026-01-13 21:00:00,Debit,2145.39,Healthcare,Credit Card,Success,0,2,False,False,False,False,False
TXN0002341,CUST00765,2025-09-02 20:00:00,Debit,9590.55,Healthcare,Credit Card,Failed,0,1,False,False,False,False,False
TXN0002342,CUST00526,2026-04-30 02:00:00,Debit,435.13,Utilities,UPI,Success,0,1,False,False,False,False,False
TXN0002343,CUST00734,2025-12-13 06:00:00,Transfer,493.64,Groceries,UPI,Success,0,0,False,False,False,False,False
TXN0002344,CUST00435,2026-07-16 07:00:00,Debit,853.2,Utilities,Credit Card,Failed,0,0,False,False,False,False,False
TXN0002345,CUST00226,2025-07-08 17:00:00,Transfer,199.76,Healthcare,ATM,Success,0,0,False,False,False,False,False
TXN0002346,CUST00781,2025-07-13 19:00:00,Debit,964.12,Travel,Net Banking,Success,0,1,False,False,False,False,False
TXN0002347,CUST00703,2026-07-08 09:00:00,Transfer,661.93,Travel,ATM,Success,0,0,False,False,False,False,False
TXN0002348,CUST00679,2026-08-09 07:00:00,Debit,3653.85,Rent,ATM,Pending,0,0,False,False,False,False,False
TXN0002349,CUST00553,2026-09-10 10:00:00,Debit,1463.53,Rent,UPI,Success,0,0,False,False,False,False,False
TXN0002350,CUST00657,2026-07-08 00:00:00,Debit,3148.35,Salary,UPI,Success,0,0,False,False,False,False,False
TXN0002351,CUST00915,2025-10-12 16:00:00,Credit,2986.33,Groceries,Credit Card,Success,0,2,False,False,False,False,False
TXN0002352,CUST01000,2026-09-20 05:00:00,Credit,780.18,Rent,Debit Card,Success,0,0,False,False,False,False,False
TXN0002353,CUST00272,2025-12-17 22:00:00,Debit,1492.29,Entertainment,ATM,Success,0,1,False,False,False,False,False
TXN0002354,CUST00309,2026-06-22 20:00:00,Transfer,3882.56,Shopping,Net Banking,Success,0,0,False,False,False,False,False
TXN0002355,CUST00194,2026-07-13 13:00:00,Debit,6546.24,Groceries,Debit Card,Success,0,0,False,False,False,False,False
TXN0002356,CUST00124,2026-05-13 22:00:00,Debit,1169.11,Travel,UPI,Success,0,1,False,False,False,False,False
TXN0002357,CUST00474,2025-08-25 01:00:00,Debit,4816.19,Entertainment,Debit Card,Success,0,0,False,False,False,False,False
TXN0002358,CUST00626,2026-07-20 02:00:00,Credit,369.37,Food,Debit Card,Success,0,0,False,False,False,False,False
TXN0002359,CUST00397,2026-05-22 10:00:00,Transfer,1006.84,Food,UPI,Failed,0,0,False,False,False,False,False
TXN0002360,CUST00544,2026-04-14 11:00:00,Credit,2002.56,Utilities,Debit Card,Success,0,0,False,False,False,False,False
TXN0002361,CUST01161,2025-03-06 02:00:00,Debit,1043.76,Entertainment,UPI,Success,0,1,False,False,False,False,False
TXN0002362,CUST00278,2026-03-20 19:00:00,Debit,627.36,Food,Credit Card,Success,0,0,False,False,False,False,False
TXN0002363,CUST00488,2025-05-25 14:00:00,Debit,473.13,Groceries,Debit Card,Success,0,0,False,False,False,False,False
TXN0002364,CUST00827,2025-06-24 06:00:00,Debit,1661.24,Groceries,UPI,Success,0,0,False,False,False,False,False
TXN0002365,CUST00459,2025-06-12 20:00:00,Debit,667.01,Investment,UPI,Success,0,0,False,False,False,False,False
TXN0002366,CUST00412,2026-05-30 11:00:00,Debit,751.74,Utilities,Debit Card,Success,0,1,False,False,False,False,False
TXN0002367,CUST00939,2025-12-10 10:00:00,Debit,1630.67,Healthcare,Debit Card,Success,0,0,False,False,False,False,False
TXN0002368,CUST00105,2026-01-12 01:00:00,Credit,192.45,Rent,Net Banking,Success,0,1,False,False,False,False,False
TXN0002369,CUST01021,2025-03-28 03:00:00,Credit,7177.25,Rent,UPI,Success,0,0,False,False,False,False,False
TXN0002370,CUST00085,2025-04-17 15:00:00,Transfer,1096.265,Utilities,UPI,Success,0,0,False,False,False,True,False
TXN0002371,CUST00011,2026-08-15 13:00:00,Debit,1843.51,Healthcare,UPI,Pending,0,0,False,False,False,False,False
TXN0002372,CUST00289,2025-09-02 01:00:00,Transfer,3288.9,Entertainment,UPI,Success,0,0,False,False,False,False,False
TXN0002373,CUST00199,2026-05-10 12:00:00,Debit,884.63,Healthcare,Net Banking,Success,0,1,False,False,False,False,False
TXN0002374,CUST00452,2026-07-13 00:00:00,Debit,2830.61,Shopping,UPI,Success,0,0,False,False,False,False,False
TXN0002375,CUST00754,2025-08-24 16:00:00,Transfer,658.17,Travel,Debit Card,Success,0,0,False,False,False,False,False
TXN0002376,,2025-09-30 15:00:00,Transfer,438.85,Healthcare,UPI,Success,0,0,False,False,True,False,False
TXN0002377,CUST00450,2025-04-30 09:00:00,Debit,2722.65,Rent,UPI,Success,0,0,False,False,False,False,False
TXN0002378,CUST00021,2025-05-10 18:00:00,Transfer,446.75,Travel,Credit Card,Success,0,0,False,False,False,False,False
TXN0002379,CUST00409,2026-07-18 17:00:00,Debit,270.12,Rent,Credit Card,Success,0,0,False,False,False,False,False
TXN0002380,CUST00926,2026-09-11 06:00:00,Transfer,1955.2,Healthcare,Credit Card,Success,0,0,False,False,False,False,False
TXN0002381,CUST00577,2026-08-13 23:00:00,Debit,1917.23,Shopping,Net Banking,Failed,0,0,False,False,False,False,False
TXN0002382,CUST00657,2025-01-17 12:00:00,Transfer,3834.05,Food,UPI,Success,0,0,False,False,False,False,False
TXN0002383,CUST00260,2026-01-01 17:00:00,Debit,1842.77,Utilities,UPI,Success,0,0,False,False,False,False,False
TXN0002384,CUST00154,2026-01-28 10:00:00,Debit,3917.75,Utilities,UPI,Failed,0,0,False,False,False,False,False
TXN0002385,CUST00866,2026-03-21 03:00:00,Transfer,442.92,Shopping,Debit Card,Failed,0,1,False,False,False,False,False
TXN0002386,CUST00751,2025-07-01 10:00:00,Debit,983.82,Salary,UPI,Success,0,0,False,False,False,False,False
TXN0002387,CUST00094,2025-08-25 06:00:00,Debit,7790.28,Healthcare,Net Banking,Success,0,1,False,False,False,False,False
TXN0002388,CUST00182,2026-06-13 02:00:00,Debit,2588.55,Travel,UPI,Success,0,0,False,False,False,False,False
TXN0002389,CUST00119,2026-07-03 00:00:00,Debit,7864.99,Shopping,UPI,Success,0,0,False,False,False,False,False
TXN0002390,CUST00645,2026-09-25 15:00:00,Debit,5906.93,Investment,Debit Card,Success,0,1,False,False,False,False,False
TXN0002391,CUST01108,2026-03-26 05:00:00,Transfer,3442.16,Food,UPI,Success,0,0,False,False,False,False,False
TXN0002392,CUST00634,2025-05-12 06:00:00,Transfer,1532.4,Travel,ATM,Success,0,0,False,False,False,False,False
TXN0002393,CUST00938,2025-08-03 10:00:00,Transfer,1114.96,Travel,Net Banking,Success,0,0,False,False,False,False,False
TXN0002394,CUST00737,2025-01-22 11:00:00,Credit,1430.95,Utilities,ATM,Unknown,0,2,False,False,False,False,False
TXN0002395,CUST00479,2025-08-17 02:00:00,Transfer,480.79,Salary,Debit Card,Success,0,1,False,False,False,False,False
TXN0002396,CUST00212,2026-08-19 15:00:00,Debit,1847.48,Travel,UPI,Success,1,0,False,False,False,False,False
TXN0002397,CUST00207,2026-06-25 08:00:00,Debit,2565.72,Investment,Credit Card,Success,0,2,False,False,False,False,False
TXN0002398,CUST00370,2025-07-21 03:00:00,Debit,1569.68,Groceries,Debit Card,Success,0,0,False,False,False,False,False
TXN0002399,CUST00761,2025-05-10 10:00:00,Debit,1141.26,Groceries,Debit Card,Failed,0,0,False,False,False,False,False
TXN0002400,CUST00281,2026-03-08 07:00:00,Transfer,1044.8,Investment,Debit Card,Success,0,1,False,False,False,False,False
TXN0002401,CUST00824,2026-03-12 05:00:00,Transfer,1234.55,Rent,UPI,Success,0,0,False,False,False,False,False
TXN0002402,CUST00104,2026-07-20 12:00:00,Transfer,527.28,Travel,UPI,Success,0,1,False,False,False,False,False
TXN0002403,CUST01087,2025-12-09 12:00:00,Debit,6651.4,Entertainment,Debit Card,Success,0,1,False,False,False,False,False
TXN0002404,CUST00697,2026-06-02 07:00:00,Transfer,2006.21,Travel,Credit Card,Success,0,0,False,False,False,False,False
TXN0002405,CUST00561,2025-10-14 00:00:00,Debit,841.51,Investment,UPI,Success,0,0,False,False,False,False,False
TXN0002406,CUST01196,2025-01-24 15:00:00,Debit,1027.62,Groceries,ATM,Success,0,0,False,False,False,False,False
TXN0002407,CUST01190,2026-09-28 02:00:00,Debit,885.98,Investment,UPI,Success,1,1,False,False,False,False,False
TXN0002408,CUST00180,2025-02-10 06:00:00,Debit,1091.82,Travel,UPI,Success,0,0,False,False,False,False,False
TXN0002409,CUST00108,2025-01-03 00:00:00,Debit,1154.2,Entertainment,Debit Card,Success,1,1,False,False,False,False,False
TXN0002410,CUST00927,2025-12-03 07:00:00,Debit,823.39,Healthcare,Net Banking,Success,0,0,False,False,False,False,False
TXN0002411,CUST00492,2025-01-16 19:00:00,Debit,1165.97,Groceries,UPI,Pending,0,1,False,False,False,False,False
TXN0002412,CUST00110,2025-05-10 06:00:00,Transfer,4588.72,Groceries,Credit Card,Success,0,0,False,False,False,False,False
TXN0002413,CUST01197,2026-06-29 23:00:00,Debit,500.32,Healthcare,Debit Card,Success,0,0,False,False,False,False,False
TXN0002414,CUST00624,2025-01-25 03:00:00,Debit,394.13,Shopping,UPI,Success,0,0,False,False,False,False,False
TXN0002415,CUST00950,2026-07-30 23:00:00,Debit,3048.88,Travel,Net Banking,Success,0,0,False,False,False,False,False
TXN0002416,CUST01169,2025-03-31 06:00:00,Credit,889.98,Entertainment,ATM,Success,0,0,False,False,False,False,False
TXN0002417,CUST00744,2025-08-24 22:00:00,Debit,576.83,Entertainment,Net Banking,Success,0,0,False,False,False,False,False
TXN0002418,CUST00173,2026-09-03 09:00:00,Debit,1954.07,Entertainment,UPI,Success,0,0,False,False,False,False,False
TXN0002419,CUST01118,2025-08-19 16:00:00,Debit,804.56,Utilities,UPI,Success,0,1,False,False,False,False,False
TXN0002420,CUST00622,2025-02-10 07:00:00,Debit,1547.08,Travel,Net Banking,Success,0,2,False,False,False,False,False
TXN0002421,CUST00637,2026-07-12 05:00:00,Debit,69.79,Investment,Debit Card,Success,0,1,False,False,False,False,False
TXN0002422,CUST00359,2026-08-18 07:00:00,Transfer,3641.33,Groceries,UPI,Success,0,2,False,False,False,False,False
TXN0002423,CUST00631,2026-03-08 18:00:00,Debit,357.95,Food,Debit Card,Success,0,0,False,False,False,False,False
TXN0002424,CUST00598,2026-04-25 00:00:00,Debit,535.15,Rent,Credit Card,Success,0,0,False,False,False,False,False
TXN0002425,CUST00260,2025-12-18 12:00:00,Credit,1826.4,Utilities,Net Banking,Success,0,0,False,False,False,False,False
TXN0002426,CUST00938,2025-07-30 18:00:00,Debit,186.89,Food,ATM,Success,0,0,False,False,False,False,False
TXN0002427,CUST01111,2026-09-20 05:00:00,Transfer,1058.02,Entertainment,UPI,Success,0,1,False,False,False,False,False
TXN0002428,CUST01159,2026-06-07 06:00:00,Transfer,523.52,Rent,Net Banking,Success,0,1,False,False,False,False,False
TXN0002429,CUST00473,2025-11-08 04:00:00,Transfer,139.5,Rent,Credit Card,Success,0,0,False,False,False,False,False
TXN0002430,CUST00648,2025-03-23 06:00:00,Transfer,5421.65,Entertainment,Debit Card,Success,0,0,False,False,False,False,False
TXN0002431,CUST01083,2026-04-29 16:00:00,Credit,892.98,Healthcare,Credit Card,Success,0,0,False,False,False,False,False
TXN0002432,CUST00009,2025-07-18 03:00:00,Debit,1167.47,Utilities,ATM,Success,0,0,False,False,False,False,False
TXN0002433,CUST01086,2025-03-13 15:00:00,Transfer,644.0,Healthcare,UPI,Success,0,0,False,False,False,False,False
TXN0002434,CUST00916,2025-10-02 02:00:00,Debit,2975.93,Groceries,Debit Card,Failed,0,0,False,False,False,False,False
TXN0002435,CUST00345,2025-12-23 09:00:00,Transfer,1829.68,Groceries,Debit Card,Success,0,0,False,False,False,False,False
TXN0002436,CUST00449,2026-07-15 06:00:00,Credit,1229.07,Groceries,Credit Card,Success,0,0,False,False,False,False,False
TXN0002437,CUST01038,2025-04-14 09:00:00,Debit,4257.37,Food,UPI,Success,0,1,False,False,False,False,False
TXN0002438,CUST00864,2026-01-08 00:00:00,Debit,1061.95,Travel,UPI,Success,0,0,False,False,False,False,False
TXN0002439,CUST01139,2025-12-21 13:00:00,Transfer,600.43,Utilities,Credit Card,Success,0,0,False,False,False,False,False
TXN0002440,CUST00290,2025-12-05 02:00:00,Debit,4786.27,Travel,Credit Card,Success,0,0,False,False,False,False,False
TXN0002441,CUST00290,2025-10-19 09:00:00,Transfer,6907.73,Utilities,ATM,Success,0,1,False,False,False,False,False
TXN0002442,CUST00512,2025-04-17 04:00:00,Debit,1405.83,Salary,UPI,Success,0,0,False,False,False,False,False
TXN0002443,CUST00269,2025-09-19 16:00:00,Debit,604.6,Entertainment,UPI,Success,0,0,False,False,False,False,False
TXN0002444,CUST00162,2026-08-28 19:00:00,Debit,260.88,Shopping,UPI,Success,0,0,False,False,False,False,False
TXN0002445,CUST00901,2025-04-19 05:00:00,Transfer,1366.91,Entertainment,Net Banking,Success,0,0,False,False,False,False,False
TXN0002446,CUST00944,2026-02-06 17:00:00,Credit,1941.78,Shopping,Credit Card,Success,0,0,False,False,False,False,False
TXN0002447,CUST00388,2026-08-17 14:00:00,Transfer,969.3,Travel,Net Banking,Success,0,0,False,False,False,False,False
TXN0002448,CUST00155,2025-03-17 05:00:00,Credit,3345.98,Shopping,Net Banking,Success,0,0,False,False,False,False,False
TXN0002449,CUST00958,2026-01-21 15:00:00,Transfer,1421.42,Food,UPI,Success,0,0,False,False,False,False,False
TXN0002450,CUST00153,2026-02-17 08:00:00,Debit,3018.35,Food,Net Banking,Success,0,0,False,False,False,False,False
TXN0002451,CUST00701,2025-08-18 14:00:00,Transfer,1522.76,Travel,UPI,Success,1,0,False,False,False,False,False
TXN0002452,CUST00869,2025-04-14 16:00:00,Debit,479.19,Healthcare,UPI,Success,0,1,False,False,False,False,False
TXN0002453,CUST01026,2026-07-21 10:00:00,Debit,276.82,Rent,Debit Card,Success,0,0,False,False,False,False,False
TXN0002454,CUST01172,2025-10-20 19:00:00,Credit,3207.48,Shopping,UPI,Failed,0,0,False,False,False,False,False
TXN0002455,CUST00935,2026-05-12 07:00:00,Credit,922.19,Salary,Debit Card,Pending,0,0,False,False,False,False,False
TXN0002456,CUST00089,2026-03-28 22:00:00,Transfer,1599.09,Entertainment,UPI,Success,0,0,False,False,False,False,False
TXN0002457,CUST00715,2026-08-23 11:00:00,Debit,5929.51,Food,Net Banking,Success,0,0,False,False,False,False,False
TXN0002458,CUST00058,2025-01-30 21:00:00,Debit,1096.265,Utilities,UPI,Success,0,0,False,False,False,True,False
TXN0002459,CUST01193,2025-04-01 04:00:00,Transfer,3040.95,Investment,UPI,Pending,0,1,False,False,False,False,False
TXN0002460,CUST00709,2026-03-24 08:00:00,Debit,773.46,Travel,Credit Card,Success,0,0,False,False,False,False,False
TXN0002461,CUST01112,2025-09-07 02:00:00,Credit,1395.86,Salary,Credit Card,Success,0,1,False,False,False,False,False
TXN0002462,CUST00046,2026-05-31 07:00:00,Debit,1223.79,Travel,UPI,Success,0,1,False,False,False,False,False
TXN0002463,CUST00105,2026-03-31 22:00:00,Credit,3972.23,Rent,UPI,Pending,0,1,False,False,False,False,False
TXN0002464,CUST00447,2026-04-14 00:00:00,Transfer,13084.05,Healthcare,UPI,Pending,0,0,False,False,False,False,True
TXN0002465,CUST00084,2025-07-05 04:00:00,Transfer,3508.54,Entertainment,Credit Card,Success,0,0,False,False,False,False,False
TXN0002466,CUST00541,2026-08-21 07:00:00,Transfer,407.93,Entertainment,UPI,Success,0,0,False,False,False,False,False
TXN0002467,CUST00305,2026-05-06 04:00:00,Debit,282.45,Travel,ATM,Success,1,0,False,False,False,False,False
TXN0002468,CUST00704,2026-09-17 15:00:00,Debit,892.36,Rent,Debit Card,Success,0,0,False,False,False,False,False
TXN0002469,CUST00671,2025-09-02 18:00:00,Credit,906.94,Travel,Debit Card,Success,0,0,False,False,False,False,False
TXN0002470,CUST00731,2026-01-21 23:00:00,Credit,1162.72,Shopping,UPI,Success,0,0,False,False,False,False,False
TXN0002471,CUST00722,2025-10-14 11:00:00,Transfer,2314.47,Travel,Net Banking,Success,0,0,False,False,False,False,False
TXN0002472,CUST01065,2025-03-08 10:00:00,Transfer,448.18,Travel,UPI,Success,0,0,False,False,False,False,False
TXN0002473,CUST01095,2026-07-21 13:00:00,Debit,764.91,Investment,Debit Card,Success,0,0,False,False,False,False,False
TXN0002474,CUST00157,2026-05-05 00:00:00,Transfer,7135.66,Rent,Debit Card,Success,0,0,False,False,False,False,False
TXN0002475,CUST00620,2026-03-23 23:00:00,Debit,151.98,Salary,UPI,Success,0,0,False,False,False,False,False
TXN0002476,CUST00513,2025-06-10 04:00:00,Transfer,2017.08,Healthcare,Net Banking,Success,0,0,False,False,False,False,False
TXN0002477,CUST00802,2026-01-10 14:00:00,Credit,455.6,Entertainment,UPI,Success,0,2,False,False,False,False,False
TXN0002478,CUST00765,2025-07-15 13:00:00,Credit,672.97,Investment,UPI,Success,0,0,False,False,False,False,False
TXN0002479,CUST00721,2025-02-04 20:00:00,Debit,349.61,Utilities,Net Banking,Success,1,0,False,False,False,False,False
TXN0002480,CUST00048,2026-03-07 08:00:00,Transfer,404.51,Travel,ATM,Success,0,0,False,False,False,False,False
TXN0002481,CUST00288,2025-04-01 20:00:00,Transfer,460.41,Salary,UPI,Success,0,1,False,False,False,False,False
TXN0002482,CUST01034,2026-03-17 18:00:00,Debit,1110.33,Utilities,Debit Card,Success,0,0,False,False,False,False,False
TXN0002483,CUST00888,2026-06-24 00:00:00,Debit,2873.05,Investment,UPI,Success,0,0,False,False,False,False,False
TXN0002484,CUST00362,2026-07-13 18:00:00,Debit,1543.77,Rent,Debit Card,Success,0,0,False,False,False,False,False
TXN0002485,CUST00790,2026-08-19 11:00:00,Debit,1092.18,Travel,UPI,Success,0,0,False,False,False,False,False
TXN0002486,CUST00221,2026-07-10 09:00:00,Transfer,1421.31,Travel,ATM,Success,0,0,False,False,False,False,False
TXN0002487,CUST01163,2026-05-06 14:00:00,Credit,1243.7,Healthcare,ATM,Success,0,0,False,False,False,False,False
TXN0002488,CUST01002,2025-10-22 10:00:00,Transfer,2070.5,Travel,Debit Card,Success,0,0,False,False,False,False,False
TXN0002489,CUST00069,2025-05-23 09:00:00,Transfer,1672.53,Groceries,UPI,Success,1,0,False,False,False,False,False
TXN0002490,CUST00390,2025-06-10 12:00:00,Debit,2651.54,Entertainment,UPI,Pending,0,0,False,False,False,False,False
TXN0002491,CUST00649,2025-07-11 06:00:00,Debit,9146.22,Healthcare,Credit Card,Failed,0,0,False,False,False,False,False
TXN0002492,CUST00487,2025-04-28 06:00:00,Credit,3132.41,Groceries,Debit Card,Success,0,0,False,False,False,False,False
TXN0002493,CUST00736,2025-01-30 16:00:00,Transfer,196.1,Entertainment,UPI,Success,0,0,False,False,False,False,False
TXN0002494,CUST00898,2026-06-03 07:00:00,Debit,881.84,Utilities,UPI,Success,0,0,False,False,False,False,False
TXN0002495,CUST00374,2026-07-25 18:00:00,Debit,3307.91,Travel,UPI,Success,0,0,False,False,False,False,False
TXN0002496,CUST01032,2025-05-20 16:00:00,Credit,1141.63,Healthcare,Debit Card,Success,0,0,False,False,False,False,False
TXN0002497,CUST01099,2025-02-09 06:00:00,Transfer,1728.2,Groceries,UPI,Success,0,1,False,False,False,False,False
TXN0002498,CUST00547,2025-12-14 23:00:00,Credit,2274.73,Salary,UPI,Success,0,0,False,False,False,False,False
TXN0002499,,2025-04-29 01:00:00,Debit,464.22,Travel,UPI,Success,0,0,False,False,True,False,False
TXN0002500,CUST00047,2025-02-21 22:00:00,Credit,1544.36,Food,UPI,Success,0,0,False,False,False,False,False
TXN0002501,CUST00653,2025-07-27 22:00:00,Transfer,1696.32,Investment,UPI,Success,0,0,False,False,False,False,False
TXN0002502,CUST01139,2025-02-22 14:00:00,Transfer,4507.93,Investment,UPI,Success,0,1,False,False,False,False,False
TXN0002503,CUST00378,2026-07-10 01:00:00,Debit,484.28,Entertainment,Debit Card,Success,0,0,False,False,False,False,False
TXN0002504,CUST00195,2025-02-24 12:00:00,Debit,2496.02,Groceries,UPI,Success,0,0,False,False,False,False,False
TXN0002505,CUST01186,2025-10-02 04:00:00,Debit,878.99,Groceries,UPI,Success,0,0,False,False,False,False,False
TXN0002506,CUST01041,2026-03-24 11:00:00,Transfer,424.27,Healthcare,Net Banking,Unknown,0,1,False,False,False,False,False
TXN0002507,CUST00109,2025-04-12 16:00:00,Transfer,152.07,Unknown,UPI,Success,0,1,False,False,False,False,False
TXN0002508,CUST00658,2026-09-09 08:00:00,Debit,752.94,Travel,UPI,Success,0,0,False,False,False,False,False
TXN0002509,CUST00011,2026-08-04 14:00:00,Debit,1915.15,Shopping,Debit Card,Success,0,0,False,False,False,False,False
TXN0002510,CUST00026,2025-05-21 17:00:00,Credit,370.36,Entertainment,UPI,Success,0,0,False,False,False,False,False
TXN0002511,CUST00835,2026-04-27 17:00:00,Debit,1219.54,Utilities,Net Banking,Success,0,0,False,False,False,False,False
TXN0002512,CUST00622,2025-05-28 20:00:00,Debit,1231.36,Travel,UPI,Success,0,1,False,False,False,False,False
TXN0002513,CUST00618,2025-07-15 11:00:00,Debit,500.11,Rent,UPI,Success,0,1,False,False,False,False,False
TXN0002514,CUST00514,2026-09-02 18:00:00,Transfer,1909.85,Food,ATM,Success,0,0,False,False,False,False,False
TXN0002515,CUST00300,2025-04-20 21:00:00,Debit,873.65,Food,Debit Card,Success,0,0,False,False,False,False,False
TXN0002516,CUST00766,2025-10-12 01:00:00,Debit,2984.1,Shopping,ATM,Success,0,0,False,False,False,False,False
TXN0002517,CUST00652,2025-07-18 12:00:00,Debit,119.37,Investment,Credit Card,Success,0,2,False,False,False,False,False
TXN0002518,CUST00802,2025-11-28 12:00:00,Debit,2646.68,Shopping,Debit Card,Success,0,0,False,False,False,False,False
TXN0002519,CUST00395,2026-08-11 18:00:00,Debit,7609.3,Shopping,Net Banking,Success,0,0,False,False,False,False,False
TXN0002520,CUST01043,2026-01-04 00:00:00,Transfer,1330.81,Utilities,UPI,Success,0,0,False,False,False,False,False
TXN0002521,CUST01125,2025-12-07 21:00:00,Debit,319.6,Shopping,UPI,Success,1,1,False,False,False,False,False
TXN0002522,CUST00653,2026-07-26 20:00:00,Debit,137.64,Healthcare,ATM,Success,0,0,False,False,False,False,False
TXN0002523,CUST00871,2026-09-02 08:00:00,Debit,4097.55,Travel,UPI,Success,0,0,False,False,False,False,False
TXN0002524,CUST00203,2025-06-11 19:00:00,Debit,819.08,Salary,ATM,Success,1,0,False,False,False,False,False
TXN0002525,CUST00587,2026-09-13 03:00:00,Credit,4661.86,Shopping,ATM,Success,0,0,False,False,False,False,False
TXN0002526,CUST01122,2026-02-01 06:00:00,Transfer,3112.15,Investment,UPI,Success,0,0,False,False,False,False,False
TXN0002527,CUST00290,2025-02-13 20:00:00,Transfer,2760.72,Investment,Credit Card,Failed,0,0,False,False,False,False,False
TXN0002528,CUST00407,2025-05-02 21:00:00,Credit,1036.31,Healthcare,Debit Card,Failed,0,0,False,False,False,False,False
TXN0002529,CUST00290,2026-02-26 19:00:00,Credit,1097.4,Investment,Credit Card,Success,1,1,False,False,False,False,False
TXN0002530,CUST00473,2025-03-23 03:00:00,Debit,766.07,Shopping,Net Banking,Success,0,0,False,False,False,False,False
TXN0002531,CUST00907,2025-11-08 04:00:00,Debit,1046.22,Investment,Unknown,Success,0,0,False,False,False,False,False
TXN0002532,CUST00925,2025-01-09 17:00:00,Debit,3908.01,Travel,Debit Card,Success,0,0,False,False,False,False,False
TXN0002533,CUST00713,2025-09-22 20:00:00,Debit,602.73,Rent,UPI,Success,0,0,False,False,False,False,False
TXN0002534,CUST01031,2026-05-30 13:00:00,Transfer,1677.64,Salary,Net Banking,Success,0,1,False,False,False,False,False
TXN0002535,CUST00372,2026-04-17 20:00:00,Debit,1161.56,Salary,UPI,Success,0,1,False,False,False,False,False
TXN0002536,CUST00785,2026-03-22 17:00:00,Debit,684.09,Shopping,UPI,Failed,0,1,False,False,False,False,False
TXN0002537,CUST00546,2025-06-13 07:00:00,Debit,2335.62,Rent,Debit Card,Success,0,0,False,False,False,False,False
TXN0002538,CUST00029,2026-07-18 02:00:00,Transfer,2764.41,Travel,Debit Card,Success,0,0,False,False,False,False,False
TXN0002539,CUST00783,2025-03-17 05:00:00,Transfer,1096.265,Groceries,UPI,Success,0,1,False,False,False,True,False
TXN0002540,CUST01077,2026-05-12 11:00:00,Transfer,3234.0,Healthcare,UPI,Success,1,1,False,False,False,False,False
TXN0002541,CUST00302,2025-04-14 13:00:00,Transfer,2552.55,Entertainment,Debit Card,Failed,0,0,False,False,False,False,False
TXN0002542,CUST00659,2026-06-09 18:00:00,Credit,875.17,Food,UPI,Success,0,0,False,False,False,False,False
TXN0002543,CUST00896,2026-01-16 16:00:00,Transfer,2677.22,Groceries,UPI,Success,0,0,False,False,False,False,False
TXN0002544,CUST01118,2025-03-04 12:00:00,Debit,829.52,Healthcare,UPI,Success,0,0,False,False,False,False,False
TXN0002545,CUST01098,2025-05-30 20:00:00,Transfer,1006.46,Shopping,Debit Card,Success,0,0,False,False,False,False,False
TXN0002546,CUST00113,2025-03-29 15:00:00,Credit,1334.36,Rent,UPI,Success,0,0,False,False,False,False,False
TXN0002547,CUST00117,2026-01-29 02:00:00,Transfer,2861.6,Utilities,UPI,Failed,0,1,False,False,False,False,False
TXN0002548,CUST01004,2025-09-10 09:00:00,Debit,934.87,Utilities,UPI,Success,0,0,False,False,False,False,False
TXN0002549,CUST01101,2026-03-27 22:00:00,Transfer,3653.59,Healthcare,Net Banking,Success,0,1,False,False,False,False,False
TXN0002550,CUST00778,2026-01-22 09:00:00,Transfer,1096.265,Travel,Credit Card,Pending,0,0,False,False,False,True,False
TXN0002551,CUST00792,2026-09-07 14:00:00,Transfer,4013.26,Rent,UPI,Success,0,1,False,False,False,False,False
TXN0002552,CUST00798,2026-02-18 09:00:00,Transfer,2347.2,Entertainment,Debit Card,Success,0,0,False,False,False,False,False
TXN0002553,CUST00646,2026-04-25 00:00:00,Transfer,1570.66,Investment,Credit Card,Success,0,0,False,False,False,False,False
TXN0002554,CUST00160,2026-05-20 00:00:00,Transfer,6186.52,Investment,Credit Card,Success,0,1,False,False,False,False,False
TXN0002555,CUST01045,2025-01-09 22:00:00,Debit,9443.95,Food,ATM,Success,0,1,False,False,False,False,False
TXN0002556,CUST00463,2026-05-21 02:00:00,Debit,327.55,Groceries,ATM,Failed,0,0,False,False,False,False,False
TXN0002557,CUST00732,2026-03-18 10:00:00,Debit,519.3,Entertainment,Net Banking,Success,0,0,False,False,False,False,False
TXN0002558,CUST00606,2026-02-14 23:00:00,Credit,149.57,Healthcare,Debit Card,Success,0,0,False,False,False,False,False
TXN0002559,CUST00677,2026-05-08 11:00:00,Transfer,1440.8,Utilities,Unknown,Success,0,0,False,False,False,False,False
TXN0002560,CUST00390,2025-05-13 19:00:00,Transfer,1100.98,Groceries,UPI,Success,0,0,False,False,False,False,False
TXN0002561,CUST01004,2025-12-20 12:00:00,Debit,1154.96,Healthcare,UPI,Success,0,0,False,False,False,False,False
TXN0002562,CUST00031,2025-08-29 15:00:00,Debit,1159.02,Food,ATM,Success,0,0,False,False,False,False,False
TXN0002563,CUST00344,2025-08-14 08:00:00,Debit,1028.01,Groceries,Debit Card,Success,1,0,False,False,False,False,False
TXN0002564,CUST00951,2025-10-01 01:00:00,Transfer,2360.81,Entertainment,UPI,Success,1,0,False,False,False,False,False
TXN0002565,CUST00622,2026-04-01 14:00:00,Transfer,778.21,Utilities,UPI,Success,0,0,False,False,False,False,False
TXN0002566,CUST00467,2025-08-18 14:00:00,Transfer,378.53,Entertainment,Credit Card,Failed,0,1,False,False,False,False,False
TXN0002567,CUST00072,2026-05-02 05:00:00,Transfer,868.83,Utilities,UPI,Success,1,0,False,False,False,False,False
TXN0002568,CUST00993,2025-12-03 12:00:00,Debit,668.55,Salary,Unknown,Success,0,1,False,False,False,False,False
TXN0002569,CUST00244,2025-03-15 05:00:00,Debit,1185.33,Utilities,Debit Card,Success,0,0,False,False,False,False,False
TXN0002570,CUST00627,2025-10-27 21:00:00,Debit,3255.96,Shopping,Debit Card,Success,0,0,False,False,False,False,False
TXN0002571,CUST00293,2026-01-08 05:00:00,Credit,5696.52,Entertainment,UPI,Success,1,0,False,False,False,False,False
TXN0002572,CUST00548,2025-05-07 07:00:00,Transfer,747.4,Shopping,Net Banking,Success,0,0,False,False,False,False,False
TXN0002573,CUST00665,2026-01-25 06:00:00,Debit,1210.83,Shopping,UPI,Success,0,0,False,False,False,False,False
TXN0002574,CUST00617,2025-01-29 07:00:00,Debit,274.15,Entertainment,ATM,Success,0,1,False,False,False,False,False
TXN0002575,CUST00221,2025-11-19 02:00:00,Debit,431.2,Groceries,UPI,Success,0,0,False,False,False,False,False
TXN0002576,CUST01184,2025-05-11 18:00:00,Credit,4943.32,Utilities,UPI,Success,0,0,False,False,False,False,False
TXN0002577,CUST00126,2025-08-20 20:00:00,Credit,1541.25,Healthcare,Debit Card,Success,0,0,False,False,False,False,False
TXN0002578,CUST00281,2025-07-23 04:00:00,Credit,2476.35,Salary,UPI,Failed,1,1,False,False,False,False,False
TXN0002579,CUST00391,2025-08-27 11:00:00,Transfer,10627.57,Shopping,UPI,Success,0,0,False,False,False,False,False
TXN0002580,CUST00071,2025-01-08 10:00:00,Debit,2374.18,Salary,Net Banking,Success,0,1,False,False,False,False,False
TXN0002581,CUST00422,2025-10-09 18:00:00,Credit,1843.33,Shopping,ATM,Success,0,0,False,False,False,False,False
TXN0002582,CUST00918,2026-05-03 03:00:00,Debit,1561.32,Utilities,UPI,Success,0,1,False,False,False,False,False
TXN0002583,CUST00913,2025-10-30 11:00:00,Transfer,1869.11,Investment,UPI,Success,0,1,False,False,False,False,False
TXN0002584,CUST00383,2026-02-16 22:00:00,Credit,1207.68,Rent,Credit Card,Failed,0,0,False,False,False,False,False
TXN0002585,CUST00315,2025-02-23 20:00:00,Transfer,901.7,Investment,ATM,Success,0,0,False,False,False,False,False
TXN0002586,CUST00542,2026-08-29 17:00:00,Debit,386.87,Groceries,Net Banking,Unknown,0,0,False,False,False,False,False
TXN0002587,CUST00007,2026-01-23 06:00:00,Transfer,1085.64,Food,ATM,Success,0,0,False,False,False,False,False
TXN0002588,CUST00527,2025-06-24 17:00:00,Transfer,2280.71,Entertainment,UPI,Success,0,0,False,False,False,False,False
TXN0002589,CUST01170,2026-09-23 17:00:00,Credit,621.96,Healthcare,Credit Card,Success,0,0,False,False,False,False,False
TXN0002590,CUST01041,2025-08-11 03:00:00,Transfer,311.05,Travel,UPI,Success,0,1,False,False,False,False,False
TXN0002591,CUST00890,2025-12-10 15:00:00,Debit,3088.68,Food,UPI,Success,0,0,False,False,False,False,False
TXN0002592,CUST00249,2026-02-17 21:00:00,Credit,3576.9,Food,UPI,Success,0,0,False,False,False,False,False
TXN0002593,CUST01054,2025-08-19 15:00:00,Debit,3142.81,Food,Net Banking,Success,0,0,False,False,False,False,False
TXN0002594,CUST00104,2026-08-09 22:00:00,Debit,1596.54,Travel,UPI,Success,0,0,False,False,False,False,False
TXN0002595,CUST00422,2025-08-08 18:00:00,Transfer,681.62,Rent,UPI,Unknown,0,1,False,False,False,False,False
TXN0002596,CUST00097,2025-03-06 10:00:00,Credit,3238.93,Entertainment,ATM,Success,0,0,False,False,False,False,False
TXN0002597,CUST00218,2026-08-06 03:00:00,Transfer,3071.11,Investment,UPI,Success,0,0,False,False,False,False,False
TXN0002598,CUST00247,2025-02-13 13:00:00,Transfer,348.46,Travel,UPI,Success,0,0,False,False,False,False,False
TXN0002599,CUST00266,2025-01-28 21:00:00,Debit,2480.07,Salary,UPI,Success,0,0,False,False,False,False,False
TXN0002600,CUST00008,2026-03-06 18:00:00,Debit,416.24,Groceries,Net Banking,Success,0,0,False,False,False,False,False
TXN0002601,CUST00097,2025-10-27 13:00:00,Debit,3167.7,Utilities,UPI,Success,0,1,False,False,False,False,False
TXN0002602,CUST00760,2026-08-16 23:00:00,Debit,1914.69,Groceries,ATM,Success,1,0,False,False,False,False,False
TXN0002603,CUST01012,2025-12-02 20:00:00,Debit,2292.56,Groceries,UPI,Success,0,1,False,False,False,False,False
TXN0002604,CUST00299,2026-05-21 05:00:00,Debit,1893.38,Investment,Net Banking,Success,0,0,False,False,False,False,False
TXN0002605,CUST00028,2025-05-21 14:00:00,Debit,3555.15,Entertainment,UPI,Success,1,0,False,False,False,False,False
TXN0002606,CUST00801,2025-06-15 12:00:00,Debit,510.43,Investment,ATM,Success,0,0,False,False,False,False,False
TXN0002607,CUST01095,2026-08-02 06:00:00,Credit,1904.72,Shopping,Net Banking,Success,0,0,False,False,False,False,False
TXN0002608,CUST00712,2025-10-09 19:00:00,Debit,679.53,Rent,Net Banking,Pending,0,0,False,False,False,False,False
TXN0002609,CUST01186,2025-04-04 04:00:00,Credit,2717.15,Salary,UPI,Failed,0,0,False,False,False,False,False
TXN0002610,CUST00231,2025-11-07 00:00:00,Credit,514.63,Entertainment,ATM,Success,0,0,False,False,False,False,False
TXN0002611,CUST01053,2025-10-07 12:00:00,Debit,1284.05,Shopping,Debit Card,Success,0,0,False,False,False,False,False
TXN0002612,CUST00974,2025-08-24 07:00:00,Debit,2401.06,Investment,Debit Card,Success,0,0,False,False,False,False,False
TXN0002613,CUST00531,2025-07-05 19:00:00,Debit,1059.71,Shopping,UPI,Success,0,1,False,False,False,False,False
TXN0002614,CUST00516,2026-08-21 21:00:00,Transfer,7965.04,Groceries,UPI,Pending,0,0,False,False,False,False,False
TXN0002615,CUST00007,2026-04-25 18:00:00,Credit,735.75,Groceries,Net Banking,Success,0,0,False,False,False,False,False
TXN0002616,CUST00675,2025-06-27 16:00:00,Debit,3334.99,Food,Net Banking,Success,0,1,False,False,False,False,False
TXN0002617,CUST00408,2025-02-24 03:00:00,Transfer,1566.44,Shopping,Net Banking,Failed,0,0,False,False,False,False,False
TXN0002618,CUST00308,2026-01-20 18:00:00,Transfer,1759.62,Entertainment,Credit Card,Success,0,0,False,False,False,False,False
TXN0002619,CUST00790,2025-12-15 13:00:00,Debit,524.77,Salary,UPI,Success,0,0,False,False,False,False,False
TXN0002620,CUST00833,2026-08-01 19:00:00,Debit,559.82,Healthcare,UPI,Failed,0,0,False,False,False,False,False
TXN0002621,CUST00836,2026-07-27 14:00:00,Credit,2495.42,Food,UPI,Success,0,0,False,False,False,False,False
TXN0002622,CUST00146,2025-01-29 12:00:00,Transfer,621.94,Salary,ATM,Success,1,0,False,False,False,False,False
TXN0002623,CUST00214,2025-05-23 08:00:00,Debit,6782.91,Rent,Debit Card,Success,1,1,False,False,False,False,False
TXN0002624,CUST00637,2025-02-07 01:00:00,Credit,660.24,Entertainment,ATM,Success,0,0,False,False,False,False,False
TXN0002625,CUST00861,2025-07-27 09:00:00,Debit,1195.83,Shopping,UPI,Success,0,0,False,False,False,False,False
TXN0002626,CUST00395,2025-08-25 00:00:00,Credit,188.93,Shopping,Net Banking,Pending,0,0,False,False,False,False,False
TXN0002627,CUST00720,2025-01-06 00:00:00,Debit,977.38,Investment,UPI,Success,0,0,False,False,False,False,False
TXN0002628,CUST00996,2026-01-20 11:00:00,Transfer,2235.19,Investment,UPI,Success,0,1,False,False,False,False,False
TXN0002629,CUST00476,2025-05-07 07:00:00,Transfer,4588.82,Investment,UPI,Success,0,1,False,False,False,False,False
TXN0002630,CUST00288,2025-05-04 22:00:00,Debit,977.38,Salary,Net Banking,Success,0,0,False,False,False,False,False
TXN0002631,CUST00823,2026-02-21 09:00:00,Credit,487.39,Salary,Credit Card,Success,0,0,False,False,False,False,False
TXN0002632,CUST00498,2025-11-23 10:00:00,Debit,483.51,Utilities,Debit Card,Failed,0,0,False,False,False,False,False
TXN0002633,CUST00427,2025-11-16 17:00:00,Debit,432.02,Groceries,Debit Card,Failed,0,0,False,False,False,False,False
TXN0002634,CUST00724,2025-12-22 00:00:00,Debit,656.04,Food,UPI,Success,0,0,False,False,False,False,False
TXN0002635,CUST00103,2026-09-26 20:00:00,Debit,782.16,Salary,UPI,Success,0,0,False,False,False,False,False
TXN0002636,CUST00868,2025-10-29 03:00:00,Transfer,2478.94,Entertainment,UPI,Success,0,0,False,False,False,False,False
TXN0002637,CUST00427,2026-03-10 14:00:00,Transfer,531.05,Healthcare,UPI,Success,0,1,False,False,False,False,False
TXN0002638,CUST00351,2025-10-29 15:00:00,Debit,601.72,Travel,ATM,Success,0,0,False,False,False,False,False
TXN0002639,CUST00316,2025-09-29 17:00:00,Debit,1101.94,Investment,UPI,Failed,0,1,False,False,False,False,False
TXN0002640,CUST01189,2026-03-01 02:00:00,Transfer,791.89,Travel,Credit Card,Success,0,0,False,False,False,False,False
TXN0002641,CUST00484,2026-07-05 14:00:00,Credit,667.53,Groceries,UPI,Success,0,1,False,False,False,False,False
TXN0002642,CUST00750,2025-03-12 18:00:00,Debit,1704.99,Utilities,ATM,Success,0,1,False,False,False,False,False
TXN0002643,CUST00500,2026-04-06 14:00:00,Debit,293.82,Unknown,UPI,Success,0,0,False,False,False,False,False
TXN0002644,CUST00659,2025-02-22 22:00:00,Debit,2666.15,Groceries,UPI,Success,0,0,False,False,False,False,False
TXN0002645,CUST00700,2025-02-01 18:00:00,Transfer,101.2,Travel,UPI,Success,0,0,False,False,False,False,False
TXN0002646,CUST00447,2025-09-22 14:00:00,Transfer,166.98,Salary,ATM,Success,0,0,False,False,False,False,False
TXN0002647,CUST00052,2025-02-03 19:00:00,Credit,4369.23,Utilities,Unknown,Success,0,0,False,False,False,False,False
TXN0002648,CUST00827,2025-11-13 02:00:00,Credit,629.41,Healthcare,UPI,Success,1,0,False,False,False,False,False
TXN0002649,CUST00619,2026-04-29 19:00:00,Transfer,3208.13,Entertainment,Debit Card,Success,0,1,False,False,False,False,False
TXN0002650,CUST00211,2026-04-19 15:00:00,Credit,1928.44,Utilities,Credit Card,Success,0,0,False,False,False,False,False
TXN0002651,CUST01024,2025-08-17 12:00:00,Transfer,956.93,Utilities,Debit Card,Failed,0,0,False,False,False,False,False
TXN0002652,CUST00463,2025-01-15 12:00:00,Debit,706.27,Food,UPI,Success,0,1,False,False,False,False,False
TXN0002653,CUST00900,2025-04-28 08:00:00,Debit,1537.06,Shopping,UPI,Success,0,0,False,False,False,False,False
TXN0002654,CUST00326,2025-05-24 03:00:00,Debit,401.23,Shopping,UPI,Success,0,0,False,False,False,False,False
TXN0002655,CUST00514,2025-04-12 03:00:00,Credit,4172.61,Travel,Debit Card,Success,0,1,False,False,False,False,False
TXN0002656,CUST00881,2026-04-11 09:00:00,Transfer,1076.62,Healthcare,UPI,Success,0,0,False,False,False,False,False
TXN0002657,CUST01147,2026-09-28 21:00:00,Transfer,1445.12,Healthcare,UPI,Success,0,1,False,False,False,False,False
TXN0002658,CUST00291,2026-04-30 07:00:00,Debit,318.33,Rent,UPI,Success,0,0,False,False,False,False,False
TXN0002659,CUST00940,2025-02-27 12:00:00,Transfer,1861.82,Entertainment,Debit Card,Success,0,0,False,False,False,False,False
TXN0002660,CUST00371,2025-01-12 10:00:00,Transfer,557.78,Travel,Debit Card,Success,0,0,False,False,False,False,False
TXN0002661,CUST00957,2025-02-16 19:00:00,Debit,1090.21,Food,Debit Card,Success,0,0,False,False,False,False,False
TXN0002662,CUST00443,2026-02-18 16:00:00,Credit,1402.38,Groceries,UPI,Pending,0,0,False,False,False,False,False
TXN0002663,CUST00771,2026-02-05 04:00:00,Credit,1945.38,Shopping,Debit Card,Pending,1,0,False,False,False,False,False
TXN0002664,CUST00062,2026-08-15 10:00:00,Transfer,1694.95,Healthcare,Net Banking,Success,0,0,False,False,False,False,False
TXN0002665,CUST00820,2025-01-21 07:00:00,Debit,766.2,Food,Debit Card,Success,0,0,False,False,False,False,False
TXN0002666,CUST00472,2026-07-20 09:00:00,Debit,1203.49,Groceries,UPI,Success,0,0,False,False,False,False,False
TXN0002667,CUST00418,2026-03-25 15:00:00,Debit,341.22,Food,Net Banking,Failed,0,0,False,False,False,False,False
TXN0002668,CUST00147,2025-08-18 10:00:00,Credit,107.65,Travel,ATM,Success,0,0,False,False,False,False,False
TXN0002669,CUST01088,2025-03-28 18:00:00,Debit,1526.6,Travel,Debit Card,Success,0,0,False,False,False,False,False
TXN0002670,CUST00447,2026-01-30 05:00:00,Debit,2830.17,Food,UPI,Success,0,0,False,False,False,False,False
TXN0002671,CUST01107,2026-03-27 13:00:00,Transfer,453.92,Salary,Debit Card,Success,0,0,False,False,False,False,False
TXN0002672,CUST00850,2026-08-31 20:00:00,Debit,228.3,Food,Debit Card,Success,0,0,False,False,False,False,False
TXN0002673,CUST00659,2025-02-14 17:00:00,Debit,1137.4,Investment,Net Banking,Success,0,0,False,False,False,False,False
TXN0002674,CUST00322,2026-01-16 02:00:00,Debit,286.43,Healthcare,Debit Card,Failed,0,0,False,False,False,False,False
TXN0002675,CUST00088,2025-11-01 05:00:00,Transfer,760.45,Entertainment,UPI,Success,0,1,False,False,False,False,False
TXN0002676,CUST00524,2026-02-01 12:00:00,Debit,644.23,Healthcare,UPI,Success,0,0,False,False,False,False,False
TXN0002677,CUST00446,2026-04-07 20:00:00,Debit,1180.37,Rent,Debit Card,Success,1,0,False,False,False,False,False
TXN0002678,CUST00384,2025-03-30 23:00:00,Transfer,2216.49,Entertainment,UPI,Success,0,0,False,False,False,False,False
TXN0002679,CUST00135,2025-09-24 17:00:00,Debit,541.0,Entertainment,Debit Card,Pending,0,0,False,False,False,False,False
TXN0002680,CUST00739,2026-09-07 01:00:00,Debit,227.78,Utilities,UPI,Success,0,1,False,False,False,False,False
TXN0002681,CUST01025,2025-12-27 09:00:00,Debit,3989.06,Travel,ATM,Success,0,0,False,False,False,False,False
TXN0002682,CUST01041,2026-02-16 21:00:00,Credit,111.06,Travel,Debit Card,Success,0,0,False,False,False,False,False
TXN0002683,CUST01048,2025-10-28 13:00:00,Debit,6277.66,Rent,UPI,Success,0,0,False,False,False,False,False
TXN0002684,CUST00484,2026-02-16 18:00:00,Transfer,410.78,Entertainment,ATM,Pending,0,0,False,False,False,False,False
TXN0002685,CUST00065,2025-11-20 16:00:00,Debit,3890.89,Food,Net Banking,Success,0,0,False,False,False,False,False
TXN0002686,CUST00629,2025-02-17 13:00:00,Transfer,18425.88,Rent,Debit Card,Success,0,0,False,False,False,False,True
TXN0002687,CUST00906,2026-07-03 00:00:00,Transfer,1392.08,Investment,Debit Card,Success,0,0,False,False,False,False,False
TXN0002688,CUST01054,2025-08-31 14:00:00,Debit,287.88,Salary,UPI,Success,1,0,False,False,False,False,False
TXN0002689,CUST00806,2026-09-12 20:00:00,Transfer,304.24,Food,UPI,Failed,0,0,False,False,False,False,False
TXN0002690,CUST00826,2025-08-23 23:00:00,Transfer,1297.51,Groceries,UPI,Success,0,0,False,False,False,False,False
TXN0002691,CUST01100,2025-08-16 01:00:00,Debit,701.88,Salary,ATM,Failed,0,0,False,False,False,False,False
TXN0002692,CUST00548,2025-12-30 14:00:00,Transfer,2545.77,Food,ATM,Success,0,0,False,False,False,False,False
TXN0002693,CUST00188,2025-07-12 15:00:00,Debit,5367.13,Groceries,Net Banking,Success,0,0,False,False,False,False,False
TXN0002694,CUST00735,2025-10-23 11:00:00,Debit,379.55,Investment,UPI,Success,0,0,False,False,False,False,False
TXN0002695,CUST01018,2025-04-18 01:00:00,Debit,2363.95,Investment,Debit Card,Success,0,1,False,False,False,False,False
TXN0002696,CUST00586,2025-02-03 12:00:00,Debit,6217.63,Unknown,UPI,Success,0,0,False,False,False,False,False
TXN0002697,CUST00417,2025-09-14 13:00:00,Debit,971.37,Entertainment,Credit Card,Success,0,0,False,False,False,False,False
TXN0002698,CUST00573,2026-03-13 17:00:00,Transfer,407.94,Groceries,Debit Card,Success,0,0,False,False,False,False,False
TXN0002699,CUST00848,2026-08-26 05:00:00,Debit,530.57,Travel,UPI,Success,0,0,False,False,False,False,False
TXN0002700,CUST00400,2026-09-16 09:00:00,Transfer,347.01,Salary,UPI,Success,0,1,False,False,False,False,False
TXN0002701,CUST00254,2026-09-17 21:00:00,Transfer,349.11,Food,UPI,Failed,0,0,False,False,False,False,False
TXN0002702,CUST00219,2025-05-21 18:00:00,Transfer,1096.85,Healthcare,Credit Card,Success,0,1,False,False,False,False,False
TXN0002703,CUST00514,2025-12-28 02:00:00,Debit,347.67,Utilities,Credit Card,Success,0,0,False,False,False,False,False
TXN0002704,CUST00400,2025-05-31 02:00:00,Credit,4572.18,Rent,UPI,Success,0,0,False,False,False,False,False
TXN0002705,CUST00781,2026-08-09 18:00:00,Transfer,471.89,Food,UPI,Success,0,0,False,False,False,False,False
TXN0002706,CUST00962,2025-03-15 20:00:00,Debit,4616.44,Salary,UPI,Pending,0,0,False,False,False,False,False
TXN0002707,CUST00094,2025-11-07 23:00:00,Debit,1615.9,Investment,Credit Card,Success,0,0,False,False,False,False,False
TXN0002708,CUST00201,2025-05-11 02:00:00,Credit,2127.49,Utilities,Credit Card,Success,0,2,False,False,False,False,False
TXN0002709,CUST00207,2025-11-05 13:00:00,Credit,775.36,Rent,UPI,Success,0,0,False,False,False,False,False
TXN0002710,CUST01181,2025-12-10 08:00:00,Debit,673.13,Investment,Credit Card,Success,0,0,False,False,False,False,False
TXN0002711,CUST00220,2026-09-09 18:00:00,Debit,1045.25,Investment,UPI,Success,0,0,False,False,False,False,False
TXN0002712,CUST00914,2025-05-09 06:00:00,Debit,3189.94,Healthcare,Debit Card,Success,0,1,False,False,False,False,False
TXN0002713,CUST00900,2025-12-22 13:00:00,Debit,6097.75,Utilities,UPI,Success,0,0,False,False,False,False,False
TXN0002714,CUST00310,2025-11-29 08:00:00,Credit,475.37,Healthcare,Unknown,Success,0,0,False,False,False,False,False
TXN0002715,CUST00962,2025-01-24 04:00:00,Transfer,692.59,Salary,Debit Card,Success,0,2,False,False,False,False,False
TXN0002716,CUST00396,2026-09-15 15:00:00,Debit,3433.22,Salary,UPI,Success,0,0,False,False,False,False,False
TXN0002717,CUST00306,2026-09-18 09:00:00,Transfer,7445.37,Investment,Net Banking,Success,1,0,False,False,False,False,False
TXN0002718,CUST00077,2025-10-30 12:00:00,Debit,4291.53,Salary,Debit Card,Success,0,0,False,False,False,False,False
TXN0002719,CUST00321,2026-02-28 10:00:00,Transfer,761.52,Investment,Credit Card,Success,0,0,False,False,False,False,False
TXN0002720,CUST01089,2025-12-17 10:00:00,Debit,524.05,Healthcare,Debit Card,Success,0,1,False,False,False,False,False
TXN0002721,CUST00781,2026-01-18 23:00:00,Transfer,10007.12,Rent,UPI,Success,0,1,False,False,False,False,False
TXN0002722,CUST01074,2025-09-19 16:00:00,Debit,4342.21,Unknown,Debit Card,Success,0,0,False,False,False,False,False
TXN0002723,CUST00299,2025-08-31 22:00:00,Debit,188.04,Salary,Net Banking,Success,0,0,False,False,False,False,False
TXN0002724,CUST00474,2026-01-09 20:00:00,Credit,1544.41,Investment,UPI,Success,0,0,False,False,False,False,False
TXN0002725,CUST00251,2025-11-02 11:00:00,Credit,2611.18,Healthcare,Credit Card,Success,0,0,False,False,False,False,False
TXN0002726,CUST00731,2026-02-27 13:00:00,Transfer,2345.79,Rent,ATM,Success,0,0,False,False,False,False,False
TXN0002727,CUST00567,2025-12-17 18:00:00,Debit,782.18,Food,Debit Card,Success,0,1,False,False,False,False,False
TXN0002728,CUST00937,2026-04-17 06:00:00,Transfer,400.01,Groceries,Credit Card,Failed,0,0,False,False,False,False,False
TXN0002729,CUST01121,2025-03-15 22:00:00,Debit,2515.1,Investment,Debit Card,Success,0,0,False,False,False,False,False
TXN0002730,CUST00296,2026-02-26 23:00:00,Debit,9743.5,Groceries,Debit Card,Success,0,0,False,False,False,False,False
TXN0002731,CUST00304,2025-10-11 21:00:00,Debit,904.4,Travel,Debit Card,Success,0,0,False,False,False,False,False
TXN0002732,CUST00111,2026-05-23 20:00:00,Transfer,16873.19,Food,Debit Card,Failed,0,0,False,False,False,False,True
TXN0002733,CUST00338,2026-05-23 03:00:00,Credit,791.1,Food,UPI,Success,0,0,False,False,False,False,False
TXN0002734,CUST00309,2025-07-20 09:00:00,Transfer,155.5,Rent,Net Banking,Success,0,1,False,False,False,False,False
TXN0002735,CUST00542,2025-07-15 17:00:00,Debit,448.73,Investment,UPI,Success,0,0,False,False,False,False,False
TXN0002736,CUST00787,2025-12-18 17:00:00,Debit,556.67,Utilities,UPI,Success,0,0,False,False,False,False,False
TXN0002737,CUST00904,2026-01-07 11:00:00,Credit,2632.95,Salary,UPI,Success,0,0,False,False,False,False,False
TXN0002738,CUST00731,2026-04-18 16:00:00,Debit,590.62,Groceries,UPI,Success,0,0,False,False,False,False,False
TXN0002739,CUST00718,2025-10-12 13:00:00,Debit,1103.54,Entertainment,Debit Card,Success,0,0,False,False,False,False,False
TXN0002740,CUST00179,2025-03-16 19:00:00,Debit,661.44,Shopping,Credit Card,Success,0,2,False,False,False,False,False
TXN0002741,CUST00010,2025-06-16 09:00:00,Debit,4912.29,Travel,UPI,Success,0,0,False,False,False,False,False
TXN0002742,CUST00594,2026-02-06 12:00:00,Transfer,1029.48,Investment,Net Banking,Success,0,0,False,False,False,False,False
TXN0002743,CUST00595,2026-07-14 19:00:00,Transfer,240.32,Utilities,ATM,Pending,0,0,False,False,False,False,False
TXN0002744,CUST00303,2026-02-19 07:00:00,Debit,2141.08,Healthcare,Net Banking,Pending,0,0,False,False,False,False,False
TXN0002745,CUST01126,2025-01-07 06:00:00,Debit,1031.03,Entertainment,UPI,Success,0,0,False,False,False,False,False
TXN0002746,CUST00996,2025-02-08 10:00:00,Debit,4699.4,Entertainment,UPI,Failed,0,0,False,False,False,False,False
TXN0002747,CUST00145,2025-10-31 03:00:00,Transfer,282.07,Groceries,Credit Card,Success,0,0,False,False,False,False,False
TXN0002748,CUST00112,2026-02-01 09:00:00,Debit,672.84,Salary,Net Banking,Success,0,2,False,False,False,False,False
TXN0002749,CUST00897,2025-05-21 11:00:00,Debit,1467.67,Entertainment,UPI,Success,0,0,False,False,False,False,False
TXN0002750,CUST00462,2026-09-22 16:00:00,Debit,496.22,Utilities,UPI,Pending,0,0,False,False,False,False,False
TXN0002751,CUST01017,2025-07-11 07:00:00,Transfer,4987.48,Shopping,ATM,Success,0,0,False,False,False,False,False
TXN0002752,CUST01106,2026-02-17 05:00:00,Debit,416.24,Entertainment,Debit Card,Success,0,0,False,False,False,False,False
TXN0002753,CUST00354,2025-07-05 18:00:00,Transfer,890.08,Shopping,UPI,Success,0,0,False,False,False,False,False
TXN0002754,CUST00804,2026-04-11 21:00:00,Debit,5653.46,Entertainment,Credit Card,Success,0,0,False,False,False,False,False
TXN0002755,CUST01038,2025-04-11 14:00:00,Credit,702.18,Utilities,Debit Card,Success,0,0,False,False,False,False,False
TXN0002756,CUST01108,2025-02-20 07:00:00,Transfer,427.75,Groceries,UPI,Success,0,1,False,False,False,False,False
TXN0002757,CUST00113,2025-09-25 12:00:00,Transfer,455.01,Groceries,Debit Card,Success,0,0,False,False,False,False,False
TXN0002758,CUST00867,2026-09-08 11:00:00,Debit,1181.64,Food,Credit Card,Failed,0,0,False,False,False,False,False
TXN0002759,CUST00025,2026-05-28 18:00:00,Transfer,782.87,Salary,UPI,Success,0,1,False,False,False,False,False
TXN0002760,CUST01163,2025-12-29 03:00:00,Transfer,229.47,Investment,UPI,Success,0,1,False,False,False,False,False
TXN0002761,CUST00168,2025-08-16 14:00:00,Debit,1459.05,Utilities,UPI,Success,0,0,False,False,False,False,False
TXN0002762,CUST00060,2025-03-31 15:00:00,Debit,223.75,Food,Credit Card,Success,0,0,False,False,False,False,False
TXN0002763,CUST00865,2026-09-14 15:00:00,Transfer,929.33,Utilities,Net Banking,Success,0,0,False,False,False,False,False
TXN0002764,CUST00551,2026-09-02 06:00:00,Debit,2644.72,Rent,UPI,Success,0,1,False,False,False,False,False
TXN0002765,CUST00894,2026-07-11 23:00:00,Credit,1393.13,Shopping,Debit Card,Success,0,0,False,False,False,False,False
TXN0002766,CUST00259,2026-06-01 11:00:00,Credit,1911.1,Salary,UPI,Success,0,0,False,False,False,False,False
TXN0002767,CUST01157,2025-12-07 00:00:00,Debit,1524.48,Rent,Credit Card,Pending,0,0,False,False,False,False,False
TXN0002768,CUST00949,2026-09-11 01:00:00,Credit,879.17,Groceries,Net Banking,Success,0,0,False,False,False,False,False
TXN0002769,CUST00418,2025-08-21 15:00:00,Debit,715.38,Investment,UPI,Success,0,0,False,False,False,False,False
TXN0002770,CUST00487,2026-02-15 10:00:00,Credit,941.97,Unknown,Debit Card,Success,0,0,False,False,False,False,False
TXN0002771,CUST01006,2025-05-02 12:00:00,Debit,765.22,Healthcare,Net Banking,Success,0,0,False,False,False,False,False
TXN0002772,CUST00611,2025-11-19 15:00:00,Credit,3428.13,Entertainment,Debit Card,Success,0,0,False,False,False,False,False
TXN0002773,CUST01075,2026-01-14 02:00:00,Credit,2670.27,Investment,Debit Card,Success,0,0,False,False,False,False,False
TXN0002774,CUST01031,2025-08-28 02:00:00,Debit,615.3,Entertainment,UPI,Success,0,0,False,False,False,False,False
TXN0002775,CUST00890,2025-06-12 12:00:00,Debit,690.71,Utilities,Net Banking,Success,0,0,False,False,False,False,False
TXN0002776,CUST00041,2026-01-07 23:00:00,Debit,984.98,Utilities,UPI,Pending,0,0,False,False,False,False,False
TXN0002777,CUST00990,2026-03-13 12:00:00,Debit,1386.9,Shopping,Debit Card,Success,0,1,False,False,False,False,False
TXN0002778,CUST01190,2026-01-24 16:00:00,Transfer,1361.24,Entertainment,UPI,Success,0,0,False,False,False,False,False
TXN0002779,CUST00153,2025-03-06 00:00:00,Debit,2751.66,Salary,Credit Card,Success,0,1,False,False,False,False,False
TXN0002780,CUST00751,2025-10-30 12:00:00,Debit,1556.94,Shopping,ATM,Pending,1,0,False,False,False,False,False
TXN0002781,CUST01089,2025-04-03 07:00:00,Debit,1185.52,Rent,Credit Card,Failed,0,0,False,False,False,False,False
TXN0002782,CUST00123,2025-12-13 23:00:00,Debit,178.94,Investment,UPI,Success,0,0,False,False,False,False,False
TXN0002783,CUST00757,2025-07-28 15:00:00,Debit,685.68,Healthcare,UPI,Success,0,0,False,False,False,False,False
TXN0002784,CUST00145,2026-08-24 00:00:00,Transfer,2179.05,Groceries,UPI,Success,0,0,False,False,False,False,False
TXN0002785,CUST01085,2025-10-02 12:00:00,Transfer,165.22,Utilities,Net Banking,Success,0,1,False,False,False,False,False
TXN0002786,CUST00096,2026-02-03 14:00:00,Transfer,1096.265,Healthcare,ATM,Success,0,0,False,False,False,True,False
TXN0002787,CUST00441,2025-07-29 09:00:00,Credit,2365.18,Healthcare,UPI,Failed,0,0,False,False,False,False,False
TXN0002788,CUST00487,2026-09-23 18:00:00,Debit,141.87,Food,Net Banking,Success,0,0,False,False,False,False,False
TXN0002789,CUST01052,2026-08-07 19:00:00,Transfer,353.49,Entertainment,UPI,Success,0,0,False,False,False,False,False
TXN0002790,CUST00362,2026-07-14 01:00:00,Debit,4450.44,Travel,Credit Card,Failed,0,0,False,False,False,False,False
TXN0002791,CUST00084,2026-07-09 10:00:00,Debit,3057.33,Groceries,UPI,Success,0,0,False,False,False,False,False
TXN0002792,CUST00377,2025-06-28 08:00:00,Debit,1415.51,Investment,UPI,Success,0,0,False,False,False,False,False
TXN0002793,CUST00723,2026-09-13 06:00:00,Credit,2428.61,Rent,UPI,Success,0,0,False,False,False,False,False
TXN0002794,CUST00139,2026-08-03 20:00:00,Credit,1830.17,Utilities,UPI,Success,0,0,False,False,False,False,False
TXN0002795,CUST01142,2026-08-22 15:00:00,Transfer,1571.37,Rent,ATM,Success,0,0,False,False,False,False,False
TXN0002796,CUST01083,2025-08-17 20:00:00,Transfer,1070.72,Shopping,UPI,Failed,0,1,False,False,False,False,False
TXN0002797,CUST00106,2026-03-25 11:00:00,Debit,264.24,Shopping,UPI,Success,0,1,False,False,False,False,False
TXN0002798,CUST01031,2025-05-08 20:00:00,Debit,1504.01,Food,UPI,Success,0,0,False,False,False,False,False
TXN0002799,CUST00026,2025-07-16 01:00:00,Debit,1818.09,Food,Net Banking,Success,0,0,False,False,False,False,False
TXN0002800,CUST00293,2025-02-13 09:00:00,Debit,1854.97,Investment,ATM,Success,0,0,False,False,False,False,False
TXN0002801,CUST00273,2026-01-10 06:00:00,Transfer,2038.33,Investment,UPI,Success,0,0,False,False,False,False,False
TXN0002802,CUST01095,2025-12-10 20:00:00,Debit,414.91,Rent,UPI,Pending,0,0,False,False,False,False,False
TXN0002803,CUST00302,2025-12-15 04:00:00,Transfer,474.31,Travel,UPI,Success,0,0,False,False,False,False,False
TXN0002804,CUST00398,2025-12-10 00:00:00,Transfer,454.3,Rent,UPI,Failed,0,1,False,False,False,False,False
TXN0002805,CUST00658,2025-05-16 04:00:00,Credit,588.32,Investment,Net Banking,Success,0,0,False,False,False,False,False
TXN0002806,CUST00220,2026-03-02 13:00:00,Transfer,4805.2,Utilities,Credit Card,Success,0,0,False,False,False,False,False
TXN0002807,CUST00311,2026-04-06 21:00:00,Transfer,326.46,Groceries,Net Banking,Success,0,0,False,False,False,False,False
TXN0002808,CUST00188,2026-04-16 09:00:00,Debit,922.96,Salary,Debit Card,Failed,0,0,False,False,False,False,False
TXN0002809,CUST00209,2025-05-21 15:00:00,Debit,885.57,Shopping,Net Banking,Success,0,0,False,False,False,False,False
TXN0002810,CUST00020,2025-10-23 16:00:00,Transfer,3152.98,Groceries,UPI,Unknown,0,0,False,False,False,False,False
TXN0002811,CUST00622,2026-02-23 05:00:00,Credit,1798.56,Entertainment,Credit Card,Failed,0,0,False,False,False,False,False
TXN0002812,CUST00801,2026-05-15 03:00:00,Credit,306.42,Shopping,ATM,Success,0,0,False,False,False,False,False
TXN0002813,CUST00811,2025-06-27 23:00:00,Debit,297.59,Investment,UPI,Success,0,0,False,False,False,False,False
TXN0002814,CUST00529,2025-12-03 00:00:00,Debit,482.69,Travel,Debit Card,Success,0,0,False,False,False,False,False
TXN0002815,CUST00867,2026-03-04 20:00:00,Transfer,1563.3,Entertainment,Debit Card,Unknown,0,0,False,False,False,False,False
TXN0002816,CUST00826,2025-08-10 16:00:00,Credit,1007.09,Groceries,Net Banking,Success,0,0,False,False,False,False,False
TXN0002817,CUST01026,2026-09-02 05:00:00,Debit,952.18,Groceries,Net Banking,Success,0,0,False,False,False,False,False
TXN0002818,CUST00045,2025-04-14 08:00:00,Transfer,131.54,Salary,UPI,Pending,0,0,False,False,False,False,False
TXN0002819,CUST01040,2025-02-02 21:00:00,Transfer,1169.2,Entertainment,UPI,Success,0,0,False,False,False,False,False
TXN0002820,CUST00876,2025-03-21 11:00:00,Credit,3021.33,Healthcare,Debit Card,Success,0,0,False,False,False,False,False
TXN0002821,CUST00540,2026-01-09 07:00:00,Credit,577.7,Travel,Net Banking,Success,0,0,False,False,False,False,False
TXN0002822,CUST00877,2025-09-21 09:00:00,Transfer,889.02,Travel,UPI,Success,0,0,False,False,False,False,False
TXN0002823,CUST00353,2025-09-11 18:00:00,Debit,124.71,Entertainment,UPI,Success,0,0,False,False,False,False,False
TXN0002824,CUST00337,2025-01-08 00:00:00,Transfer,6030.3,Groceries,Net Banking,Success,0,0,False,False,False,False,False
TXN0002825,CUST00305,2026-08-25 12:00:00,Credit,2030.33,Shopping,UPI,Success,1,0,False,False,False,False,False
TXN0002826,CUST00417,2025-04-06 18:00:00,Debit,3747.57,Salary,UPI,Success,0,0,False,False,False,False,False
TXN0002827,CUST00333,2026-03-24 23:00:00,Transfer,1053.41,Rent,Unknown,Success,0,0,False,False,False,False,False
TXN0002828,CUST00916,2025-04-18 06:00:00,Debit,146.33,Investment,Net Banking,Success,0,0,False,False,False,False,False
TXN0002829,CUST01026,2026-04-10 12:00:00,Debit,2509.36,Food,ATM,Success,0,0,False,False,False,False,False
TXN0002830,CUST00482,2026-01-04 17:00:00,Debit,342.02,Shopping,Net Banking,Success,0,0,False,False,False,False,False
TXN0002831,CUST01011,2025-11-02 00:00:00,Credit,437.75,Entertainment,UPI,Success,0,0,False,False,False,False,False
TXN0002832,CUST00459,2026-05-10 19:00:00,Debit,389.94,Salary,UPI,Success,1,0,False,False,False,False,False
TXN0002833,CUST00350,2026-01-09 01:00:00,Debit,557.27,Investment,UPI,Success,1,1,False,False,False,False,False
TXN0002834,CUST00164,2026-09-03 09:00:00,Debit,167.6,Food,Net Banking,Success,0,0,False,False,False,False,False
TXN0002835,CUST00313,2025-10-09 05:00:00,Debit,221.21,Investment,UPI,Success,0,0,False,False,False,False,False
TXN0002836,CUST00274,2025-03-06 13:00:00,Transfer,316.47,Travel,Net Banking,Success,0,0,False,False,False,False,False
TXN0002837,CUST01148,2025-01-10 06:00:00,Debit,335.53,Utilities,Debit Card,Success,0,0,False,False,False,False,False
TXN0002838,CUST00403,2025-11-03 13:00:00,Transfer,513.39,Healthcare,Credit Card,Success,0,0,False,False,False,False,False
TXN0002839,CUST00952,2025-04-18 04:00:00,Debit,1338.98,Rent,Debit Card,Success,0,0,False,False,False,False,False
TXN0002840,CUST00153,2026-01-08 04:00:00,Debit,401.16,Utilities,Debit Card,Success,0,0,False,False,False,False,False
TXN0002841,CUST00675,2025-04-18 00:00:00,Transfer,1496.4,Unknown,Debit Card,Success,0,0,False,False,False,False,False
TXN0002842,CUST01140,2025-09-01 15:00:00,Debit,3100.82,Rent,UPI,Success,0,0,False,False,False,False,False
TXN0002843,CUST01044,2025-04-20 04:00:00,Debit,4730.5,Unknown,UPI,Failed,0,0,False,False,False,False,False
TXN0002844,CUST01086,2025-07-11 14:00:00,Transfer,4403.0,Food,Debit Card,Success,1,0,False,False,False,False,False
TXN0002845,CUST00203,2026-03-01 00:00:00,Transfer,2785.54,Unknown,Credit Card,Success,0,0,False,False,False,False,False
TXN0002846,CUST00927,2025-12-12 09:00:00,Debit,636.41,Rent,UPI,Success,0,0,False,False,False,False,False
TXN0002847,CUST00585,2026-04-05 12:00:00,Credit,117.76,Investment,ATM,Success,0,0,False,False,False,False,False
TXN0002848,CUST00473,2025-08-22 07:00:00,Debit,3459.69,Entertainment,UPI,Failed,0,1,False,False,False,False,False
TXN0002849,CUST00162,2026-06-22 14:00:00,Debit,2015.79,Healthcare,Debit Card,Success,0,0,False,False,False,False,False
TXN0002850,CUST00786,2025-10-23 08:00:00,Debit,3125.11,Entertainment,UPI,Success,0,0,False,False,False,False,False
TXN0002851,CUST00396,2025-12-12 01:00:00,Debit,860.79,Healthcare,Net Banking,Success,0,0,False,False,False,False,False
TXN0002852,CUST01113,2025-12-24 03:00:00,Debit,2085.13,Groceries,Credit Card,Success,1,0,False,False,False,False,False
TXN0002853,CUST00635,2026-03-24 15:00:00,Debit,12044.22,Shopping,Net Banking,Success,0,0,False,False,False,False,False
TXN0002854,CUST00163,2025-08-23 19:00:00,Transfer,4155.01,Rent,UPI,Success,0,0,False,False,False,False,False
TXN0002855,CUST01187,2026-06-15 19:00:00,Transfer,752.32,Rent,UPI,Success,0,0,False,False,False,False,False
TXN0002856,CUST00710,2026-02-28 17:00:00,Transfer,1096.265,Salary,UPI,Success,0,0,False,False,False,True,False
TXN0002857,CUST00387,2025-06-25 08:00:00,Transfer,326.06,Utilities,UPI,Success,0,0,False,False,False,False,False
TXN0002858,CUST00174,2025-04-21 11:00:00,Transfer,3029.17,Investment,Debit Card,Success,0,0,False,False,False,False,False
TXN0002859,CUST00835,2026-01-07 07:00:00,Credit,1685.01,Travel,Debit Card,Pending,0,0,False,False,False,False,False
TXN0002860,CUST00911,2025-11-17 16:00:00,Debit,2876.52,Travel,Debit Card,Success,0,0,False,False,False,False,False
TXN0002861,CUST00740,2025-01-03 21:00:00,Debit,2265.74,Travel,UPI,Failed,0,0,False,False,False,False,False
TXN0002862,CUST00657,2025-09-01 15:00:00,Credit,2010.15,Healthcare,UPI,Success,0,0,False,False,False,False,False
TXN0002863,CUST00692,2025-01-20 12:00:00,Debit,395.97,Entertainment,Credit Card,Failed,0,0,False,False,False,False,False
TXN0002864,CUST00082,2026-07-21 13:00:00,Credit,1455.28,Investment,ATM,Success,0,0,False,False,False,False,False
TXN0002865,CUST00348,2025-03-12 15:00:00,Transfer,191.06,Rent,Net Banking,Success,0,0,False,False,False,False,False
TXN0002866,CUST00866,2025-12-21 18:00:00,Debit,1085.04,Investment,Debit Card,Success,0,0,False,False,False,False,False
TXN0002867,CUST00565,2025-10-12 20:00:00,Debit,914.26,Shopping,Credit Card,Success,0,0,False,False,False,False,False
TXN0002868,CUST00387,2026-08-12 13:00:00,Debit,877.54,Investment,Net Banking,Success,0,0,False,False,False,False,False
TXN0002869,CUST00301,2025-07-04 13:00:00,Debit,120.48,Food,UPI,Success,0,0,False,False,False,False,False
TXN0002870,CUST00753,2026-07-20 08:00:00,Debit,548.57,Shopping,Debit Card,Success,0,0,False,False,False,False,False
TXN0002871,CUST01167,2025-05-29 11:00:00,Credit,11411.38,Investment,Net Banking,Success,0,0,False,False,False,False,False
TXN0002872,CUST00987,2026-06-06 06:00:00,Debit,175.02,Shopping,Debit Card,Success,0,0,False,False,False,False,False
TXN0002873,CUST00647,2025-04-19 12:00:00,Debit,738.1,Investment,UPI,Success,0,1,False,False,False,False,False
TXN0002874,CUST00366,2025-05-11 21:00:00,Debit,838.81,Groceries,Credit Card,Success,0,0,False,False,False,False,False
TXN0002875,CUST00136,2025-09-15 11:00:00,Debit,864.77,Salary,ATM,Failed,0,0,False,False,False,False,False
TXN0002876,CUST01048,2026-07-10 11:00:00,Transfer,4298.38,Food,UPI,Success,0,1,False,False,False,False,False
TXN0002877,CUST00091,2026-04-21 11:00:00,Debit,2299.24,Utilities,UPI,Success,0,1,False,False,False,False,False
TXN0002878,CUST00361,2025-10-21 18:00:00,Debit,2837.77,Groceries,UPI,Success,0,1,False,False,False,False,False
TXN0002879,CUST00529,2025-09-18 06:00:00,Credit,943.07,Healthcare,Credit Card,Success,0,1,False,False,False,False,False
TXN0002880,CUST00688,2025-07-04 20:00:00,Debit,1236.29,Groceries,Net Banking,Success,0,0,False,False,False,False,False
TXN0002881,CUST00439,2026-05-05 02:00:00,Credit,1852.5,Travel,UPI,Success,0,1,False,False,False,False,False
TXN0002882,CUST00380,2026-02-15 17:00:00,Debit,396.65,Travel,ATM,Success,0,0,False,False,False,False,False
TXN0002883,CUST00905,2026-02-18 18:00:00,Debit,26370.24,Rent,Debit Card,Success,0,1,False,False,False,False,True
TXN0002884,CUST00860,2025-03-30 06:00:00,Transfer,1287.98,Entertainment,UPI,Failed,0,0,False,False,False,False,False
TXN0002885,CUST00613,2026-01-14 13:00:00,Debit,902.01,Travel,UPI,Success,0,0,False,False,False,False,False
TXN0002886,CUST01166,2026-01-11 07:00:00,Debit,605.24,Utilities,Net Banking,Success,0,0,False,False,False,False,False
TXN0002887,CUST00892,2025-12-26 15:00:00,Debit,368.86,Utilities,UPI,Success,1,0,False,False,False,False,False
TXN0002888,CUST01110,2026-01-02 23:00:00,Transfer,643.17,Investment,UPI,Success,1,0,False,False,False,False,False
TXN0002889,CUST00247,2025-07-29 21:00:00,Credit,773.02,Healthcare,Net Banking,Success,0,0,False,False,False,False,False
TXN0002890,CUST00411,2025-09-20 02:00:00,Debit,1604.06,Groceries,Debit Card,Success,0,0,False,False,False,False,False
TXN0002891,CUST00274,2025-10-08 00:00:00,Transfer,7495.48,Healthcare,UPI,Success,0,0,False,False,False,False,False
TXN0002892,CUST00040,2026-09-17 06:00:00,Debit,4589.52,Groceries,UPI,Success,0,0,False,False,False,False,False
TXN0002893,CUST01108,2026-03-29 18:00:00,Debit,262.55,Food,ATM,Success,0,1,False,False,False,False,False
TXN0002894,CUST01145,2026-07-13 18:00:00,Transfer,1151.9,Groceries,UPI,Success,1,1,False,False,False,False,False
TXN0002895,CUST00637,2026-08-21 01:00:00,Credit,261.91,Investment,Credit Card,Pending,0,0,False,False,False,False,False
TXN0002896,CUST00655,2025-10-21 21:00:00,Debit,619.73,Groceries,Net Banking,Pending,0,0,False,False,False,False,False
TXN0002897,CUST01149,2025-08-28 05:00:00,Transfer,2124.88,Groceries,Debit Card,Success,1,0,False,False,False,False,False
TXN0002898,CUST00132,2025-04-22 14:00:00,Debit,1526.12,Travel,ATM,Success,0,0,False,False,False,False,False
TXN0002899,CUST00571,2025-02-15 02:00:00,Debit,2064.4,Utilities,UPI,Success,0,0,False,False,False,False,False
TXN0002900,CUST01010,2026-02-11 10:00:00,Debit,2120.11,Food,Unknown,Success,0,0,False,False,False,False,False
TXN0002901,CUST00324,2025-06-01 18:00:00,Credit,560.54,Shopping,UPI,Success,0,0,False,False,False,False,False
TXN0002902,CUST00860,2025-08-13 06:00:00,Debit,4394.92,Entertainment,Net Banking,Success,1,0,False,False,False,False,False
TXN0002903,CUST00742,2025-01-13 20:00:00,Debit,7397.7,Rent,UPI,Success,0,0,False,False,False,False,False
TXN0002904,CUST00012,2025-05-21 03:00:00,Transfer,395.57,Investment,Net Banking,Success,0,0,False,False,False,False,False
TXN0002905,CUST00039,2025-06-17 22:00:00,Credit,1364.31,Healthcare,Debit Card,Success,0,1,False,False,False,False,False
TXN0002906,CUST00650,2026-01-25 14:00:00,Transfer,615.98,Utilities,UPI,Failed,0,0,False,False,False,False,False
TXN0002907,CUST01187,2025-12-29 04:00:00,Transfer,1096.265,Shopping,Debit Card,Success,0,0,False,False,False,True,False
TXN0002908,CUST00117,2025-12-26 05:00:00,Credit,961.73,Travel,Credit Card,Success,0,0,False,False,False,False,False
TXN0002909,CUST01169,2026-01-26 16:00:00,Debit,431.73,Investment,UPI,Success,0,0,False,False,False,False,False
TXN0002910,CUST00912,2025-08-07 02:00:00,Transfer,664.25,Shopping,Net Banking,Success,0,0,False,False,False,False,False
TXN0002911,CUST00525,2025-05-30 13:00:00,Transfer,6030.8,Rent,Debit Card,Success,0,0,False,False,False,False,False
TXN0002912,CUST00379,2026-03-07 06:00:00,Transfer,1790.32,Salary,Debit Card,Success,0,1,False,False,False,False,False
TXN0002913,CUST00801,2026-07-20 11:00:00,Debit,608.61,Travel,UPI,Success,0,0,False,False,False,False,False
TXN0002914,CUST01022,2026-03-31 13:00:00,Transfer,183.34,Salary,Credit Card,Success,0,0,False,False,False,False,False
TXN0002915,CUST00136,2026-06-01 11:00:00,Debit,364.39,Groceries,Debit Card,Success,0,0,False,False,False,False,False
TXN0002916,CUST00637,2025-11-29 06:00:00,Debit,1037.55,Travel,Credit Card,Pending,0,0,False,False,False,False,False
TXN0002917,CUST01084,2026-08-18 15:00:00,Debit,994.63,Investment,Credit Card,Success,0,0,False,False,False,False,False
TXN0002918,CUST00988,2025-05-13 10:00:00,Transfer,1379.3,Salary,UPI,Success,0,1,False,False,False,False,False
TXN0002919,CUST00973,2025-10-13 07:00:00,Debit,360.91,Rent,UPI,Success,0,0,False,False,False,False,False
TXN0002920,CUST00870,2026-01-24 16:00:00,Transfer,2464.06,Travel,Credit Card,Success,0,0,False,False,False,False,False
TXN0002921,CUST00334,2025-06-27 23:00:00,Debit,5012.36,Healthcare,Credit Card,Unknown,0,0,False,False,False,False,False
TXN0002922,CUST00779,2025-01-01 02:00:00,Debit,906.8,Food,Credit Card,Success,0,0,False,False,False,False,False
TXN0002923,CUST00602,2026-09-19 13:00:00,Credit,1262.37,Shopping,UPI,Success,0,0,False,False,False,False,False
TXN0002924,CUST00993,2026-06-22 02:00:00,Debit,4820.66,Shopping,Debit Card,Failed,0,0,False,False,False,False,False
TXN0002925,CUST00172,2026-06-02 17:00:00,Transfer,2396.04,Shopping,Debit Card,Success,0,1,False,False,False,False,False
TXN0002926,CUST00311,2025-01-09 10:00:00,Transfer,2834.83,Investment,Credit Card,Success,0,0,False,False,False,False,False
TXN0002927,CUST00309,2025-02-16 19:00:00,Debit,1052.62,Salary,Debit Card,Success,0,1,False,False,False,False,False
TXN0002928,CUST00357,2025-02-07 15:00:00,Debit,154.72,Travel,UPI,Failed,0,1,False,False,False,False,False
TXN0002929,CUST00407,2026-02-12 10:00:00,Debit,3390.86,Investment,ATM,Success,0,0,False,False,False,False,False
TXN0002930,CUST00059,2026-06-18 17:00:00,Debit,168.7,Utilities,Debit Card,Success,1,0,False,False,False,False,False
TXN0002931,CUST01178,2025-12-22 02:00:00,Debit,2300.08,Healthcare,UPI,Success,0,0,False,False,False,False,False
TXN0002932,CUST00840,2025-11-21 21:00:00,Transfer,6076.02,Salary,UPI,Success,0,0,False,False,False,False,False
TXN0002933,CUST00690,2026-03-08 12:00:00,Debit,3365.31,Food,UPI,Success,0,0,False,False,False,False,False
TXN0002934,CUST00461,2026-07-13 08:00:00,Transfer,972.82,Travel,Net Banking,Success,0,0,False,False,False,False,False
TXN0002935,CUST00244,2026-05-22 11:00:00,Debit,1438.23,Travel,UPI,Pending,0,0,False,False,False,False,False
TXN0002936,CUST00779,2025-02-26 10:00:00,Transfer,6667.59,Utilities,UPI,Success,0,0,False,False,False,False,False
TXN0002937,CUST00644,2025-10-27 07:00:00,Transfer,307.31,Entertainment,Debit Card,Success,0,0,False,False,False,False,False
TXN0002938,CUST00744,2025-09-05 09:00:00,Debit,790.64,Salary,Credit Card,Success,0,0,False,False,False,False,False
TXN0002939,CUST00296,2026-01-05 08:00:00,Debit,343.4,Entertainment,Net Banking,Success,0,0,False,False,False,False,False
TXN0002940,CUST00190,2026-04-22 13:00:00,Debit,3116.0,Rent,ATM,Success,0,0,False,False,False,False,False
TXN0002941,CUST00756,2026-08-08 19:00:00,Debit,1639.7,Utilities,UPI,Success,0,0,False,False,False,False,False
TXN0002942,CUST00494,2025-08-04 01:00:00,Credit,4885.98,Utilities,UPI,Success,0,0,False,False,False,False,False
TXN0002943,CUST00905,2025-06-23 13:00:00,Debit,106.68,Shopping,Debit Card,Failed,0,1,False,False,False,False,False
TXN0002944,CUST00281,2025-11-11 06:00:00,Credit,2354.41,Travel,UPI,Success,0,1,False,False,False,False,False
TXN0002945,CUST00292,2025-09-18 09:00:00,Debit,436.2,Salary,UPI,Success,0,1,False,False,False,False,False
TXN0002946,CUST00280,2025-03-03 14:00:00,Debit,673.22,Utilities,Credit Card,Success,0,1,False,False,False,False,False
TXN0002947,CUST00849,2025-04-24 14:00:00,Transfer,886.66,Travel,UPI,Success,0,0,False,False,False,False,False
TXN0002948,CUST00941,2026-06-06 15:00:00,Transfer,1376.05,Salary,Debit Card,Success,0,0,False,False,False,False,False
TXN0002949,CUST01166,2025-04-08 12:00:00,Debit,3282.49,Groceries,Debit Card,Success,0,0,False,False,False,False,False
TXN0002950,CUST01046,2026-04-30 16:00:00,Debit,1777.54,Travel,ATM,Success,0,0,False,False,False,False,False
TXN0002951,CUST00606,2025-03-13 17:00:00,Credit,2709.98,Salary,Net Banking,Success,0,1,False,False,False,False,False
TXN0002952,CUST00683,2026-01-27 23:00:00,Credit,608.23,Rent,UPI,Success,0,0,False,False,False,False,False
TXN0002953,CUST00483,2026-08-03 06:00:00,Debit,644.82,Utilities,ATM,Success,0,0,False,False,False,False,False
TXN0002954,CUST00393,2025-08-21 13:00:00,Transfer,1348.66,Investment,Debit Card,Failed,0,1,False,False,False,False,False
TXN0002955,CUST00570,2025-02-16 06:00:00,Credit,146.73,Food,Credit Card,Failed,0,0,False,False,False,False,False
TXN0002956,CUST00171,2025-08-09 19:00:00,Debit,317.31,Investment,UPI,Success,0,0,False,False,False,False,False
TXN0002957,CUST00208,2026-08-10 02:00:00,Credit,1320.44,Investment,Net Banking,Success,0,1,False,False,False,False,False
TXN0002958,CUST00784,2026-06-26 12:00:00,Debit,1244.08,Healthcare,ATM,Success,1,0,False,False,False,False,False
TXN0002959,CUST00891,2026-07-24 15:00:00,Debit,501.02,Rent,ATM,Success,1,0,False,False,False,False,False
TXN0002960,CUST00891,2025-12-17 16:00:00,Transfer,606.42,Groceries,Credit Card,Success,0,0,False,False,False,False,False
TXN0002961,CUST00232,2025-06-21 13:00:00,Credit,926.54,Groceries,ATM,Success,0,0,False,False,False,False,False
TXN0002962,CUST00433,2025-06-11 02:00:00,Transfer,1294.82,Groceries,UPI,Success,0,0,False,False,False,False,False
TXN0002963,CUST01124,2026-09-03 08:00:00,Credit,715.59,Entertainment,Credit Card,Success,0,0,False,False,False,False,False
TXN0002964,CUST00612,2025-02-09 01:00:00,Debit,650.26,Rent,ATM,Success,0,0,False,False,False,False,False
TXN0002965,CUST00256,2025-12-27 18:00:00,Debit,1728.5,Shopping,Debit Card,Success,0,0,False,False,False,False,False
TXN0002966,CUST00216,2026-09-28 19:00:00,Credit,3698.92,Food,UPI,Success,0,0,False,False,False,False,False
TXN0002967,CUST00216,2026-05-30 06:00:00,Debit,1647.38,Salary,Debit Card,Success,0,0,False,False,False,False,False
TXN0002968,CUST00782,2026-04-06 12:00:00,Credit,10638.68,Salary,Credit Card,Success,0,1,False,False,False,False,False
TXN0002969,CUST00185,2025-09-19 18:00:00,Debit,393.72,Salary,UPI,Pending,0,2,False,False,False,False,False
TXN0002970,CUST00149,2025-04-19 21:00:00,Debit,2485.46,Salary,UPI,Success,0,0,False,False,False,False,False
TXN0002971,CUST00890,2025-03-19 20:00:00,Debit,833.23,Investment,Credit Card,Success,1,1,False,False,False,False,False
TXN0002972,CUST00827,2025-11-28 21:00:00,Debit,476.01,Salary,UPI,Success,0,0,False,False,False,False,False
TXN0002973,,2025-02-01 13:00:00,Transfer,974.85,Shopping,UPI,Success,0,0,False,False,True,False,False
TXN0002974,CUST00756,2025-08-31 04:00:00,Transfer,568.08,Travel,Credit Card,Success,0,0,False,False,False,False,False
TXN0002975,CUST00471,2026-08-23 13:00:00,Transfer,629.31,Utilities,ATM,Success,0,0,False,False,False,False,False
TXN0002976,CUST01020,2025-12-06 20:00:00,Transfer,1261.74,Entertainment,UPI,Success,0,0,False,False,False,False,False
TXN0002977,CUST00022,2025-08-03 03:00:00,Transfer,1281.09,Rent,UPI,Success,0,0,False,False,False,False,False
TXN0002978,CUST00883,2025-11-28 19:00:00,Transfer,4204.06,Healthcare,UPI,Success,0,0,False,False,False,False,False
TXN0002979,CUST00557,2025-06-03 20:00:00,Credit,1349.11,Investment,Net Banking,Success,0,1,False,False,False,False,False
TXN0002980,CUST01184,2025-01-14 07:00:00,Credit,3889.95,Salary,UPI,Success,0,0,False,False,False,False,False
TXN0002981,CUST01139,2025-09-16 23:00:00,Credit,1413.91,Rent,Debit Card,Success,0,0,False,False,False,False,False
TXN0002982,CUST00535,2026-01-07 03:00:00,Transfer,306.01,Entertainment,Debit Card,Success,0,1,False,False,False,False,False
TXN0002983,CUST00213,2025-05-24 09:00:00,Debit,1321.59,Healthcare,UPI,Success,0,0,False,False,False,False,False
TXN0002984,CUST00809,2025-01-28 22:00:00,Credit,1584.31,Salary,UPI,Success,0,0,False,False,False,False,False
TXN0002985,CUST00088,2025-10-12 12:00:00,Debit,14923.23,Travel,Debit Card,Success,0,0,False,False,False,False,True
TXN0002986,CUST00145,2026-02-21 03:00:00,Debit,1372.55,Salary,UPI,Success,0,0,False,False,False,False,False
TXN0002987,CUST01175,2025-10-01 10:00:00,Debit,232.77,Food,UPI,Success,0,0,False,False,False,False,False
TXN0002988,CUST00898,2026-08-02 14:00:00,Debit,446.06,Entertainment,UPI,Success,0,0,False,False,False,False,False
TXN0002989,CUST00360,2026-01-30 22:00:00,Debit,2982.83,Investment,Net Banking,Success,0,0,False,False,False,False,False
TXN0002990,CUST01183,2025-02-25 04:00:00,Credit,889.6,Investment,Credit Card,Success,0,0,False,False,False,False,False
TXN0002991,CUST01193,2025-05-10 10:00:00,Debit,865.86,Shopping,UPI,Success,0,0,False,False,False,False,False
TXN0002992,CUST01162,2025-03-10 15:00:00,Transfer,19370.93,Investment,ATM,Success,0,1,False,False,False,False,True
TXN0002993,CUST01177,2025-09-23 01:00:00,Transfer,805.23,Entertainment,Net Banking,Success,0,0,False,False,False,False,False
TXN0002994,CUST01131,2025-03-08 09:00:00,Transfer,205.0,Salary,Credit Card,Success,0,0,False,False,False,False,False
TXN0002995,CUST00132,2026-04-08 14:00:00,Transfer,821.04,Travel,UPI,Success,0,1,False,False,False,False,False
TXN0002996,CUST00692,2025-09-04 11:00:00,Debit,2006.97,Shopping,UPI,Success,0,0,False,False,False,False,False
TXN0002997,CUST00665,2025-08-02 20:00:00,Transfer,540.16,Food,Credit Card,Success,0,0,False,False,False,False,False
TXN0002998,CUST00949,2025-09-03 08:00:00,Debit,1140.52,Rent,UPI,Success,0,0,False,False,False,False,False
TXN0002999,CUST00002,2025-01-27 03:00:00,Transfer,3758.09,Salary,UPI,Success,0,0,False,False,False,False,False
TXN0003000,CUST00356,2025-09-23 15:00:00,Transfer,260.04,Salary,UPI,Success,0,0,False,False,False,False,False
TXN0003001,CUST01181,2025-02-02 20:00:00,Debit,693.82,Entertainment,Net Banking,Success,0,0,False,False,False,False,False
TXN0003002,CUST00670,2025-09-27 01:00:00,Credit,442.34,Travel,ATM,Success,0,0,False,False,False,False,False
TXN0003003,CUST00491,2025-01-28 06:00:00,Transfer,2477.56,Travel,Debit Card,Success,0,0,False,False,False,False,False
TXN0003004,CUST00547,2025-03-23 16:00:00,Transfer,688.49,Investment,UPI,Success,0,1,False,False,False,False,False
TXN0003005,CUST00624,2026-05-30 05:00:00,Transfer,993.86,Healthcare,Credit Card,Success,0,0,False,False,False,False,False
TXN0003006,CUST00783,2025-08-12 19:00:00,Credit,1033.94,Healthcare,Debit Card,Success,0,0,False,False,False,False,False
TXN0003007,CUST00142,2025-10-03 01:00:00,Debit,1705.59,Travel,UPI,Pending,0,0,False,False,False,False,False
TXN0003008,CUST01076,2026-04-02 10:00:00,Debit,149.99,Rent,Credit Card,Success,0,0,False,False,False,False,False
TXN0003009,CUST01160,2025-06-15 13:00:00,Debit,491.2,Food,Credit Card,Success,0,0,False,False,False,False,False
TXN0003010,CUST00903,2025-09-06 13:00:00,Debit,569.78,Investment,ATM,Success,0,0,False,False,False,False,False
TXN0003011,CUST00682,2025-07-16 06:00:00,Debit,2811.08,Shopping,ATM,Success,0,0,False,False,False,False,False
TXN0003012,CUST00785,2026-06-01 03:00:00,Credit,1550.71,Investment,UPI,Success,0,0,False,False,False,False,False
TXN0003013,CUST00202,2026-04-11 05:00:00,Debit,240.98,Salary,ATM,Success,0,0,False,False,False,False,False
TXN0003014,CUST00225,2025-06-07 02:00:00,Debit,546.36,Rent,UPI,Success,0,0,False,False,False,False,False
TXN0003015,CUST00832,2026-08-09 13:00:00,Credit,190.75,Utilities,UPI,Failed,0,1,False,False,False,False,False
TXN0003016,CUST00655,2025-11-19 01:00:00,Debit,4468.94,Entertainment,Debit Card,Success,0,1,False,False,False,False,False
TXN0003017,CUST00378,2025-01-18 05:00:00,Transfer,1952.13,Salary,UPI,Success,0,0,False,False,False,False,False
TXN0003018,CUST00064,2026-03-10 21:00:00,Transfer,495.69,Healthcare,Net Banking,Success,0,1,False,False,False,False,False
TXN0003019,CUST01158,2025-05-04 11:00:00,Debit,1480.11,Groceries,Credit Card,Success,0,0,False,False,False,False,False
TXN0003020,CUST00792,2026-03-06 16:00:00,Debit,270.54,Rent,ATM,Success,0,0,False,False,False,False,False
TXN0003021,CUST00591,2025-07-03 02:00:00,Debit,768.78,Utilities,Net Banking,Failed,0,1,False,False,False,False,False
TXN0003022,CUST00308,2026-06-04 03:00:00,Credit,2346.34,Healthcare,Debit Card,Success,0,0,False,False,False,False,False
TXN0003023,CUST01164,2026-06-16 20:00:00,Transfer,1394.96,Entertainment,Net Banking,Failed,0,0,False,False,False,False,False
TXN0003024,CUST00798,2025-04-21 02:00:00,Debit,556.74,Groceries,UPI,Failed,0,0,False,False,False,False,False
TXN0003025,CUST00089,2026-09-06 15:00:00,Transfer,3788.89,Groceries,Credit Card,Success,0,0,False,False,False,False,False
TXN0003026,CUST00732,2025-06-02 12:00:00,Debit,5684.07,Travel,Net Banking,Success,0,0,False,False,False,False,False
TXN0003027,CUST00284,2026-08-27 02:00:00,Debit,1101.58,Travel,UPI,Success,0,0,False,False,False,False,False
TXN0003028,CUST00943,2025-10-12 22:00:00,Debit,835.7,Entertainment,UPI,Success,0,0,False,False,False,False,False
TXN0003029,CUST00547,2025-05-15 13:00:00,Debit,722.49,Groceries,UPI,Unknown,0,0,False,False,False,False,False
TXN0003030,CUST00506,2025-12-31 13:00:00,Credit,776.93,Utilities,Debit Card,Success,0,0,False,False,False,False,False
TXN0003031,CUST00271,2026-07-25 07:00:00,Debit,517.32,Shopping,Debit Card,Success,0,0,False,False,False,False,False
TXN0003032,CUST00296,2026-03-25 00:00:00,Debit,842.78,Healthcare,UPI,Success,0,1,False,False,False,False,False
TXN0003033,CUST00542,2026-03-07 15:00:00,Transfer,109.74,Groceries,Debit Card,Success,0,0,False,False,False,False,False
TXN0003034,CUST01063,2025-06-21 01:00:00,Debit,1141.46,Salary,Net Banking,Failed,0,1,False,False,False,False,False
TXN0003035,CUST00808,2025-10-06 09:00:00,Debit,751.69,Rent,ATM,Success,0,0,False,False,False,False,False
TXN0003036,CUST00727,2026-01-22 10:00:00,Transfer,424.59,Salary,Net Banking,Success,0,0,False,False,False,False,False
TXN0003037,CUST01066,2026-09-15 02:00:00,Debit,2011.36,Travel,ATM,Pending,0,0,False,False,False,False,False
TXN0003038,CUST00791,2026-08-01 05:00:00,Debit,4057.22,Rent,UPI,Success,0,0,False,False,False,False,False
TXN0003039,CUST00825,2025-12-16 11:00:00,Debit,610.43,Travel,Credit Card,Success,0,0,False,False,False,False,False
TXN0003040,CUST00111,2025-04-17 04:00:00,Debit,469.07,Rent,ATM,Success,0,0,False,False,False,False,False
TXN0003041,CUST00032,2025-10-12 11:00:00,Credit,632.51,Groceries,Net Banking,Success,0,0,False,False,False,False,False
TXN0003042,CUST00808,2025-07-18 08:00:00,Transfer,1605.02,Groceries,UPI,Success,0,0,False,False,False,False,False
TXN0003043,CUST00371,2025-10-12 06:00:00,Credit,779.37,Groceries,UPI,Success,0,0,False,False,False,False,False
TXN0003044,CUST00143,2025-03-12 13:00:00,Transfer,495.36,Travel,Debit Card,Success,0,0,False,False,False,False,False
TXN0003045,CUST00837,2026-03-14 15:00:00,Transfer,482.83,Healthcare,ATM,Success,0,1,False,False,False,False,False
TXN0003046,CUST01080,2025-09-02 09:00:00,Debit,506.72,Healthcare,Credit Card,Success,0,0,False,False,False,False,False
TXN0003047,CUST00960,2025-06-09 12:00:00,Transfer,410.7,Groceries,ATM,Success,0,0,False,False,False,False,False
TXN0003048,CUST00946,2025-12-17 10:00:00,Debit,1870.1,Rent,UPI,Success,0,0,False,False,False,False,False
TXN0003049,CUST00586,2025-05-23 06:00:00,Transfer,879.21,Healthcare,UPI,Success,0,1,False,False,False,False,False
TXN0003050,CUST00623,2026-01-14 22:00:00,Transfer,625.42,Groceries,Debit Card,Success,0,0,False,False,False,False,False
TXN0003051,CUST00397,2025-05-17 15:00:00,Debit,3928.74,Unknown,UPI,Success,0,0,False,False,False,False,False
TXN0003052,CUST00622,2025-09-16 00:00:00,Transfer,810.6,Groceries,UPI,Success,0,0,False,False,False,False,False
TXN0003053,CUST00760,2026-02-09 12:00:00,Debit,1249.66,Entertainment,Debit Card,Pending,0,0,False,False,False,False,False
TXN0003054,CUST01123,2025-10-02 23:00:00,Transfer,1340.16,Investment,ATM,Failed,0,0,False,False,False,False,False
TXN0003055,CUST00730,2026-03-27 02:00:00,Debit,6921.65,Food,UPI,Success,0,0,False,False,False,False,False
TXN0003056,CUST00519,2025-07-29 20:00:00,Debit,213.67,Investment,ATM,Success,0,0,False,False,False,False,False
TXN0003057,CUST00766,2025-05-26 11:00:00,Transfer,1469.48,Shopping,UPI,Success,0,0,False,False,False,False,False
TXN0003058,CUST00435,2026-08-06 02:00:00,Debit,1141.35,Shopping,Debit Card,Success,0,1,False,False,False,False,False
TXN0003059,CUST00546,2025-02-04 15:00:00,Debit,1576.93,Groceries,UPI,Failed,0,0,False,False,False,False,False
TXN0003060,CUST00519,2025-11-01 05:00:00,Debit,271.03,Investment,Debit Card,Success,0,0,False,False,False,False,False
TXN0003061,CUST00863,2025-08-12 20:00:00,Debit,837.73,Healthcare,UPI,Success,0,0,False,False,False,False,False
TXN0003062,CUST00297,2025-07-14 23:00:00,Debit,989.11,Salary,Net Banking,Success,0,0,False,False,False,False,False
TXN0003063,CUST01069,2025-06-27 17:00:00,Debit,2286.79,Groceries,Debit Card,Success,0,0,False,False,False,False,False
TXN0003064,CUST00944,2026-02-17 17:00:00,Credit,1335.27,Entertainment,UPI,Failed,0,1,False,False,False,False,False
TXN0003065,CUST00747,2026-03-12 05:00:00,Credit,2677.01,Travel,Net Banking,Success,0,1,False,False,False,False,False
TXN0003066,CUST00166,2025-10-21 16:00:00,Credit,3753.2,Travel,Credit Card,Success,0,0,False,False,False,False,False
TXN0003067,CUST00530,2026-07-31 09:00:00,Debit,1613.69,Healthcare,ATM,Success,0,1,False,False,False,False,False
TXN0003068,CUST01067,2026-04-26 15:00:00,Transfer,235.56,Groceries,UPI,Success,0,1,False,False,False,False,False
TXN0003069,CUST00292,2026-01-08 17:00:00,Debit,595.92,Travel,UPI,Success,0,0,False,False,False,False,False
TXN0003070,CUST00566,2025-02-16 15:00:00,Transfer,794.22,Food,Net Banking,Success,0,0,False,False,False,False,False
TXN0003071,CUST00934,2025-09-07 16:00:00,Credit,4143.28,Entertainment,Credit Card,Success,0,0,False,False,False,False,False
TXN0003072,CUST00788,2025-10-03 21:00:00,Credit,174.89,Investment,Debit Card,Success,0,0,False,False,False,False,False
TXN0003073,CUST00173,2025-12-23 10:00:00,Credit,1196.16,Travel,UPI,Success,0,2,False,False,False,False,False
TXN0003074,CUST00220,2026-08-09 04:00:00,Debit,442.32,Shopping,ATM,Success,0,1,False,False,False,False,False
TXN0003075,CUST00577,2025-06-27 09:00:00,Credit,157.74,Shopping,Net Banking,Success,0,0,False,False,False,False,False
TXN0003076,CUST01008,2025-11-07 07:00:00,Debit,1455.97,Groceries,Credit Card,Success,0,0,False,False,False,False,False
TXN0003077,CUST01146,2025-03-12 18:00:00,Credit,1912.41,Salary,UPI,Success,0,0,False,False,False,False,False
TXN0003078,CUST01074,2026-09-17 04:00:00,Debit,686.48,Unknown,UPI,Success,0,0,False,False,False,False,False
TXN0003079,CUST00838,2026-01-25 01:00:00,Debit,265.15,Travel,Debit Card,Success,0,0,False,False,False,False,False
TXN0003080,CUST00420,2026-09-12 05:00:00,Transfer,2568.27,Salary,ATM,Success,0,0,False,False,False,False,False
TXN0003081,CUST00073,2026-04-04 21:00:00,Credit,1232.63,Utilities,Debit Card,Pending,0,0,False,False,False,False,False
TXN0003082,CUST00600,2025-04-25 03:00:00,Transfer,269.21,Healthcare,UPI,Pending,0,1,False,False,False,False,False
TXN0003083,CUST00722,2026-04-04 15:00:00,Transfer,167.54,Healthcare,ATM,Success,0,0,False,False,False,False,False
TXN0003084,CUST00594,2026-04-15 06:00:00,Debit,987.04,Shopping,Debit Card,Pending,0,1,False,False,False,False,False
TXN0003085,CUST00228,2026-06-13 03:00:00,Transfer,934.18,Groceries,UPI,Success,0,0,False,False,False,False,False
TXN0003086,CUST00569,2026-01-10 11:00:00,Credit,851.35,Food,UPI,Success,0,0,False,False,False,False,False
TXN0003087,CUST00067,2026-02-03 11:00:00,Debit,3776.05,Healthcare,Net Banking,Pending,0,0,False,False,False,False,False
TXN0003088,CUST01122,2025-05-20 09:00:00,Transfer,422.71,Groceries,Net Banking,Success,0,1,False,False,False,False,False
TXN0003089,CUST00911,2025-02-27 20:00:00,Debit,1220.68,Travel,Net Banking,Success,1,0,False,False,False,False,False
TXN0003090,CUST01000,2026-05-30 22:00:00,Debit,1302.38,Travel,Debit Card,Success,0,1,False,False,False,False,False
TXN0003091,CUST01124,2026-09-01 13:00:00,Debit,444.97,Utilities,UPI,Pending,0,0,False,False,False,False,False
TXN0003092,CUST01168,2025-01-22 09:00:00,Debit,382.17,Rent,Debit Card,Success,0,0,False,False,False,False,False
TXN0003093,CUST00502,2025-11-07 18:00:00,Transfer,5010.84,Utilities,Debit Card,Success,0,0,False,False,False,False,False
TXN0003094,CUST00993,2025-02-25 20:00:00,Transfer,840.75,Entertainment,Credit Card,Success,0,0,False,False,False,False,False
TXN0003095,CUST01175,2025-10-10 20:00:00,Debit,2074.81,Entertainment,Unknown,Success,0,1,False,False,False,False,False
TXN0003096,CUST00526,2025-07-13 15:00:00,Credit,137.34,Food,ATM,Success,0,1,False,False,False,False,False
TXN0003097,CUST00606,2025-11-26 18:00:00,Transfer,584.89,Salary,UPI,Success,0,0,False,False,False,False,False
TXN0003098,CUST00369,2026-07-09 19:00:00,Debit,1051.43,Healthcare,Net Banking,Success,0,0,False,False,False,False,False
TXN0003099,CUST00676,2025-11-17 02:00:00,Credit,353.7,Travel,Credit Card,Success,0,1,False,False,False,False,False
TXN0003100,,2026-04-20 04:00:00,Transfer,2094.3,Entertainment,UPI,Pending,0,1,False,False,True,False,False
TXN0003101,CUST01054,2026-07-24 18:00:00,Debit,2353.6,Utilities,UPI,Success,0,0,False,False,False,False,False
TXN0003102,CUST00859,2025-12-17 23:00:00,Debit,249.07,Utilities,Net Banking,Failed,0,0,False,False,False,False,False
TXN0003103,CUST00967,2026-08-26 09:00:00,Debit,3947.75,Investment,Credit Card,Success,0,0,False,False,False,False,False
TXN0003104,CUST00354,2025-01-05 11:00:00,Transfer,3023.07,Groceries,Credit Card,Success,0,0,False,False,False,False,False
TXN0003105,CUST00796,2025-05-08 19:00:00,Transfer,572.04,Salary,Credit Card,Success,0,1,False,False,False,False,False
TXN0003106,CUST00555,2025-08-29 05:00:00,Debit,639.01,Salary,UPI,Pending,0,0,False,False,False,False,False
TXN0003107,CUST00260,2025-12-02 10:00:00,Debit,4681.45,Investment,Net Banking,Success,0,1,False,False,False,False,False
TXN0003108,CUST00194,2026-03-24 00:00:00,Transfer,3229.55,Rent,UPI,Success,0,0,False,False,False,False,False
TXN0003109,CUST00947,2026-08-23 12:00:00,Debit,952.11,Travel,UPI,Success,0,0,False,False,False,False,False
TXN0003110,CUST01045,2025-03-25 05:00:00,Transfer,227.52,Entertainment,UPI,Success,0,0,False,False,False,False,False
TXN0003111,CUST00110,2025-05-01 18:00:00,Credit,3033.78,Utilities,Debit Card,Success,0,0,False,False,False,False,False
TXN0003112,CUST00518,2026-01-10 18:00:00,Debit,862.72,Utilities,Credit Card,Success,0,0,False,False,False,False,False
TXN0003113,CUST00251,2025-03-28 12:00:00,Transfer,528.49,Travel,UPI,Success,0,0,False,False,False,False,False
TXN0003114,CUST00974,2026-04-29 13:00:00,Transfer,1096.265,Groceries,UPI,Success,0,0,False,False,False,True,False
TXN0003115,CUST01158,2026-08-13 20:00:00,Credit,347.44,Healthcare,UPI,Failed,0,0,False,False,False,False,False
TXN0003116,CUST01116,2026-08-09 06:00:00,Debit,5459.15,Food,Credit Card,Success,0,1,False,False,False,False,False
TXN0003117,CUST01031,2025-07-14 17:00:00,Debit,239.82,Travel,UPI,Failed,0,0,False,False,False,False,False
TXN0003118,CUST00023,2025-03-19 23:00:00,Transfer,5263.61,Salary,UPI,Success,0,1,False,False,False,False,False
TXN0003119,CUST00675,2025-01-22 17:00:00,Debit,4847.99,Salary,UPI,Success,0,0,False,False,False,False,False
TXN0003120,CUST00796,2025-12-23 20:00:00,Debit,718.53,Rent,Net Banking,Failed,0,0,False,False,False,False,False
TXN0003121,CUST00030,2026-07-23 02:00:00,Transfer,1338.32,Entertainment,Net Banking,Success,0,0,False,False,False,False,False
TXN0003122,CUST00262,2025-10-16 19:00:00,Debit,1047.01,Groceries,Credit Card,Success,0,0,False,False,False,False,False
TXN0003123,CUST00255,2025-12-13 12:00:00,Credit,760.34,Utilities,UPI,Success,0,1,False,False,False,False,False
TXN0003124,CUST00608,2025-06-27 16:00:00,Credit,709.19,Utilities,Credit Card,Success,0,0,False,False,False,False,False
TXN0003125,CUST00710,2026-08-15 15:00:00,Credit,595.1,Utilities,Net Banking,Success,0,1,False,False,False,False,False
TXN0003126,CUST00534,2026-06-27 07:00:00,Transfer,1486.9,Salary,UPI,Success,1,1,False,False,False,False,False
TXN0003127,CUST00384,2026-05-15 19:00:00,Debit,484.73,Rent,Net Banking,Success,0,0,False,False,False,False,False
TXN0003128,CUST01003,2026-09-12 21:00:00,Debit,635.48,Entertainment,Debit Card,Success,0,1,False,False,False,False,False
TXN0003129,CUST00933,2026-09-22 21:00:00,Credit,365.4,Food,Net Banking,Success,0,0,False,False,False,False,False
TXN0003130,CUST00438,2025-04-20 18:00:00,Debit,1939.65,Travel,UPI,Success,0,0,False,False,False,False,False
TXN0003131,CUST00518,2026-01-29 23:00:00,Transfer,1205.45,Entertainment,Net Banking,Success,0,1,False,False,False,False,False
TXN0003132,CUST00860,2025-06-24 03:00:00,Credit,2298.62,Rent,Credit Card,Success,0,0,False,False,False,False,False
TXN0003133,CUST01160,2026-08-27 13:00:00,Debit,1347.49,Food,UPI,Success,0,0,False,False,False,False,False
TXN0003134,CUST01172,2025-06-20 11:00:00,Debit,350.92,Salary,Net Banking,Success,0,0,False,False,False,False,False
TXN0003135,CUST00185,2025-03-20 14:00:00,Credit,9373.04,Salary,Net Banking,Failed,0,0,False,False,False,False,False
TXN0003136,CUST00856,2025-11-21 21:00:00,Debit,521.18,Shopping,ATM,Failed,0,0,False,False,False,False,False
TXN0003137,CUST00544,2025-08-22 22:00:00,Credit,1725.66,Travel,Debit Card,Success,0,0,False,False,False,False,False
TXN0003138,CUST00678,2026-07-07 08:00:00,Transfer,2755.26,Rent,UPI,Success,0,0,False,False,False,False,False
TXN0003139,CUST00800,2025-06-30 01:00:00,Debit,255.75,Utilities,Credit Card,Pending,0,0,False,False,False,False,False
TXN0003140,CUST01198,2025-09-12 00:00:00,Credit,470.97,Utilities,Credit Card,Success,0,0,False,False,False,False,False
TXN0003141,CUST00407,2025-01-04 12:00:00,Transfer,8506.21,Entertainment,Debit Card,Success,0,1,False,False,False,False,False
TXN0003142,CUST00185,2025-10-20 03:00:00,Debit,264.42,Healthcare,UPI,Success,0,0,False,False,False,False,False
TXN0003143,CUST01078,2025-09-24 12:00:00,Transfer,853.9,Investment,Debit Card,Success,0,0,False,False,False,False,False
TXN0003144,CUST00283,2025-09-14 15:00:00,Debit,1074.54,Travel,Debit Card,Success,1,0,False,False,False,False,False
TXN0003145,CUST00660,2026-06-28 09:00:00,Transfer,1329.17,Food,Debit Card,Success,0,0,False,False,False,False,False
TXN0003146,CUST00402,2025-09-05 14:00:00,Credit,1749.04,Entertainment,UPI,Success,0,0,False,False,False,False,False
TXN0003147,CUST00220,2026-03-16 00:00:00,Debit,699.62,Healthcare,Net Banking,Success,0,0,False,False,False,False,False
TXN0003148,CUST00188,2026-09-03 02:00:00,Debit,154.66,Shopping,Net Banking,Success,0,0,False,False,False,False,False
TXN0003149,CUST00624,2025-04-23 03:00:00,Transfer,7561.75,Groceries,Net Banking,Success,0,0,False,False,False,False,False
TXN0003150,CUST00168,2026-01-08 12:00:00,Debit,757.57,Groceries,UPI,Success,0,0,False,False,False,False,False
TXN0003151,CUST00464,2025-05-30 09:00:00,Transfer,226.93,Investment,ATM,Success,0,1,False,False,False,False,False
TXN0003152,CUST00313,2025-05-31 15:00:00,Transfer,2059.47,Healthcare,UPI,Success,0,0,False,False,False,False,False
TXN0003153,CUST00070,2026-09-29 21:00:00,Debit,177.14,Entertainment,UPI,Success,0,0,False,False,False,False,False
TXN0003154,CUST00289,2026-08-12 01:00:00,Transfer,1446.82,Food,Net Banking,Success,0,2,False,False,False,False,False
TXN0003155,CUST00495,2026-01-14 01:00:00,Debit,995.66,Healthcare,UPI,Success,0,0,False,False,False,False,False
TXN0003156,CUST00172,2025-02-13 11:00:00,Transfer,1085.58,Utilities,Net Banking,Success,0,0,False,False,False,False,False
TXN0003157,CUST00256,2026-07-10 10:00:00,Debit,366.61,Food,UPI,Success,0,0,False,False,False,False,False
TXN0003158,CUST00088,2025-03-09 20:00:00,Debit,611.26,Rent,UPI,Success,0,0,False,False,False,False,False
TXN0003159,CUST00593,2025-09-12 13:00:00,Credit,721.49,Groceries,UPI,Success,0,1,False,False,False,False,False
TXN0003160,CUST00806,2026-05-14 01:00:00,Debit,366.11,Utilities,UPI,Success,0,0,False,False,False,False,False
TXN0003161,CUST00936,2025-08-08 00:00:00,Credit,1257.82,Groceries,UPI,Success,0,1,False,False,False,False,False
TXN0003162,CUST00874,2026-05-08 01:00:00,Debit,1868.83,Utilities,UPI,Success,0,0,False,False,False,False,False
TXN0003163,CUST01001,2026-08-17 14:00:00,Debit,4329.8,Shopping,Unknown,Success,0,0,False,False,False,False,False
TXN0003164,CUST00689,2025-05-25 01:00:00,Credit,1127.76,Travel,UPI,Success,0,0,False,False,False,False,False
TXN0003165,CUST01182,2026-01-29 16:00:00,Debit,4175.93,Utilities,Net Banking,Success,0,0,False,False,False,False,False
TXN0003166,CUST01069,2025-03-17 06:00:00,Transfer,890.22,Groceries,ATM,Success,0,1,False,False,False,False,False
TXN0003167,CUST00419,2025-01-16 15:00:00,Credit,428.61,Investment,Credit Card,Success,0,1,False,False,False,False,False
TXN0003168,CUST00530,2026-06-18 00:00:00,Transfer,1746.27,Healthcare,Net Banking,Failed,0,0,False,False,False,False,False
TXN0003169,CUST00087,2026-09-27 18:00:00,Debit,10491.94,Salary,Debit Card,Success,0,0,False,False,False,False,False
TXN0003170,CUST00144,2025-06-28 08:00:00,Transfer,1006.67,Rent,Credit Card,Success,0,2,False,False,False,False,False
TXN0003171,CUST01123,2026-01-24 16:00:00,Transfer,685.46,Utilities,UPI,Pending,0,0,False,False,False,False,False
TXN0003172,CUST00338,2026-05-16 10:00:00,Debit,4637.66,Travel,Debit Card,Success,0,0,False,False,False,False,False
TXN0003173,CUST00324,2025-01-15 12:00:00,Debit,969.13,Utilities,Debit Card,Success,0,0,False,False,False,False,False
TXN0003174,CUST00166,2026-06-25 02:00:00,Debit,508.1,Travel,Credit Card,Success,0,0,False,False,False,False,False
TXN0003175,CUST00549,2025-04-19 13:00:00,Transfer,1052.95,Food,Debit Card,Success,0,0,False,False,False,False,False
TXN0003176,CUST00169,2025-10-14 09:00:00,Transfer,2072.87,Rent,Debit Card,Success,0,0,False,False,False,False,False
TXN0003177,CUST00454,2026-01-31 13:00:00,Transfer,1810.32,Healthcare,UPI,Success,1,0,False,False,False,False,False
TXN0003178,CUST00912,2025-09-14 21:00:00,Debit,404.37,Travel,UPI,Success,0,0,False,False,False,False,False
TXN0003179,CUST01083,2025-11-03 04:00:00,Transfer,2621.89,Utilities,Debit Card,Success,0,0,False,False,False,False,False
TXN0003180,CUST00151,2025-06-06 14:00:00,Transfer,4884.7,Food,Net Banking,Success,0,0,False,False,False,False,False
TXN0003181,CUST00218,2025-09-25 20:00:00,Transfer,3093.0,Travel,UPI,Success,0,0,False,False,False,False,False
TXN0003182,CUST00412,2026-08-02 14:00:00,Debit,1496.09,Rent,Credit Card,Success,0,1,False,False,False,False,False
TXN0003183,CUST00059,2025-08-13 22:00:00,Credit,2441.42,Travel,UPI,Success,0,0,False,False,False,False,False
TXN0003184,CUST00173,2025-07-17 04:00:00,Credit,1976.65,Shopping,Credit Card,Success,0,0,False,False,False,False,False
TXN0003185,CUST00556,2025-03-25 01:00:00,Transfer,393.15,Shopping,UPI,Success,0,1,False,False,False,False,False
TXN0003186,CUST00828,2025-12-07 15:00:00,Debit,477.58,Food,Debit Card,Failed,0,0,False,False,False,False,False
TXN0003187,CUST01114,2026-05-02 03:00:00,Debit,448.67,Rent,Debit Card,Success,0,0,False,False,False,False,False
TXN0003188,CUST00218,2026-03-23 12:00:00,Transfer,2322.71,Healthcare,Credit Card,Success,0,1,False,False,False,False,False
TXN0003189,CUST00605,2025-02-23 04:00:00,Transfer,289.42,Entertainment,UPI,Success,0,0,False,False,False,False,False
TXN0003190,CUST00936,2026-01-27 06:00:00,Transfer,157.07,Investment,UPI,Success,0,0,False,False,False,False,False
TXN0003191,CUST00575,2026-06-27 22:00:00,Credit,358.46,Travel,UPI,Success,0,2,False,False,False,False,False
TXN0003192,CUST00642,2026-03-02 14:00:00,Credit,654.38,Travel,UPI,Success,0,0,False,False,False,False,False
TXN0003193,CUST00214,2026-05-10 11:00:00,Debit,904.25,Salary,ATM,Success,1,0,False,False,False,False,False
TXN0003194,CUST01001,2025-11-05 02:00:00,Debit,1385.2,Salary,UPI,Success,0,0,False,False,False,False,False
TXN0003195,CUST00846,2025-08-11 09:00:00,Transfer,1475.51,Shopping,UPI,Success,0,0,False,False,False,False,False
TXN0003196,CUST01020,2025-02-02 07:00:00,Transfer,3303.68,Utilities,UPI,Failed,0,0,False,False,False,False,False
TXN0003197,CUST00645,2026-02-18 21:00:00,Credit,5117.34,Travel,Net Banking,Success,0,0,False,False,False,False,False
TXN0003198,CUST00034,2026-03-26 11:00:00,Debit,3395.93,Salary,Credit Card,Success,0,0,False,False,False,False,False
TXN0003199,CUST00905,2025-05-27 07:00:00,Credit,1139.21,Shopping,Debit Card,Success,0,0,False,False,False,False,False
TXN0003200,CUST00577,2026-09-21 05:00:00,Debit,1614.58,Groceries,UPI,Success,0,0,False,False,False,False,False
TXN0003201,CUST00232,2025-10-09 16:00:00,Debit,1186.08,Utilities,Net Banking,Success,0,1,False,False,False,False,False
TXN0003202,CUST00980,2025-03-07 16:00:00,Debit,1029.74,Food,Net Banking,Success,0,0,False,False,False,False,False
TXN0003203,CUST00742,2025-02-05 15:00:00,Credit,1357.98,Healthcare,UPI,Success,0,0,False,False,False,False,False
TXN0003204,CUST00764,2026-02-22 17:00:00,Transfer,3375.34,Entertainment,Net Banking,Success,0,0,False,False,False,False,False
TXN0003205,CUST00633,2025-07-30 21:00:00,Debit,2269.42,Shopping,UPI,Pending,0,0,False,False,False,False,False
TXN0003206,CUST01023,2025-06-21 13:00:00,Credit,1505.9,Food,UPI,Success,0,0,False,False,False,False,False
TXN0003207,,2025-04-22 09:00:00,Debit,2025.36,Travel,UPI,Success,0,0,False,False,True,False,False
TXN0003208,CUST00973,2026-01-10 05:00:00,Transfer,1093.7,Food,Net Banking,Pending,0,0,False,False,False,False,False
TXN0003209,CUST00289,2026-04-28 02:00:00,Debit,13197.16,Entertainment,ATM,Success,0,2,False,False,False,False,True
TXN0003210,CUST00094,2025-03-17 13:00:00,Credit,905.97,Travel,Debit Card,Success,0,0,False,False,False,False,False
TXN0003211,CUST00351,2025-11-08 18:00:00,Debit,1644.69,Groceries,UPI,Success,0,0,False,False,False,False,False
TXN0003212,CUST00610,2025-06-24 04:00:00,Debit,803.88,Travel,UPI,Success,0,0,False,False,False,False,False
TXN0003213,CUST00382,2026-08-06 07:00:00,Transfer,822.04,Groceries,Net Banking,Pending,1,0,False,False,False,False,False
TXN0003214,CUST00047,2025-12-18 13:00:00,Debit,1054.56,Healthcare,UPI,Success,0,0,False,False,False,False,False
TXN0003215,CUST00756,2025-02-21 07:00:00,Debit,1623.97,Healthcare,Debit Card,Success,0,0,False,False,False,False,False
TXN0003216,CUST01062,2025-04-25 19:00:00,Credit,259.98,Investment,UPI,Success,0,1,False,False,False,False,False
TXN0003217,CUST00008,2025-07-26 10:00:00,Debit,1901.36,Entertainment,Debit Card,Pending,0,0,False,False,False,False,False
TXN0003218,CUST00490,2026-02-17 12:00:00,Transfer,5695.63,Investment,Credit Card,Success,0,0,False,False,False,False,False
TXN0003219,CUST00589,2026-08-28 04:00:00,Transfer,1202.5,Utilities,UPI,Pending,0,0,False,False,False,False,False
TXN0003220,CUST00488,2025-01-27 21:00:00,Transfer,3903.43,Salary,Debit Card,Pending,0,0,False,False,False,False,False
TXN0003221,CUST00743,2025-07-02 22:00:00,Credit,1487.71,Shopping,ATM,Success,0,0,False,False,False,False,False
TXN0003222,CUST00272,2025-12-29 12:00:00,Transfer,373.91,Salary,UPI,Success,0,0,False,False,False,False,False
TXN0003223,CUST00915,2026-01-04 10:00:00,Debit,645.86,Shopping,UPI,Success,0,1,False,False,False,False,False
TXN0003224,CUST01174,2025-07-09 18:00:00,Transfer,4778.33,Travel,UPI,Success,0,0,False,False,False,False,False
TXN0003225,CUST00736,2025-07-26 22:00:00,Debit,4236.75,Healthcare,ATM,Success,0,0,False,False,False,False,False
TXN0003226,CUST00366,2026-05-06 21:00:00,Debit,4332.96,Rent,UPI,Success,0,0,False,False,False,False,False
TXN0003227,CUST00709,2025-01-01 17:00:00,Credit,1433.32,Groceries,ATM,Success,1,1,False,False,False,False,False
TXN0003228,CUST01192,2025-11-19 03:00:00,Credit,650.15,Shopping,Debit Card,Success,0,1,False,False,False,False,False
TXN0003229,CUST00110,2025-04-19 05:00:00,Transfer,915.19,Travel,UPI,Success,1,1,False,False,False,False,False
TXN0003230,CUST00119,2026-02-26 23:00:00,Debit,1599.37,Salary,UPI,Pending,0,1,False,False,False,False,False
TXN0003231,CUST00837,2026-03-28 12:00:00,Debit,4139.08,Travel,ATM,Failed,0,0,False,False,False,False,False
TXN0003232,CUST00216,2025-09-04 02:00:00,Credit,1418.11,Travel,Credit Card,Success,0,1,False,False,False,False,False
TXN0003233,CUST00668,2025-11-25 03:00:00,Transfer,506.22,Utilities,Debit Card,Success,0,0,False,False,False,False,False
TXN0003234,CUST00012,2025-02-26 14:00:00,Transfer,1304.05,Groceries,UPI,Success,0,0,False,False,False,False,False
TXN0003235,CUST01069,2026-08-23 07:00:00,Debit,942.21,Healthcare,ATM,Success,0,0,False,False,False,False,False
TXN0003236,CUST00118,2026-02-06 17:00:00,Credit,6914.01,Healthcare,UPI,Success,0,0,False,False,False,False,False
TXN0003237,CUST00645,2025-05-11 22:00:00,Debit,136.99,Food,ATM,Success,0,0,False,False,False,False,False
TXN0003238,CUST00536,2026-03-10 04:00:00,Transfer,2293.46,Utilities,Credit Card,Success,0,1,False,False,False,False,False
TXN0003239,CUST00952,2025-03-26 08:00:00,Debit,154.23,Salary,UPI,Failed,0,0,False,False,False,False,False
TXN0003240,CUST00020,2025-05-08 12:00:00,Debit,383.4,Groceries,Credit Card,Success,0,2,False,False,False,False,False
TXN0003241,CUST00727,2025-02-28 18:00:00,Transfer,8132.49,Travel,ATM,Success,0,0,False,False,False,False,False
TXN0003242,CUST00175,2026-02-09 03:00:00,Debit,5928.9,Shopping,Debit Card,Success,0,0,False,False,False,False,False
TXN0003243,CUST00771,2025-04-01 01:00:00,Debit,397.97,Rent,UPI,Success,0,0,False,False,False,False,False
TXN0003244,CUST00342,2025-11-23 03:00:00,Transfer,801.8,Shopping,Credit Card,Success,0,0,False,False,False,False,False
TXN0003245,CUST00187,2025-04-04 16:00:00,Credit,1096.265,Utilities,ATM,Success,0,0,False,False,False,True,False
TXN0003246,CUST01082,2026-02-18 14:00:00,Transfer,134.89,Healthcare,ATM,Failed,0,0,False,False,False,False,False
TXN0003247,CUST00968,2025-02-12 14:00:00,Debit,194.36,Shopping,Credit Card,Success,0,0,False,False,False,False,False
TXN0003248,CUST01127,2026-05-28 12:00:00,Debit,1268.18,Shopping,UPI,Success,0,0,False,False,False,False,False
TXN0003249,CUST01126,2025-02-21 20:00:00,Transfer,132.11,Utilities,UPI,Success,0,1,False,False,False,False,False
TXN0003250,CUST00489,2026-01-21 10:00:00,Transfer,1701.1,Rent,Debit Card,Success,0,0,False,False,False,False,False
TXN0003251,CUST00984,2026-06-30 15:00:00,Transfer,891.52,Food,ATM,Success,0,0,False,False,False,False,False
TXN0003252,CUST00402,2025-07-16 13:00:00,Debit,309.45,Shopping,UPI,Success,0,0,False,False,False,False,False
TXN0003253,CUST00588,2025-08-08 11:00:00,Debit,4574.69,Shopping,Debit Card,Failed,0,0,False,False,False,False,False
TXN0003254,CUST00481,2026-04-23 12:00:00,Debit,2152.89,Groceries,UPI,Success,1,1,False,False,False,False,False
TXN0003255,CUST00855,2025-07-25 11:00:00,Debit,7334.37,Rent,UPI,Success,0,0,False,False,False,False,False
TXN0003256,CUST00068,2025-12-17 20:00:00,Transfer,3577.57,Shopping,UPI,Success,0,0,False,False,False,False,False
TXN0003257,CUST00609,2026-09-17 19:00:00,Transfer,264.14,Shopping,Debit Card,Success,0,0,False,False,False,False,False
TXN0003258,CUST00076,2026-07-11 02:00:00,Debit,1038.07,Travel,UPI,Success,0,0,False,False,False,False,False
TXN0003259,CUST00141,2025-11-21 04:00:00,Transfer,880.13,Healthcare,Debit Card,Unknown,0,1,False,False,False,False,False
TXN0003260,CUST00467,2026-06-29 20:00:00,Debit,5155.62,Groceries,Debit Card,Success,0,0,False,False,False,False,False
TXN0003261,CUST00079,2025-02-02 20:00:00,Debit,6747.66,Groceries,UPI,Success,0,0,False,False,False,False,False
TXN0003262,CUST00520,2026-07-19 14:00:00,Debit,18777.24,Shopping,UPI,Success,0,0,False,False,False,False,True
TXN0003263,CUST00660,2025-09-28 17:00:00,Debit,1706.56,Entertainment,Credit Card,Success,0,0,False,False,False,False,False
TXN0003264,CUST00328,2026-05-21 18:00:00,Debit,1774.07,Shopping,Credit Card,Success,0,0,False,False,False,False,False
TXN0003265,CUST00701,2026-07-13 06:00:00,Debit,1065.11,Rent,UPI,Success,0,0,False,False,False,False,False
TXN0003266,CUST00720,2025-08-14 04:00:00,Debit,5123.57,Investment,Debit Card,Success,0,0,False,False,False,False,False
TXN0003267,CUST00894,2026-05-29 10:00:00,Credit,1114.77,Travel,Debit Card,Pending,0,0,False,False,False,False,False
TXN0003268,CUST00177,2025-02-01 04:00:00,Transfer,417.01,Salary,Debit Card,Success,0,0,False,False,False,False,False
TXN0003269,CUST00230,2025-12-09 12:00:00,Debit,551.42,Utilities,Credit Card,Failed,0,0,False,False,False,False,False
TXN0003270,CUST00398,2026-01-29 18:00:00,Transfer,4492.71,Travel,Debit Card,Success,0,0,False,False,False,False,False
TXN0003271,CUST00707,2025-05-25 01:00:00,Debit,280.63,Shopping,ATM,Success,1,0,False,False,False,False,False
TXN0003272,CUST00295,2025-05-19 13:00:00,Transfer,146.18,Investment,Net Banking,Success,0,0,False,False,False,False,False
TXN0003273,CUST01035,2026-01-09 18:00:00,Debit,4979.92,Rent,UPI,Success,0,0,False,False,False,False,False
TXN0003274,CUST00894,2026-04-08 13:00:00,Transfer,1767.52,Salary,UPI,Success,0,0,False,False,False,False,False
TXN0003275,CUST01078,2026-03-02 16:00:00,Debit,748.85,Shopping,UPI,Success,0,0,False,False,False,False,False
TXN0003276,CUST00929,2025-04-20 06:00:00,Credit,238.67,Healthcare,Credit Card,Success,0,0,False,False,False,False,False
TXN0003277,CUST00071,2026-09-20 14:00:00,Transfer,735.8,Shopping,UPI,Success,0,0,False,False,False,False,False
TXN0003278,CUST00681,2025-03-25 21:00:00,Debit,4441.42,Rent,Credit Card,Success,0,1,False,False,False,False,False
TXN0003279,CUST00265,2025-03-09 01:00:00,Debit,632.34,Utilities,UPI,Success,0,0,False,False,False,False,False
TXN0003280,CUST00646,2025-07-27 14:00:00,Transfer,3596.56,Groceries,UPI,Success,0,1,False,False,False,False,False
TXN0003281,CUST00064,2026-05-18 06:00:00,Debit,861.05,Travel,UPI,Success,0,0,False,False,False,False,False
TXN0003282,CUST00332,2025-09-24 20:00:00,Debit,1025.84,Travel,UPI,Success,1,0,False,False,False,False,False
TXN0003283,CUST00017,2025-10-06 23:00:00,Debit,574.23,Entertainment,Credit Card,Success,1,0,False,False,False,False,False
TXN0003284,CUST00854,2025-04-26 14:00:00,Debit,1885.79,Shopping,UPI,Pending,0,0,False,False,False,False,False
TXN0003285,CUST00872,2026-08-22 01:00:00,Debit,1564.32,Investment,UPI,Pending,0,0,False,False,False,False,False
TXN0003286,CUST00838,2025-04-10 06:00:00,Debit,451.34,Salary,UPI,Success,0,1,False,False,False,False,False
TXN0003287,CUST00219,2025-08-26 00:00:00,Debit,1059.48,Investment,Net Banking,Success,0,0,False,False,False,False,False
TXN0003288,CUST00562,2025-03-19 19:00:00,Credit,698.22,Salary,ATM,Success,0,0,False,False,False,False,False
TXN0003289,CUST00523,2025-09-19 14:00:00,Debit,3779.15,Healthcare,Debit Card,Success,0,1,False,False,False,False,False
TXN0003290,CUST00212,2026-02-11 03:00:00,Debit,3830.5,Rent,UPI,Success,0,0,False,False,False,False,False
TXN0003291,CUST01101,2026-04-23 02:00:00,Credit,450.02,Healthcare,Net Banking,Failed,0,0,False,False,False,False,False
TXN0003292,CUST00416,2025-11-05 03:00:00,Transfer,11692.73,Shopping,Credit Card,Success,0,0,False,False,False,False,False
TXN0003293,CUST00768,2025-01-22 17:00:00,Debit,2108.14,Rent,UPI,Success,0,0,False,False,False,False,False
TXN0003294,CUST01186,2026-06-12 16:00:00,Transfer,996.33,Entertainment,Credit Card,Success,0,0,False,False,False,False,False
TXN0003295,CUST00356,2025-08-03 07:00:00,Debit,2513.52,Travel,Credit Card,Success,0,0,False,False,False,False,False
TXN0003296,CUST00595,2025-02-08 14:00:00,Debit,641.37,Salary,Credit Card,Pending,0,0,False,False,False,False,False
TXN0003297,CUST00993,2025-08-18 23:00:00,Transfer,1531.99,Groceries,UPI,Success,0,1,False,False,False,False,False
TXN0003298,CUST01045,2025-06-02 22:00:00,Credit,416.17,Utilities,Credit Card,Failed,0,1,False,False,False,False,False
TXN0003299,CUST00011,2025-12-26 08:00:00,Debit,518.85,Shopping,Debit Card,Success,0,0,False,False,False,False,False
TXN0003300,CUST00579,2025-03-19 10:00:00,Debit,423.58,Rent,Debit Card,Success,0,0,False,False,False,False,False
TXN0003301,CUST00675,2026-07-28 17:00:00,Debit,1872.09,Travel,Net Banking,Success,0,0,False,False,False,False,False
TXN0003302,CUST00981,2026-03-15 16:00:00,Transfer,2367.36,Travel,Credit Card,Success,0,0,False,False,False,False,False
TXN0003303,CUST01065,2025-12-07 14:00:00,Debit,237.31,Investment,Credit Card,Pending,0,0,False,False,False,False,False
TXN0003304,CUST00289,2025-05-19 16:00:00,Debit,15966.02,Shopping,Credit Card,Success,0,0,False,False,False,False,True
TXN0003305,CUST01121,2026-09-27 05:00:00,Debit,1061.95,Healthcare,UPI,Success,0,0,False,False,False,False,False
TXN0003306,CUST00620,2025-04-15 20:00:00,Debit,3832.3,Travel,Credit Card,Success,0,1,False,False,False,False,False
TXN0003307,CUST00527,2025-03-28 06:00:00,Debit,875.96,Salary,UPI,Failed,0,0,False,False,False,False,False
TXN0003308,CUST00740,2026-02-08 03:00:00,Credit,366.97,Travel,UPI,Success,0,0,False,False,False,False,False
TXN0003309,CUST00041,2025-07-31 13:00:00,Debit,1402.44,Utilities,ATM,Pending,0,0,False,False,False,False,False
TXN0003310,CUST00524,2026-07-08 17:00:00,Debit,1168.32,Salary,Credit Card,Failed,0,0,False,False,False,False,False
TXN0003311,CUST00293,2026-06-03 05:00:00,Debit,2216.21,Investment,Credit Card,Success,0,0,False,False,False,False,False
TXN0003312,CUST00344,2026-09-09 10:00:00,Debit,4321.27,Rent,UPI,Success,0,1,False,False,False,False,False
TXN0003313,CUST00642,2025-09-29 08:00:00,Debit,5492.25,Entertainment,UPI,Success,0,2,False,False,False,False,False
TXN0003314,CUST01014,2025-05-25 06:00:00,Transfer,414.79,Healthcare,UPI,Success,0,0,False,False,False,False,False
TXN0003315,CUST00035,2025-11-12 12:00:00,Credit,10127.71,Investment,Unknown,Success,0,0,False,False,False,False,False
TXN0003316,CUST00452,2025-12-03 07:00:00,Debit,305.74,Entertainment,UPI,Success,1,0,False,False,False,False,False
TXN0003317,CUST00090,2026-06-12 21:00:00,Transfer,239.39,Groceries,Credit Card,Pending,0,0,False,False,False,False,False
TXN0003318,CUST00153,2025-12-01 17:00:00,Credit,435.65,Groceries,Debit Card,Success,0,0,False,False,False,False,False
TXN0003319,CUST00844,2025-04-25 17:00:00,Debit,277.14,Healthcare,Debit Card,Success,0,0,False,False,False,False,False
TXN0003320,CUST00672,2025-01-26 12:00:00,Credit,1529.32,Rent,UPI,Success,0,1,False,False,False,False,False
TXN0003321,CUST00340,2026-09-27 12:00:00,Debit,731.9,Unknown,Net Banking,Success,0,0,False,False,False,False,False
TXN0003322,CUST01068,2025-04-19 04:00:00,Debit,915.15,Rent,Credit Card,Success,0,0,False,False,False,False,False
TXN0003323,CUST00410,2025-01-13 11:00:00,Debit,4573.06,Investment,UPI,Success,0,0,False,False,False,False,False
TXN0003324,CUST01130,2026-08-14 04:00:00,Credit,12134.54,Utilities,Net Banking,Success,0,1,False,False,False,False,False
TXN0003325,CUST00942,2025-09-08 13:00:00,Debit,304.41,Healthcare,UPI,Success,1,0,False,False,False,False,False
TXN0003326,CUST00679,2025-06-09 02:00:00,Transfer,6004.87,Rent,UPI,Success,0,0,False,False,False,False,False
TXN0003327,CUST00632,2025-02-10 03:00:00,Credit,946.26,Healthcare,UPI,Success,0,0,False,False,False,False,False
TXN0003328,CUST00017,2026-02-08 04:00:00,Debit,232.39,Shopping,ATM,Success,0,0,False,False,False,False,False
TXN0003329,CUST00427,2026-02-10 13:00:00,Credit,2131.4,Food,Credit Card,Success,0,0,False,False,False,False,False
TXN0003330,CUST00302,2025-01-14 13:00:00,Debit,760.15,Shopping,Net Banking,Success,0,0,False,False,False,False,False
TXN0003331,CUST00447,2026-06-05 02:00:00,Debit,1156.24,Groceries,ATM,Success,0,0,False,False,False,False,False
TXN0003332,CUST00132,2025-07-11 07:00:00,Credit,933.33,Food,UPI,Success,0,0,False,False,False,False,False
TXN0003333,CUST00706,2026-02-09 11:00:00,Debit,2456.66,Groceries,Credit Card,Success,0,0,False,False,False,False,False
TXN0003334,CUST00633,2025-11-28 01:00:00,Debit,113.09,Healthcare,Net Banking,Success,0,0,False,False,False,False,False
TXN0003335,CUST00663,2025-04-30 11:00:00,Debit,1633.55,Travel,UPI,Success,0,0,False,False,False,False,False
TXN0003336,CUST00979,2025-09-13 05:00:00,Transfer,533.97,Rent,Debit Card,Success,0,1,False,False,False,False,False
TXN0003337,CUST00335,2026-03-09 04:00:00,Transfer,794.05,Entertainment,Credit Card,Success,0,0,False,False,False,False,False
TXN0003338,CUST00601,2026-02-08 03:00:00,Debit,171.0,Entertainment,Credit Card,Success,0,0,False,False,False,False,False
TXN0003339,CUST00638,2025-01-10 14:00:00,Debit,1598.87,Rent,UPI,Success,0,0,False,False,False,False,False
TXN0003340,CUST00461,2025-11-16 14:00:00,Transfer,551.69,Entertainment,UPI,Success,0,0,False,False,False,False,False
TXN0003341,CUST00508,2026-03-19 16:00:00,Transfer,532.26,Salary,Net Banking,Failed,0,0,False,False,False,False,False
TXN0003342,CUST00969,2025-06-27 20:00:00,Credit,1228.81,Investment,UPI,Success,0,0,False,False,False,False,False
TXN0003343,CUST00213,2025-01-17 22:00:00,Credit,196.99,Salary,Debit Card,Success,0,0,False,False,False,False,False
TXN0003344,CUST00397,2026-09-21 15:00:00,Debit,2166.35,Food,UPI,Success,0,0,False,False,False,False,False
TXN0003345,CUST00803,2025-11-16 13:00:00,Transfer,1154.36,Entertainment,UPI,Success,0,0,False,False,False,False,False
TXN0003346,CUST00740,2025-02-28 03:00:00,Transfer,835.21,Salary,Credit Card,Success,0,0,False,False,False,False,False
TXN0003347,CUST00704,2026-07-14 20:00:00,Debit,682.65,Salary,Net Banking,Success,0,1,False,False,False,False,False
TXN0003348,CUST01082,2025-11-15 15:00:00,Transfer,3965.27,Entertainment,Net Banking,Success,0,0,False,False,False,False,False
TXN0003349,CUST00028,2026-02-03 20:00:00,Debit,546.66,Healthcare,ATM,Success,0,0,False,False,False,False,False
TXN0003350,CUST01038,2026-06-16 21:00:00,Credit,1837.19,Food,UPI,Failed,0,0,False,False,False,False,False
TXN0003351,CUST00519,2025-06-29 21:00:00,Transfer,1867.23,Rent,UPI,Success,0,0,False,False,False,False,False
TXN0003352,CUST00398,2025-06-05 04:00:00,Debit,562.59,Healthcare,ATM,Success,0,0,False,False,False,False,False
TXN0003353,CUST00260,2025-05-24 05:00:00,Transfer,1915.11,Salary,UPI,Success,0,1,False,False,False,False,False
TXN0003354,CUST00332,2025-06-04 14:00:00,Transfer,1881.0,Shopping,Net Banking,Success,0,0,False,False,False,False,False
TXN0003355,CUST00089,2025-10-06 01:00:00,Credit,780.58,Healthcare,UPI,Success,0,0,False,False,False,False,False
TXN0003356,CUST00647,2026-05-05 20:00:00,Transfer,1031.06,Healthcare,UPI,Success,0,0,False,False,False,False,False
TXN0003357,CUST00378,2026-03-03 09:00:00,Debit,1847.3,Food,Credit Card,Success,0,0,False,False,False,False,False
TXN0003358,CUST00732,2026-09-29 11:00:00,Credit,1550.31,Food,Credit Card,Success,0,0,False,False,False,False,False
TXN0003359,CUST00877,2025-11-07 06:00:00,Debit,753.7,Food,Credit Card,Success,0,0,False,False,False,False,False
TXN0003360,CUST00534,2026-06-03 05:00:00,Transfer,2799.79,Utilities,UPI,Success,0,0,False,False,False,False,False
TXN0003361,CUST00585,2025-03-31 17:00:00,Debit,435.17,Rent,Net Banking,Failed,0,0,False,False,False,False,False
TXN0003362,CUST00089,2025-11-30 17:00:00,Debit,1956.36,Rent,Debit Card,Pending,0,1,False,False,False,False,False
TXN0003363,CUST00614,2025-12-02 10:00:00,Debit,7689.49,Travel,Credit Card,Success,0,0,False,False,False,False,False
TXN0003364,CUST00783,2026-03-22 03:00:00,Transfer,410.23,Investment,Credit Card,Success,0,0,False,False,False,False,False
TXN0003365,CUST00879,2025-03-23 07:00:00,Debit,2047.6,Utilities,UPI,Success,0,0,False,False,False,False,False
TXN0003366,CUST00136,2025-02-14 11:00:00,Debit,6792.86,Utilities,UPI,Success,0,0,False,False,False,False,False
TXN0003367,CUST00370,2025-02-16 12:00:00,Debit,1462.71,Travel,Debit Card,Success,0,0,False,False,False,False,False
TXN0003368,CUST00832,2026-06-29 09:00:00,Transfer,748.47,Entertainment,UPI,Success,0,0,False,False,False,False,False
TXN0003369,CUST00343,2025-10-16 10:00:00,Transfer,497.87,Utilities,Debit Card,Success,0,0,False,False,False,False,False
TXN0003370,CUST00491,2026-03-10 13:00:00,Debit,358.41,Utilities,Credit Card,Success,0,1,False,False,False,False,False
TXN0003371,CUST00854,2025-02-13 08:00:00,Credit,1605.55,Entertainment,Debit Card,Success,0,0,False,False,False,False,False
TXN0003372,CUST00381,2025-09-28 19:00:00,Debit,1261.08,Food,UPI,Success,0,0,False,False,False,False,False
TXN0003373,CUST00473,2025-02-09 02:00:00,Transfer,298.55,Shopping,Debit Card,Success,0,0,False,False,False,False,False
TXN0003374,CUST00550,2026-09-10 04:00:00,Transfer,718.68,Food,UPI,Success,0,0,False,False,False,False,False
TXN0003375,CUST00602,2026-08-22 08:00:00,Debit,628.25,Groceries,UPI,Success,0,0,False,False,False,False,False
TXN0003376,CUST01068,2025-11-01 20:00:00,Debit,1895.0,Groceries,UPI,Failed,0,0,False,False,False,False,False
TXN0003377,CUST00329,2026-07-13 03:00:00,Debit,367.31,Rent,ATM,Success,0,0,False,False,False,False,False
TXN0003378,CUST00051,2025-02-03 14:00:00,Credit,2346.21,Utilities,Net Banking,Success,0,0,False,False,False,False,False
TXN0003379,CUST00060,2026-01-20 20:00:00,Debit,525.5,Groceries,Debit Card,Success,0,0,False,False,False,False,False
TXN0003380,CUST00288,2025-11-26 08:00:00,Transfer,381.1,Investment,UPI,Success,0,0,False,False,False,False,False
TXN0003381,CUST00778,2025-09-14 08:00:00,Debit,1020.84,Utilities,Net Banking,Success,0,0,False,False,False,False,False
TXN0003382,CUST01067,2025-03-04 03:00:00,Transfer,3667.37,Healthcare,UPI,Success,0,1,False,False,False,False,False
TXN0003383,CUST01161,2025-02-17 03:00:00,Credit,1636.11,Rent,UPI,Success,1,0,False,False,False,False,False
TXN0003384,CUST01072,2026-07-18 08:00:00,Debit,3389.96,Shopping,UPI,Success,1,0,False,False,False,False,False
TXN0003385,CUST00841,2026-09-01 13:00:00,Debit,1751.98,Investment,UPI,Success,0,1,False,False,False,False,False
TXN0003386,CUST00294,2025-10-19 13:00:00,Credit,538.13,Utilities,Debit Card,Success,0,0,False,False,False,False,False
TXN0003387,CUST00601,2025-09-09 12:00:00,Credit,1238.86,Groceries,Net Banking,Success,0,0,False,False,False,False,False
TXN0003388,CUST01198,2026-03-24 03:00:00,Debit,1112.13,Food,Net Banking,Success,0,0,False,False,False,False,False
TXN0003389,CUST01158,2025-07-28 19:00:00,Debit,841.01,Shopping,Net Banking,Success,0,0,False,False,False,False,False
TXN0003390,CUST00223,2025-07-23 00:00:00,Debit,2610.74,Shopping,Debit Card,Success,0,0,False,False,False,False,False
TXN0003391,CUST00691,2025-06-15 17:00:00,Transfer,7788.6,Healthcare,Net Banking,Success,0,0,False,False,False,False,False
TXN0003392,CUST00819,2025-08-09 17:00:00,Transfer,556.05,Healthcare,UPI,Success,0,0,False,False,False,False,False
TXN0003393,CUST00503,2025-10-14 16:00:00,Credit,2611.84,Salary,UPI,Success,0,0,False,False,False,False,False
TXN0003394,CUST00433,2025-01-05 17:00:00,Debit,1336.68,Travel,Credit Card,Success,0,0,False,False,False,False,False
TXN0003395,CUST00875,2025-10-21 00:00:00,Transfer,953.36,Groceries,Net Banking,Success,0,1,False,False,False,False,False
TXN0003396,CUST00791,2026-06-30 02:00:00,Debit,358.62,Food,Debit Card,Success,0,0,False,False,False,False,False
TXN0003397,CUST00388,2026-06-13 07:00:00,Debit,481.99,Utilities,Net Banking,Success,0,0,False,False,False,False,False
TXN0003398,CUST00965,2026-08-27 23:00:00,Debit,738.45,Shopping,Debit Card,Success,0,1,False,False,False,False,False
TXN0003399,CUST00639,2025-07-17 00:00:00,Debit,371.46,Rent,UPI,Failed,0,0,False,False,False,False,False
TXN0003400,CUST01077,2025-11-18 02:00:00,Debit,1096.265,Shopping,UPI,Success,0,0,False,False,False,True,False
TXN0003401,CUST00674,2025-10-23 20:00:00,Credit,908.92,Food,UPI,Success,0,0,False,False,False,False,False
TXN0003402,CUST00032,2025-11-10 00:00:00,Debit,1177.18,Salary,Debit Card,Success,0,0,False,False,False,False,False
TXN0003403,CUST00728,2025-10-03 21:00:00,Debit,827.97,Utilities,UPI,Success,0,0,False,False,False,False,False
TXN0003404,CUST00713,2026-03-16 06:00:00,Transfer,4063.62,Groceries,ATM,Success,0,1,False,False,False,False,False
TXN0003405,CUST00362,2026-01-25 23:00:00,Credit,353.63,Rent,Net Banking,Success,0,0,False,False,False,False,False
TXN0003406,CUST00942,2025-11-06 21:00:00,Transfer,281.69,Rent,UPI,Success,0,0,False,False,False,False,False
TXN0003407,CUST00809,2025-02-15 08:00:00,Credit,471.09,Healthcare,Debit Card,Success,0,1,False,False,False,False,False
TXN0003408,CUST00834,2026-06-02 04:00:00,Debit,241.89,Healthcare,UPI,Success,0,0,False,False,False,False,False
TXN0003409,CUST00980,2026-02-09 13:00:00,Debit,1216.25,Salary,Debit Card,Failed,0,0,False,False,False,False,False
TXN0003410,CUST00772,2026-01-22 21:00:00,Credit,192.38,Shopping,Credit Card,Success,0,0,False,False,False,False,False
TXN0003411,CUST00707,2025-07-28 10:00:00,Transfer,1321.92,Rent,Net Banking,Success,0,0,False,False,False,False,False
TXN0003412,CUST00063,2025-12-24 22:00:00,Debit,3768.51,Rent,Net Banking,Failed,0,1,False,False,False,False,False
TXN0003413,CUST00118,2025-04-20 20:00:00,Credit,3337.34,Travel,Credit Card,Success,0,0,False,False,False,False,False
TXN0003414,CUST00047,2026-08-15 03:00:00,Credit,505.44,Utilities,UPI,Success,0,1,False,False,False,False,False
TXN0003415,CUST00877,2025-10-23 05:00:00,Debit,191.46,Investment,UPI,Success,0,2,False,False,False,False,False
TXN0003416,CUST00311,2025-03-08 21:00:00,Transfer,10198.89,Travel,UPI,Success,0,0,False,False,False,False,False
TXN0003417,CUST00810,2025-08-02 08:00:00,Debit,121.24,Groceries,Credit Card,Success,0,0,False,False,False,False,False
TXN0003418,CUST01166,2026-04-10 00:00:00,Transfer,544.48,Salary,Credit Card,Success,0,0,False,False,False,False,False
TXN0003419,CUST00584,2025-04-04 07:00:00,Credit,1022.43,Rent,Debit Card,Success,0,0,False,False,False,False,False
TXN0003420,CUST00652,2026-06-17 17:00:00,Transfer,290.92,Rent,UPI,Success,0,1,False,False,False,False,False
TXN0003421,CUST00829,2025-05-31 20:00:00,Debit,533.91,Food,UPI,Success,0,0,False,False,False,False,False
TXN0003422,CUST00718,2026-05-12 16:00:00,Transfer,4244.29,Utilities,Net Banking,Success,0,0,False,False,False,False,False
TXN0003423,CUST00169,2025-06-13 18:00:00,Credit,3458.87,Investment,UPI,Success,1,0,False,False,False,False,False
TXN0003424,CUST00755,2026-06-26 12:00:00,Debit,549.81,Travel,UPI,Unknown,0,0,False,False,False,False,False
TXN0003425,CUST00277,2026-09-03 23:00:00,Credit,792.63,Salary,ATM,Success,0,0,False,False,False,False,False
TXN0003426,CUST00422,2025-10-16 21:00:00,Debit,3431.23,Travel,Net Banking,Success,0,0,False,False,False,False,False
TXN0003427,CUST01094,2026-04-01 17:00:00,Transfer,483.58,Unknown,UPI,Success,0,2,False,False,False,False,False
TXN0003428,CUST01025,2025-10-13 17:00:00,Debit,50.0,Rent,Debit Card,Success,0,0,False,False,False,False,False
TXN0003429,CUST00844,2025-12-10 04:00:00,Transfer,4186.88,Groceries,UPI,Pending,0,0,False,False,False,False,False
TXN0003430,CUST00809,2026-08-25 06:00:00,Transfer,418.71,Rent,Debit Card,Failed,0,0,False,False,False,False,False
TXN0003431,CUST00853,2025-02-01 19:00:00,Debit,131.1,Shopping,Debit Card,Success,0,1,False,False,False,False,False
TXN0003432,CUST00908,2026-07-24 09:00:00,Debit,1825.33,Investment,Net Banking,Success,0,1,False,False,False,False,False
TXN0003433,CUST00183,2025-05-17 17:00:00,Debit,1991.07,Healthcare,UPI,Success,0,0,False,False,False,False,False
TXN0003434,CUST00084,2026-03-19 22:00:00,Debit,5386.2,Shopping,Credit Card,Success,0,0,False,False,False,False,False
TXN0003435,CUST01186,2026-06-13 14:00:00,Debit,8760.17,Travel,Debit Card,Success,0,1,False,False,False,False,False
TXN0003436,CUST01117,2026-04-02 21:00:00,Debit,550.12,Travel,UPI,Failed,0,0,False,False,False,False,False
TXN0003437,CUST01151,2026-09-15 12:00:00,Transfer,149.85,Utilities,ATM,Success,0,0,False,False,False,False,False
TXN0003438,CUST00376,2025-07-30 04:00:00,Transfer,2040.02,Travel,UPI,Success,0,0,False,False,False,False,False
TXN0003439,CUST00863,2026-09-05 12:00:00,Debit,1749.23,Investment,Credit Card,Success,0,0,False,False,False,False,False
TXN0003440,CUST00096,2026-04-21 18:00:00,Transfer,1564.05,Utilities,Net Banking,Success,1,0,False,False,False,False,False
TXN0003441,CUST00188,2026-06-11 19:00:00,Transfer,346.36,Healthcare,Debit Card,Success,0,1,False,False,False,False,False
TXN0003442,CUST01142,2025-01-14 14:00:00,Debit,338.32,Shopping,Net Banking,Success,0,0,False,False,False,False,False
TXN0003443,CUST00246,2026-09-20 06:00:00,Transfer,910.09,Salary,UPI,Success,0,0,False,False,False,False,False
TXN0003444,CUST00194,2025-03-08 20:00:00,Debit,372.45,Food,Credit Card,Success,0,0,False,False,False,False,False
TXN0003445,CUST00777,2025-09-23 16:00:00,Debit,408.17,Food,Net Banking,Success,0,0,False,False,False,False,False
TXN0003446,CUST00572,2025-09-27 17:00:00,Credit,350.71,Salary,UPI,Pending,0,0,False,False,False,False,False
TXN0003447,CUST00078,2026-09-19 04:00:00,Debit,1673.11,Travel,Net Banking,Success,0,0,False,False,False,False,False
TXN0003448,CUST00285,2026-04-13 18:00:00,Debit,126.22,Groceries,Debit Card,Success,0,0,False,False,False,False,False
TXN0003449,CUST00208,2025-12-11 07:00:00,Transfer,2673.92,Food,UPI,Success,0,0,False,False,False,False,False
TXN0003450,CUST01097,2025-01-07 03:00:00,Transfer,522.47,Utilities,UPI,Success,0,0,False,False,False,False,False
TXN0003451,CUST00219,2026-02-27 20:00:00,Debit,264.78,Travel,Credit Card,Success,0,0,False,False,False,False,False
TXN0003452,CUST00016,2026-06-07 10:00:00,Credit,1621.12,Shopping,UPI,Success,0,0,False,False,False,False,False
TXN0003453,CUST00396,2025-07-12 08:00:00,Transfer,294.01,Rent,UPI,Failed,0,1,False,False,False,False,False
TXN0003454,CUST00358,2025-09-29 12:00:00,Debit,1540.48,Entertainment,Net Banking,Success,0,0,False,False,False,False,False
TXN0003455,CUST00871,2026-06-17 08:00:00,Debit,1497.5,Entertainment,Debit Card,Success,0,0,False,False,False,False,False
TXN0003456,CUST00117,2026-09-02 21:00:00,Credit,558.4,Shopping,Debit Card,Pending,0,0,False,False,False,False,False
TXN0003457,CUST00193,2025-07-11 09:00:00,Debit,1149.26,Food,UPI,Success,0,1,False,False,False,False,False
TXN0003458,CUST01108,2026-05-26 02:00:00,Transfer,557.03,Groceries,UPI,Failed,0,1,False,False,False,False,False
TXN0003459,CUST00134,2026-04-03 16:00:00,Debit,92.05,Investment,UPI,Success,0,0,False,False,False,False,False
TXN0003460,CUST00954,2025-01-09 19:00:00,Transfer,2827.33,Groceries,UPI,Success,0,0,False,False,False,False,False
TXN0003461,CUST01063,2025-06-28 14:00:00,Debit,691.53,Salary,UPI,Pending,0,0,False,False,False,False,False
TXN0003462,CUST00949,2026-09-17 19:00:00,Debit,3001.45,Salary,Net Banking,Success,0,0,False,False,False,False,False
TXN0003463,CUST00368,2026-01-28 06:00:00,Debit,1115.05,Shopping,UPI,Success,0,0,False,False,False,False,False
TXN0003464,CUST00339,2026-06-04 11:00:00,Debit,537.08,Salary,ATM,Success,0,0,False,False,False,False,False
TXN0003465,CUST00964,2025-04-11 01:00:00,Transfer,5901.6,Salary,Net Banking,Success,0,0,False,False,False,False,False
TXN0003466,CUST01127,2025-11-03 23:00:00,Transfer,2009.13,Utilities,UPI,Success,0,0,False,False,False,False,False
TXN0003467,CUST00868,2026-03-17 14:00:00,Debit,851.26,Shopping,Net Banking,Success,0,0,False,False,False,False,False
TXN0003468,CUST00242,2025-10-22 13:00:00,Credit,483.28,Entertainment,UPI,Success,0,0,False,False,False,False,False
TXN0003469,CUST00116,2025-09-23 16:00:00,Transfer,14591.52,Salary,Net Banking,Failed,0,0,False,False,False,False,True
TXN0003470,CUST00497,2025-10-17 11:00:00,Credit,1740.5,Food,Net Banking,Success,0,1,False,False,False,False,False
TXN0003471,CUST00240,2026-03-16 20:00:00,Debit,3042.93,Entertainment,ATM,Success,0,0,False,False,False,False,False
TXN0003472,CUST00835,2025-11-11 16:00:00,Debit,461.25,Utilities,Credit Card,Success,0,0,False,False,False,False,False
TXN0003473,CUST00444,2026-06-19 09:00:00,Transfer,636.32,Shopping,UPI,Success,0,1,False,False,False,False,False
TXN0003474,CUST00198,2026-07-23 09:00:00,Debit,1913.14,Investment,UPI,Success,0,1,False,False,False,False,False
TXN0003475,CUST00039,2025-01-06 02:00:00,Debit,3479.34,Groceries,Unknown,Failed,0,0,False,False,False,False,False
TXN0003476,CUST00837,2025-08-03 11:00:00,Debit,412.96,Travel,UPI,Success,0,1,False,False,False,False,False
TXN0003477,CUST01035,2025-02-06 00:00:00,Debit,1155.41,Utilities,UPI,Success,0,1,False,False,False,False,False
TXN0003478,CUST01166,2026-01-21 05:00:00,Debit,1348.68,Utilities,UPI,Success,0,0,False,False,False,False,False
TXN0003479,CUST00999,2025-07-16 20:00:00,Debit,519.47,Utilities,UPI,Success,0,0,False,False,False,False,False
TXN0003480,CUST00271,2026-05-12 00:00:00,Debit,1969.97,Entertainment,Debit Card,Failed,0,0,False,False,False,False,False
TXN0003481,CUST00560,2025-10-03 03:00:00,Debit,1077.88,Groceries,UPI,Success,0,0,False,False,False,False,False
TXN0003482,CUST01060,2026-05-10 15:00:00,Credit,296.52,Shopping,Net Banking,Success,0,1,False,False,False,False,False
TXN0003483,CUST01160,2025-10-02 16:00:00,Credit,2090.78,Utilities,Debit Card,Success,0,1,False,False,False,False,False
TXN0003484,CUST00482,2025-03-22 17:00:00,Transfer,1594.25,Utilities,Debit Card,Success,1,0,False,False,False,False,False
TXN0003485,CUST00769,2025-06-18 21:00:00,Debit,2351.79,Rent,Net Banking,Success,0,0,False,False,False,False,False
TXN0003486,CUST00943,2026-03-27 08:00:00,Debit,4597.04,Salary,UPI,Success,0,0,False,False,False,False,False
TXN0003487,CUST00682,2025-08-05 00:00:00,Debit,60.39,Healthcare,Debit Card,Success,0,0,False,False,False,False,False
TXN0003488,CUST00375,2025-09-24 00:00:00,Debit,229.88,Salary,Net Banking,Success,0,0,False,False,False,False,False
TXN0003489,CUST01060,2026-04-30 12:00:00,Transfer,1414.58,Food,UPI,Success,0,0,False,False,False,False,False
TXN0003490,CUST00161,2026-09-02 00:00:00,Debit,230.8,Healthcare,Net Banking,Success,0,1,False,False,False,False,False
TXN0003491,CUST00682,2026-09-22 21:00:00,Credit,2439.35,Shopping,Net Banking,Success,0,0,False,False,False,False,False
TXN0003492,CUST00653,2026-03-17 22:00:00,Debit,567.98,Utilities,Credit Card,Success,0,0,False,False,False,False,False
TXN0003493,CUST00562,2025-09-07 12:00:00,Debit,2698.46,Travel,Credit Card,Success,0,0,False,False,False,False,False
TXN0003494,CUST00478,2025-04-16 10:00:00,Transfer,1257.66,Investment,Net Banking,Success,1,0,False,False,False,False,False
TXN0003495,CUST00950,2026-09-18 00:00:00,Credit,1845.17,Food,UPI,Success,0,0,False,False,False,False,False
TXN0003496,CUST00504,2025-03-26 11:00:00,Debit,729.1,Investment,Net Banking,Success,0,0,False,False,False,False,False
TXN0003497,CUST00828,2026-08-28 21:00:00,Transfer,650.94,Groceries,UPI,Success,0,1,False,False,False,False,False
TXN0003498,CUST01139,2025-04-21 11:00:00,Credit,4414.12,Groceries,Net Banking,Success,0,0,False,False,False,False,False
TXN0003499,CUST00611,2026-03-12 12:00:00,Credit,1266.87,Healthcare,UPI,Pending,0,0,False,False,False,False,False
TXN0003500,CUST00374,2025-11-12 05:00:00,Transfer,2477.76,Food,UPI,Pending,0,0,False,False,False,False,False
TXN0003501,CUST00130,2025-11-30 22:00:00,Transfer,304.49,Utilities,UPI,Success,0,0,False,False,False,False,False
TXN0003502,CUST00139,2025-04-01 10:00:00,Debit,941.6,Investment,UPI,Success,0,0,False,False,False,False,False
TXN0003503,CUST01140,2025-12-03 03:00:00,Transfer,448.75,Entertainment,UPI,Success,0,0,False,False,False,False,False
TXN0003504,CUST00869,2025-03-07 00:00:00,Debit,2434.76,Food,Credit Card,Success,0,3,False,False,False,False,False
TXN0003505,CUST01030,2025-10-27 01:00:00,Transfer,1412.0,Travel,Debit Card,Success,0,0,False,False,False,False,False
TXN0003506,CUST00668,2025-04-24 12:00:00,Credit,1508.33,Salary,UPI,Failed,0,0,False,False,False,False,False
TXN0003507,CUST00463,2026-09-11 08:00:00,Debit,3366.94,Salary,Net Banking,Success,0,0,False,False,False,False,False
TXN0003508,CUST00982,2025-09-04 21:00:00,Debit,484.72,Entertainment,UPI,Success,0,0,False,False,False,False,False
TXN0003509,CUST01118,2025-01-23 02:00:00,Debit,755.16,Travel,Credit Card,Success,0,1,False,False,False,False,False
TXN0003510,CUST00089,2026-08-11 08:00:00,Debit,1543.7,Utilities,Net Banking,Failed,0,0,False,False,False,False,False
TXN0003511,CUST00406,2025-11-30 09:00:00,Credit,555.76,Food,Debit Card,Success,0,0,False,False,False,False,False
TXN0003512,CUST00231,2026-05-01 01:00:00,Transfer,1597.54,Food,UPI,Success,0,0,False,False,False,False,False
TXN0003513,CUST00111,2025-11-06 23:00:00,Transfer,284.98,Travel,UPI,Success,1,0,False,False,False,False,False
TXN0003514,CUST00485,2025-05-31 05:00:00,Debit,261.82,Food,UPI,Success,0,1,False,False,False,False,False
TXN0003515,CUST00356,2025-08-31 16:00:00,Transfer,576.78,Utilities,UPI,Success,0,0,False,False,False,False,False
TXN0003516,CUST00026,2026-06-08 19:00:00,Debit,3899.68,Investment,Net Banking,Success,0,2,False,False,False,False,False
TXN0003517,CUST00932,2026-04-05 22:00:00,Transfer,515.66,Groceries,UPI,Success,0,0,False,False,False,False,False
TXN0003518,CUST00591,2026-07-25 14:00:00,Debit,1102.23,Healthcare,UPI,Failed,0,1,False,False,False,False,False
TXN0003519,CUST00218,2026-05-17 17:00:00,Debit,3560.35,Groceries,Net Banking,Success,0,1,False,False,False,False,False
TXN0003520,CUST00970,2026-02-19 22:00:00,Debit,320.41,Groceries,Credit Card,Success,0,0,False,False,False,False,False
TXN0003521,CUST00033,2026-08-08 01:00:00,Transfer,1908.75,Healthcare,Credit Card,Success,0,1,False,False,False,False,False
TXN0003522,CUST00816,2026-04-08 04:00:00,Debit,542.26,Shopping,UPI,Success,0,0,False,False,False,False,False
TXN0003523,CUST00920,2025-01-16 22:00:00,Transfer,515.75,Investment,UPI,Failed,0,0,False,False,False,False,False
TXN0003524,CUST00133,2025-06-04 11:00:00,Transfer,5269.2,Rent,UPI,Success,0,1,False,False,False,False,False
TXN0003525,CUST00285,2025-09-01 18:00:00,Debit,1286.58,Shopping,UPI,Success,0,0,False,False,False,False,False
TXN0003526,CUST00365,2025-05-25 02:00:00,Transfer,363.45,Food,UPI,Failed,0,0,False,False,False,False,False
TXN0003527,CUST00161,2025-09-07 23:00:00,Transfer,3005.56,Shopping,ATM,Success,1,1,False,False,False,False,False
TXN0003528,CUST00312,2025-09-10 09:00:00,Debit,913.27,Utilities,Net Banking,Success,0,0,False,False,False,False,False
TXN0003529,CUST00828,2025-01-28 00:00:00,Debit,438.27,Investment,Debit Card,Success,0,0,False,False,False,False,False
TXN0003530,CUST00329,2025-02-16 20:00:00,Credit,2990.48,Shopping,Debit Card,Success,0,0,False,False,False,False,False
TXN0003531,CUST01020,2025-04-26 10:00:00,Debit,1096.265,Shopping,UPI,Success,0,0,False,False,False,True,False
TXN0003532,CUST00506,2026-01-26 14:00:00,Transfer,7253.19,Healthcare,UPI,Success,0,0,False,False,False,False,False
TXN0003533,CUST00536,2025-06-21 09:00:00,Debit,6879.15,Investment,UPI,Success,0,0,False,False,False,False,False
TXN0003534,CUST00497,2025-09-24 15:00:00,Credit,594.71,Utilities,UPI,Success,0,0,False,False,False,False,False
TXN0003535,CUST00507,2025-12-25 19:00:00,Credit,138.1,Travel,Credit Card,Success,0,0,False,False,False,False,False
TXN0003536,CUST00376,2025-06-10 03:00:00,Debit,1823.95,Groceries,UPI,Success,0,0,False,False,False,False,False
TXN0003537,CUST01053,2025-01-02 09:00:00,Credit,-1.0,Travel,UPI,Success,0,0,True,False,False,False,False
TXN0003538,CUST00488,2026-04-16 02:00:00,Transfer,101.82,Salary,Debit Card,Success,0,0,False,False,False,False,False
TXN0003539,CUST01095,2025-09-26 09:00:00,Debit,1141.65,Shopping,ATM,Success,0,0,False,False,False,False,False
TXN0003540,CUST00467,2025-10-02 02:00:00,Debit,637.41,Salary,UPI,Success,0,0,False,False,False,False,False
TXN0003541,CUST01002,2025-11-30 18:00:00,Debit,697.39,Shopping,Net Banking,Success,0,0,False,False,False,False,False
TXN0003542,CUST00248,2026-03-27 23:00:00,Transfer,746.33,Food,UPI,Success,0,0,False,False,False,False,False
TXN0003543,CUST00902,2026-01-17 02:00:00,Debit,253.85,Groceries,Credit Card,Success,0,0,False,False,False,False,False
TXN0003544,CUST00148,2026-08-26 05:00:00,Transfer,995.54,Investment,UPI,Success,0,0,False,False,False,False,False
TXN0003545,CUST00601,2025-12-17 03:00:00,Debit,1223.41,Travel,Net Banking,Success,1,0,False,False,False,False,False
TXN0003546,CUST00538,2025-10-16 03:00:00,Debit,1677.8,Utilities,UPI,Success,0,0,False,False,False,False,False
TXN0003547,CUST00242,2026-02-13 17:00:00,Credit,702.08,Entertainment,Debit Card,Success,0,0,False,False,False,False,False
TXN0003548,CUST00371,2026-06-09 02:00:00,Debit,642.81,Salary,UPI,Success,0,0,False,False,False,False,False
TXN0003549,CUST00273,2026-09-18 19:00:00,Debit,1096.265,Utilities,UPI,Success,0,0,False,False,False,True,False
TXN0003550,CUST00116,2025-04-02 18:00:00,Debit,4614.4,Rent,Credit Card,Success,0,1,False,False,False,False,False
TXN0003551,CUST00017,2025-12-21 08:00:00,Debit,595.19,Investment,ATM,Success,0,1,False,False,False,False,False
TXN0003552,CUST00207,2025-08-22 02:00:00,Transfer,1715.22,Unknown,UPI,Success,0,0,False,False,False,False,False
TXN0003553,CUST01079,2026-09-19 05:00:00,Debit,1342.22,Salary,UPI,Success,0,0,False,False,False,False,False
TXN0003554,CUST00551,2026-05-17 20:00:00,Debit,430.27,Investment,Debit Card,Success,0,0,False,False,False,False,False
TXN0003555,CUST01084,2026-04-02 15:00:00,Debit,322.11,Groceries,UPI,Failed,0,0,False,False,False,False,False
TXN0003556,CUST00220,2025-05-17 02:00:00,Debit,2666.55,Salary,Debit Card,Success,0,0,False,False,False,False,False
TXN0003557,CUST00612,2026-06-26 22:00:00,Credit,3316.37,Rent,Net Banking,Success,0,1,False,False,False,False,False
TXN0003558,CUST00812,2026-04-13 18:00:00,Debit,249.47,Salary,Credit Card,Success,0,0,False,False,False,False,False
TXN0003559,CUST00864,2026-02-11 15:00:00,Credit,1983.5,Shopping,UPI,Success,0,1,False,False,False,False,False
TXN0003560,CUST00836,2025-08-02 07:00:00,Debit,2500.13,Entertainment,ATM,Success,0,0,False,False,False,False,False
TXN0003561,CUST00112,2025-05-02 18:00:00,Credit,1309.72,Shopping,Debit Card,Success,0,0,False,False,False,False,False
TXN0003562,CUST01121,2026-04-23 14:00:00,Debit,181.03,Food,Credit Card,Success,0,0,False,False,False,False,False
TXN0003563,CUST00288,2025-07-19 08:00:00,Debit,2479.38,Salary,UPI,Unknown,0,0,False,False,False,False,False
TXN0003564,CUST00113,2026-05-25 14:00:00,Debit,7339.67,Healthcare,UPI,Pending,1,0,False,False,False,False,False
TXN0003565,CUST00036,2026-08-11 01:00:00,Transfer,298.63,Salary,UPI,Success,0,0,False,False,False,False,False
TXN0003566,CUST00471,2025-01-28 09:00:00,Debit,4528.7,Healthcare,Credit Card,Success,0,0,False,False,False,False,False
TXN0003567,CUST00538,2026-01-11 16:00:00,Credit,252.93,Utilities,UPI,Success,0,0,False,False,False,False,False
TXN0003568,CUST00372,2026-05-15 03:00:00,Debit,287.72,Entertainment,UPI,Success,1,0,False,False,False,False,False
TXN0003569,CUST01006,2025-01-10 00:00:00,Debit,3247.73,Entertainment,UPI,Success,0,0,False,False,False,False,False
TXN0003570,CUST00266,2026-06-08 06:00:00,Debit,775.57,Investment,Debit Card,Success,0,0,False,False,False,False,False
TXN0003571,CUST00190,2025-06-22 03:00:00,Debit,1461.35,Rent,UPI,Success,0,0,False,False,False,False,False
TXN0003572,CUST00753,2026-06-29 13:00:00,Debit,1171.05,Shopping,Net Banking,Success,0,0,False,False,False,False,False
TXN0003573,CUST00670,2025-05-23 01:00:00,Debit,2555.46,Travel,Debit Card,Success,1,0,False,False,False,False,False
TXN0003574,CUST00691,2025-01-13 22:00:00,Debit,657.95,Shopping,UPI,Failed,0,0,False,False,False,False,False
TXN0003575,CUST00220,2025-07-20 10:00:00,Transfer,1727.43,Healthcare,UPI,Success,0,0,False,False,False,False,False
TXN0003576,CUST00196,2025-09-12 07:00:00,Credit,624.2,Food,UPI,Success,0,0,False,False,False,False,False
TXN0003577,CUST00787,2025-05-14 19:00:00,Debit,269.62,Entertainment,UPI,Success,0,1,False,False,False,False,False
TXN0003578,CUST00864,2026-04-10 01:00:00,Transfer,283.31,Investment,Debit Card,Success,0,1,False,False,False,False,False
TXN0003579,CUST00090,2025-07-25 14:00:00,Credit,879.06,Investment,Credit Card,Success,0,0,False,False,False,False,False
TXN0003580,CUST00548,2025-10-17 08:00:00,Credit,2716.64,Food,ATM,Success,0,0,False,False,False,False,False
TXN0003581,CUST00486,2026-08-25 09:00:00,Debit,179.51,Food,Debit Card,Pending,0,0,False,False,False,False,False
TXN0003582,CUST00698,2025-03-06 02:00:00,Debit,1732.86,Groceries,UPI,Success,0,1,False,False,False,False,False
TXN0003583,CUST00282,2026-05-16 02:00:00,Credit,1707.76,Entertainment,Credit Card,Success,0,0,False,False,False,False,False
TXN0003584,CUST00185,2025-11-04 22:00:00,Transfer,525.96,Food,UPI,Success,0,0,False,False,False,False,False
TXN0003585,CUST00451,2026-08-31 00:00:00,Credit,1096.265,Groceries,Debit Card,Success,0,0,False,False,False,True,False
TXN0003586,CUST00796,2025-05-09 03:00:00,Debit,3868.87,Travel,Debit Card,Success,0,1,False,False,False,False,False
TXN0003587,CUST00273,2026-04-18 20:00:00,Debit,119.33,Shopping,Credit Card,Pending,0,0,False,False,False,False,False
TXN0003588,CUST00846,2025-04-08 20:00:00,Debit,471.79,Utilities,ATM,Failed,0,0,False,False,False,False,False
TXN0003589,CUST01200,2026-06-06 14:00:00,Debit,-1.0,Entertainment,Credit Card,Success,0,1,True,False,False,False,False
TXN0003590,CUST00788,2026-09-13 05:00:00,Transfer,2432.43,Food,UPI,Success,0,0,False,False,False,False,False
TXN0003591,CUST00945,2025-07-24 01:00:00,Transfer,522.73,Entertainment,Net Banking,Success,0,0,False,False,False,False,False
TXN0003592,CUST00363,2025-05-29 04:00:00,Credit,1119.85,Salary,UPI,Success,0,1,False,False,False,False,False
TXN0003593,CUST00440,2025-05-28 19:00:00,Debit,1870.75,Travel,UPI,Success,0,0,False,False,False,False,False
TXN0003594,CUST00895,2026-03-23 23:00:00,Debit,926.81,Rent,Credit Card,Success,0,0,False,False,False,False,False
TXN0003595,CUST00863,2026-03-28 17:00:00,Debit,311.97,Utilities,UPI,Success,0,0,False,False,False,False,False
TXN0003596,CUST01079,2025-10-26 23:00:00,Transfer,257.98,Rent,UPI,Success,0,0,False,False,False,False,False
TXN0003597,CUST00812,2025-01-23 23:00:00,Debit,262.4,Groceries,Net Banking,Success,0,0,False,False,False,False,False
TXN0003598,CUST00502,2025-10-15 02:00:00,Debit,1048.55,Food,UPI,Success,0,0,False,False,False,False,False
TXN0003599,CUST01073,2025-03-10 23:00:00,Debit,1331.04,Travel,Credit Card,Success,0,0,False,False,False,False,False
TXN0003600,CUST00555,2025-03-16 03:00:00,Debit,265.45,Travel,Net Banking,Success,0,1,False,False,False,False,False
TXN0003601,CUST00417,2026-03-24 00:00:00,Transfer,2276.68,Healthcare,ATM,Success,0,0,False,False,False,False,False
TXN0003602,CUST00575,2026-01-18 06:00:00,Transfer,523.63,Investment,ATM,Success,0,0,False,False,False,False,False
TXN0003603,CUST00132,2025-02-24 18:00:00,Debit,86.84,Travel,Credit Card,Success,0,0,False,False,False,False,False
TXN0003604,CUST00900,2025-11-26 02:00:00,Debit,9490.55,Investment,Debit Card,Success,0,0,False,False,False,False,False
TXN0003605,CUST00770,2025-09-03 06:00:00,Transfer,916.94,Investment,UPI,Success,0,0,False,False,False,False,False
TXN0003606,CUST00226,2025-02-03 23:00:00,Debit,760.69,Investment,UPI,Success,0,1,False,False,False,False,False
TXN0003607,CUST00732,2026-02-15 17:00:00,Transfer,1096.265,Utilities,Debit Card,Success,0,0,False,False,False,True,False
TXN0003608,CUST01078,2026-02-10 14:00:00,Transfer,6225.03,Travel,Net Banking,Success,0,0,False,False,False,False,False
TXN0003609,CUST00773,2026-03-09 13:00:00,Credit,1768.42,Investment,Net Banking,Success,0,0,False,False,False,False,False
TXN0003610,CUST00161,2025-05-16 19:00:00,Credit,2501.8,Salary,Net Banking,Success,0,0,False,False,False,False,False
TXN0003611,CUST00247,2025-09-04 12:00:00,Credit,1694.69,Food,Debit Card,Success,0,0,False,False,False,False,False
TXN0003612,CUST00882,2026-06-10 02:00:00,Debit,1837.15,Investment,Credit Card,Pending,0,0,False,False,False,False,False
TXN0003613,CUST01122,2025-05-07 09:00:00,Transfer,531.26,Groceries,Credit Card,Failed,0,1,False,False,False,False,False
TXN0003614,,2025-10-31 20:00:00,Debit,11379.09,Salary,UPI,Success,0,0,False,False,True,False,False
TXN0003615,CUST00399,2025-02-25 12:00:00,Debit,460.32,Entertainment,ATM,Success,0,1,False,False,False,False,False
TXN0003616,CUST00398,2026-05-29 12:00:00,Debit,151.85,Food,Net Banking,Success,0,0,False,False,False,False,False
TXN0003617,CUST00656,2025-03-09 18:00:00,Transfer,4685.43,Food,Net Banking,Success,0,0,False,False,False,False,False
TXN0003618,CUST01133,2025-06-10 12:00:00,Credit,2239.06,Investment,ATM,Pending,0,0,False,False,False,False,False
TXN0003619,CUST00479,2026-05-13 07:00:00,Credit,304.62,Healthcare,Credit Card,Success,0,0,False,False,False,False,False
TXN0003620,CUST00968,2026-03-15 00:00:00,Credit,883.17,Travel,UPI,Success,0,0,False,False,False,False,False
TXN0003621,CUST00133,2025-03-09 20:00:00,Debit,589.94,Entertainment,UPI,Success,0,0,False,False,False,False,False
TXN0003622,CUST01121,2025-11-24 16:00:00,Debit,214.17,Shopping,Debit Card,Success,0,0,False,False,False,False,False
TXN0003623,CUST00305,2026-08-05 11:00:00,Debit,978.83,Entertainment,Debit Card,Success,1,0,False,False,False,False,False
TXN0003624,CUST01097,2025-10-03 23:00:00,Debit,1060.16,Shopping,UPI,Success,0,0,False,False,False,False,False
TXN0003625,CUST00320,2025-08-26 03:00:00,Transfer,439.79,Travel,UPI,Success,0,0,False,False,False,False,False
TXN0003626,CUST00410,2026-03-30 19:00:00,Credit,2777.81,Rent,Debit Card,Success,0,0,False,False,False,False,False
TXN0003627,CUST00600,2026-04-27 18:00:00,Credit,835.37,Entertainment,Debit Card,Success,0,0,False,False,False,False,False
TXN0003628,CUST00511,2026-09-12 07:00:00,Transfer,5652.9,Salary,Debit Card,Success,0,1,False,False,False,False,False
TXN0003629,CUST00879,2025-01-08 17:00:00,Transfer,13501.23,Shopping,ATM,Failed,0,1,False,False,False,False,True
TXN0003630,CUST00021,2025-02-24 05:00:00,Debit,246.61,Rent,Debit Card,Success,0,0,False,False,False,False,False
TXN0003631,CUST00651,2025-04-23 11:00:00,Transfer,9645.38,Healthcare,Credit Card,Success,0,0,False,False,False,False,False
TXN0003632,CUST00236,2026-07-13 15:00:00,Debit,1507.7,Rent,Debit Card,Success,0,0,False,False,False,False,False
TXN0003633,CUST01200,2025-10-03 13:00:00,Debit,18074.27,Shopping,UPI,Failed,0,0,False,False,False,False,True
TXN0003634,CUST00771,2025-08-08 05:00:00,Transfer,169.37,Groceries,Credit Card,Success,0,0,False,False,False,False,False
TXN0003635,CUST00062,2026-09-16 08:00:00,Debit,1131.92,Entertainment,UPI,Success,0,0,False,False,False,False,False
TXN0003636,CUST01117,2025-03-11 20:00:00,Debit,3770.75,Unknown,UPI,Success,0,0,False,False,False,False,False
TXN0003637,CUST00402,2026-06-08 04:00:00,Credit,1456.47,Entertainment,Net Banking,Success,0,0,False,False,False,False,False
TXN0003638,CUST00837,2025-12-02 21:00:00,Credit,555.35,Salary,UPI,Success,0,0,False,False,False,False,False
TXN0003639,CUST01028,2025-01-09 03:00:00,Transfer,132.1,Travel,UPI,Success,1,0,False,False,False,False,False
TXN0003640,CUST00769,2026-07-28 03:00:00,Credit,3206.82,Utilities,Debit Card,Success,0,0,False,False,False,False,False
TXN0003641,CUST00834,2025-09-06 16:00:00,Debit,1104.04,Salary,Credit Card,Success,0,0,False,False,False,False,False
TXN0003642,CUST00682,2026-02-14 23:00:00,Debit,846.09,Groceries,ATM,Success,0,0,False,False,False,False,False
TXN0003643,CUST00265,2026-09-24 20:00:00,Transfer,1847.27,Shopping,UPI,Pending,0,0,False,False,False,False,False
TXN0003644,CUST00034,2026-08-18 18:00:00,Debit,595.67,Shopping,UPI,Success,0,1,False,False,False,False,False
TXN0003645,CUST00958,2025-05-06 22:00:00,Credit,4510.09,Groceries,Credit Card,Success,0,0,False,False,False,False,False
TXN0003646,CUST00375,2025-12-05 23:00:00,Debit,971.5,Groceries,UPI,Success,0,0,False,False,False,False,False
TXN0003647,CUST00695,2025-06-24 21:00:00,Credit,2707.67,Groceries,Unknown,Success,0,0,False,False,False,False,False
TXN0003648,CUST00217,2025-08-17 16:00:00,Credit,2572.36,Shopping,Debit Card,Success,0,0,False,False,False,False,False
TXN0003649,CUST00500,2026-06-16 22:00:00,Transfer,499.6,Utilities,Net Banking,Success,0,0,False,False,False,False,False
TXN0003650,CUST00397,2025-02-28 00:00:00,Debit,401.18,Food,UPI,Success,0,1,False,False,False,False,False
TXN0003651,CUST01086,2026-09-20 16:00:00,Credit,4072.4,Food,UPI,Success,0,0,False,False,False,False,False
TXN0003652,CUST00641,2025-08-12 07:00:00,Debit,266.53,Food,UPI,Success,0,1,False,False,False,False,False
TXN0003653,CUST00142,2025-08-10 05:00:00,Transfer,549.23,Utilities,Debit Card,Success,0,0,False,False,False,False,False
TXN0003654,CUST00789,2025-09-14 03:00:00,Transfer,4852.74,Travel,Net Banking,Pending,0,1,False,False,False,False,False
TXN0003655,CUST00411,2025-12-30 15:00:00,Credit,264.05,Shopping,Net Banking,Success,0,0,False,False,False,False,False
TXN0003656,CUST00663,2026-06-21 07:00:00,Debit,626.0,Investment,UPI,Success,0,0,False,False,False,False,False
TXN0003657,CUST01124,2026-08-20 19:00:00,Credit,633.29,Salary,UPI,Pending,0,0,False,False,False,False,False
TXN0003658,CUST00271,2025-03-24 04:00:00,Transfer,3825.18,Entertainment,UPI,Unknown,0,0,False,False,False,False,False
TXN0003659,CUST00973,2026-02-23 15:00:00,Debit,2260.33,Healthcare,UPI,Success,0,0,False,False,False,False,False
TXN0003660,CUST00433,2025-06-02 01:00:00,Transfer,2325.56,Rent,Debit Card,Success,0,1,False,False,False,False,False
TXN0003661,CUST00789,2026-07-31 07:00:00,Transfer,1475.42,Investment,Unknown,Success,0,0,False,False,False,False,False
TXN0003662,CUST00634,2026-09-25 12:00:00,Transfer,1286.15,Groceries,Net Banking,Success,0,0,False,False,False,False,False
TXN0003663,CUST00488,2026-02-09 18:00:00,Debit,1407.69,Shopping,UPI,Success,0,0,False,False,False,False,False
TXN0003664,CUST00581,2026-05-29 06:00:00,Debit,1753.38,Shopping,Net Banking,Success,0,0,False,False,False,False,False
TXN0003665,CUST00126,2025-09-15 14:00:00,Debit,174.7,Shopping,UPI,Success,0,0,False,False,False,False,False
TXN0003666,CUST00674,2026-06-09 13:00:00,Debit,895.8,Travel,UPI,Success,0,0,False,False,False,False,False
TXN0003667,CUST00457,2025-07-29 23:00:00,Transfer,853.29,Entertainment,UPI,Success,0,0,False,False,False,False,False
TXN0003668,CUST00880,2026-01-15 14:00:00,Debit,266.0,Entertainment,UPI,Pending,0,1,False,False,False,False,False
TXN0003669,CUST01075,2025-01-15 12:00:00,Transfer,1095.82,Investment,Debit Card,Success,0,0,False,False,False,False,False
TXN0003670,CUST01139,2026-07-20 12:00:00,Debit,967.23,Salary,Net Banking,Success,0,0,False,False,False,False,False
TXN0003671,CUST00582,2025-07-05 19:00:00,Credit,887.18,Investment,UPI,Failed,0,0,False,False,False,False,False
TXN0003672,CUST00849,2026-06-26 08:00:00,Transfer,1005.77,Salary,Debit Card,Success,0,2,False,False,False,False,False
TXN0003673,CUST00286,2025-01-22 13:00:00,Debit,3187.39,Food,Net Banking,Success,0,0,False,False,False,False,False
TXN0003674,CUST00448,2025-10-20 03:00:00,Debit,331.16,Entertainment,UPI,Success,0,0,False,False,False,False,False
TXN0003675,CUST00252,2025-07-12 18:00:00,Transfer,181.09,Salary,UPI,Success,0,0,False,False,False,False,False
TXN0003676,CUST00653,2026-05-04 00:00:00,Debit,268.62,Utilities,Credit Card,Success,0,0,False,False,False,False,False
TXN0003677,CUST01017,2025-09-02 03:00:00,Debit,1482.25,Entertainment,ATM,Success,0,0,False,False,False,False,False
TXN0003678,CUST00943,2025-09-20 08:00:00,Debit,1413.32,Salary,UPI,Success,0,0,False,False,False,False,False
TXN0003679,CUST01011,2025-06-22 21:00:00,Transfer,433.99,Shopping,UPI,Success,0,0,False,False,False,False,False
TXN0003680,CUST00672,2026-04-30 15:00:00,Transfer,462.42,Shopping,Net Banking,Success,0,1,False,False,False,False,False
TXN0003681,CUST00802,2025-03-07 01:00:00,Debit,798.75,Entertainment,Debit Card,Success,0,0,False,False,False,False,False
TXN0003682,CUST00457,2026-06-01 03:00:00,Debit,4005.73,Groceries,UPI,Success,0,1,False,False,False,False,False
TXN0003683,CUST00442,2025-11-15 08:00:00,Debit,403.13,Rent,UPI,Pending,0,0,False,False,False,False,False
TXN0003684,CUST00034,2026-08-21 13:00:00,Debit,1042.88,Travel,UPI,Success,0,0,False,False,False,False,False
TXN0003685,CUST00880,2025-05-08 16:00:00,Debit,2041.65,Salary,UPI,Success,0,0,False,False,False,False,False
TXN0003686,CUST00502,2026-02-13 21:00:00,Credit,366.79,Utilities,Debit Card,Success,0,1,False,False,False,False,False
TXN0003687,CUST00402,2026-07-14 01:00:00,Debit,8582.6,Unknown,UPI,Success,0,0,False,False,False,False,False
TXN0003688,CUST00501,2026-09-21 16:00:00,Debit,380.91,Salary,Credit Card,Success,0,0,False,False,False,False,False
TXN0003689,CUST00517,2026-02-26 12:00:00,Transfer,1867.26,Travel,Credit Card,Unknown,0,1,False,False,False,False,False
TXN0003690,CUST01107,2025-12-24 17:00:00,Debit,1273.41,Entertainment,Net Banking,Success,0,0,False,False,False,False,False
TXN0003691,CUST00873,2026-06-10 18:00:00,Debit,1278.54,Rent,UPI,Success,0,0,False,False,False,False,False
TXN0003692,CUST00835,2025-03-02 21:00:00,Debit,588.3,Shopping,Debit Card,Success,0,0,False,False,False,False,False
TXN0003693,CUST00147,2025-03-09 13:00:00,Transfer,762.57,Entertainment,UPI,Failed,0,0,False,False,False,False,False
TXN0003694,CUST00826,2025-05-02 01:00:00,Debit,1203.6,Shopping,UPI,Success,0,0,False,False,False,False,False
TXN0003695,CUST00112,2026-03-11 06:00:00,Debit,4328.44,Travel,UPI,Success,0,0,False,False,False,False,False
TXN0003696,CUST01113,2025-01-29 17:00:00,Credit,2401.62,Groceries,Debit Card,Success,1,1,False,False,False,False,False
TXN0003697,CUST00447,2026-04-05 19:00:00,Credit,566.67,Shopping,Net Banking,Success,0,0,False,False,False,False,False
TXN0003698,CUST01180,2026-09-12 03:00:00,Transfer,4708.83,Travel,Unknown,Failed,0,0,False,False,False,False,False
TXN0003699,CUST00988,2025-10-08 15:00:00,Transfer,324.37,Food,Net Banking,Success,0,0,False,False,False,False,False
TXN0003700,CUST01042,2026-02-20 19:00:00,Transfer,4946.49,Salary,Credit Card,Success,0,0,False,False,False,False,False
TXN0003701,CUST01172,2025-10-15 05:00:00,Debit,780.23,Shopping,Credit Card,Pending,0,1,False,False,False,False,False
TXN0003702,CUST00241,2026-08-02 20:00:00,Debit,1318.6,Travel,Credit Card,Success,0,0,False,False,False,False,False
TXN0003703,CUST00827,2026-04-19 03:00:00,Debit,8148.02,Shopping,UPI,Success,0,0,False,False,False,False,False
TXN0003704,CUST00067,2025-04-28 11:00:00,Credit,581.5,Utilities,Credit Card,Success,0,0,False,False,False,False,False
TXN0003705,CUST00594,2025-09-17 11:00:00,Debit,7509.7,Travel,Net Banking,Success,0,1,False,False,False,False,False
TXN0003706,CUST00202,2025-05-31 15:00:00,Transfer,1002.35,Travel,Debit Card,Success,0,0,False,False,False,False,False
TXN0003707,CUST00932,2026-03-10 16:00:00,Transfer,1472.38,Healthcare,Credit Card,Success,0,0,False,False,False,False,False
TXN0003708,CUST00091,2025-06-10 17:00:00,Debit,810.96,Healthcare,Debit Card,Success,0,0,False,False,False,False,False
TXN0003709,CUST00839,2026-04-22 11:00:00,Transfer,174.34,Entertainment,UPI,Success,0,0,False,False,False,False,False
TXN0003710,CUST01080,2026-08-08 23:00:00,Transfer,18772.5,Groceries,ATM,Success,0,0,False,False,False,False,True
TXN0003711,CUST00085,2025-11-26 18:00:00,Debit,6992.59,Groceries,ATM,Success,0,2,False,False,False,False,False
TXN0003712,CUST00634,2025-01-20 12:00:00,Transfer,563.59,Utilities,UPI,Unknown,1,0,False,False,False,False,False
TXN0003713,CUST00654,2026-02-25 09:00:00,Debit,2155.43,Utilities,Credit Card,Success,0,1,False,False,False,False,False
TXN0003714,CUST01139,2026-03-23 21:00:00,Transfer,1701.97,Groceries,UPI,Success,0,1,False,False,False,False,False
TXN0003715,CUST01078,2026-09-10 02:00:00,Debit,669.86,Shopping,Net Banking,Success,1,1,False,False,False,False,False
TXN0003716,CUST00787,2026-03-13 17:00:00,Debit,2226.4,Investment,UPI,Success,0,1,False,False,False,False,False
TXN0003717,CUST00093,2026-04-30 07:00:00,Transfer,3133.05,Salary,ATM,Success,0,0,False,False,False,False,False
TXN0003718,CUST00439,2025-02-14 02:00:00,Transfer,2101.75,Utilities,UPI,Success,0,0,False,False,False,False,False
TXN0003719,CUST00864,2025-12-26 01:00:00,Debit,334.36,Utilities,Debit Card,Success,0,0,False,False,False,False,False
TXN0003720,CUST00418,2026-09-29 19:00:00,Debit,922.29,Food,Debit Card,Success,1,0,False,False,False,False,False
TXN0003721,CUST01018,2025-05-13 17:00:00,Debit,1634.87,Shopping,Credit Card,Success,0,0,False,False,False,False,False
TXN0003722,CUST00108,2026-09-01 06:00:00,Debit,785.74,Entertainment,UPI,Success,0,0,False,False,False,False,False
TXN0003723,CUST00333,2026-07-27 07:00:00,Debit,3026.73,Shopping,Credit Card,Success,0,0,False,False,False,False,False
TXN0003724,CUST00296,2026-09-20 09:00:00,Debit,6212.43,Shopping,UPI,Success,0,0,False,False,False,False,False
TXN0003725,CUST01200,2025-04-26 15:00:00,Debit,2383.96,Utilities,UPI,Success,0,0,False,False,False,False,False
TXN0003726,CUST00412,2025-05-22 12:00:00,Credit,1780.67,Food,UPI,Success,0,1,False,False,False,False,False
TXN0003727,CUST00426,2026-05-20 07:00:00,Debit,245.06,Investment,UPI,Success,0,1,False,False,False,False,False
TXN0003728,CUST00630,2026-03-11 00:00:00,Debit,281.85,Rent,ATM,Success,0,0,False,False,False,False,False
TXN0003729,CUST00413,2025-08-25 18:00:00,Transfer,257.34,Salary,UPI,Success,0,0,False,False,False,False,False
TXN0003730,CUST00864,2026-05-10 16:00:00,Transfer,276.05,Shopping,UPI,Success,0,0,False,False,False,False,False
TXN0003731,CUST00486,2026-08-09 09:00:00,Transfer,1137.5,Utilities,UPI,Success,0,0,False,False,False,False,False
TXN0003732,CUST00635,2025-02-18 03:00:00,Transfer,4000.31,Investment,UPI,Success,0,0,False,False,False,False,False
TXN0003733,CUST01186,2025-05-23 10:00:00,Debit,3861.68,Food,Credit Card,Success,1,0,False,False,False,False,False
TXN0003734,CUST00400,2025-02-23 16:00:00,Debit,80.16,Groceries,UPI,Success,0,0,False,False,False,False,False
TXN0003735,CUST00979,2025-05-03 13:00:00,Debit,1208.64,Rent,UPI,Success,0,0,False,False,False,False,False
TXN0003736,CUST00211,2025-04-09 18:00:00,Credit,3460.53,Investment,Debit Card,Success,0,0,False,False,False,False,False
TXN0003737,CUST00051,2025-07-26 07:00:00,Debit,5075.45,Utilities,ATM,Success,0,0,False,False,False,False,False
TXN0003738,CUST00863,2025-11-09 18:00:00,Debit,838.28,Travel,UPI,Success,0,0,False,False,False,False,False
TXN0003739,CUST01160,2025-11-07 00:00:00,Debit,366.59,Groceries,UPI,Pending,0,0,False,False,False,False,False
TXN0003740,CUST00899,2026-03-16 17:00:00,Debit,7367.54,Investment,ATM,Success,0,2,False,False,False,False,False
TXN0003741,CUST00144,2026-04-17 09:00:00,Transfer,249.05,Rent,Net Banking,Failed,0,0,False,False,False,False,False
TXN0003742,CUST00105,2025-05-21 17:00:00,Debit,862.7,Investment,UPI,Failed,0,0,False,False,False,False,False
TXN0003743,CUST00308,2026-02-25 10:00:00,Transfer,1606.22,Salary,Net Banking,Success,0,0,False,False,False,False,False
TXN0003744,CUST01167,2025-06-22 03:00:00,Transfer,1544.34,Salary,Credit Card,Pending,0,1,False,False,False,False,False
TXN0003745,CUST00110,2026-02-01 00:00:00,Transfer,2613.82,Food,Debit Card,Failed,0,1,False,False,False,False,False
TXN0003746,CUST00212,2025-12-11 17:00:00,Transfer,763.95,Groceries,UPI,Success,0,1,False,False,False,False,False
TXN0003747,CUST00315,2026-08-22 16:00:00,Debit,419.36,Utilities,UPI,Failed,0,1,False,False,False,False,False
TXN0003748,CUST00268,2026-01-14 12:00:00,Debit,5426.65,Rent,UPI,Success,0,0,False,False,False,False,False
TXN0003749,CUST00739,2025-02-14 07:00:00,Debit,359.69,Shopping,Credit Card,Success,0,0,False,False,False,False,False
TXN0003750,CUST00460,2026-06-14 04:00:00,Transfer,700.39,Travel,Debit Card,Success,0,0,False,False,False,False,False
TXN0003751,CUST00679,2025-04-24 18:00:00,Transfer,394.93,Investment,UPI,Success,0,0,False,False,False,False,False
TXN0003752,CUST01075,2025-11-27 11:00:00,Debit,1169.6,Investment,Credit Card,Success,0,0,False,False,False,False,False
TXN0003753,CUST00100,2026-09-06 03:00:00,Debit,2601.39,Food,Debit Card,Success,0,0,False,False,False,False,False
TXN0003754,CUST00424,2025-07-19 07:00:00,Debit,872.42,Travel,UPI,Success,0,1,False,False,False,False,False
TXN0003755,CUST00224,2026-08-01 19:00:00,Debit,1162.68,Healthcare,UPI,Success,0,0,False,False,False,False,False
TXN0003756,CUST00201,2026-01-05 03:00:00,Transfer,2348.45,Salary,Credit Card,Failed,0,0,False,False,False,False,False
TXN0003757,CUST00127,2025-06-30 22:00:00,Debit,2292.48,Investment,UPI,Failed,0,0,False,False,False,False,False
TXN0003758,CUST01137,2025-03-17 03:00:00,Debit,3162.89,Shopping,UPI,Success,0,0,False,False,False,False,False
TXN0003759,CUST00443,2026-07-03 08:00:00,Debit,703.57,Food,UPI,Success,0,0,False,False,False,False,False
TXN0003760,CUST00320,2025-06-26 13:00:00,Credit,557.85,Salary,Net Banking,Success,0,0,False,False,False,False,False
TXN0003761,CUST00383,2025-10-15 16:00:00,Transfer,74.69,Travel,UPI,Failed,0,1,False,False,False,False,False
TXN0003762,CUST00433,2026-05-18 15:00:00,Debit,1030.38,Entertainment,UPI,Success,0,0,False,False,False,False,False
TXN0003763,CUST00254,2026-09-25 21:00:00,Credit,1126.29,Groceries,Debit Card,Success,0,0,False,False,False,False,False
TXN0003764,CUST00114,2025-09-04 04:00:00,Transfer,1057.73,Entertainment,UPI,Success,0,0,False,False,False,False,False
TXN0003765,CUST00705,2026-02-14 14:00:00,Credit,681.41,Salary,UPI,Success,0,0,False,False,False,False,False
TXN0003766,CUST01067,2025-03-03 06:00:00,Debit,523.91,Rent,Credit Card,Success,0,0,False,False,False,False,False
TXN0003767,CUST00895,2025-07-20 09:00:00,Credit,5007.18,Utilities,Net Banking,Success,0,1,False,False,False,False,False
TXN0003768,CUST00024,2026-02-08 20:00:00,Debit,1791.76,Entertainment,Net Banking,Failed,0,0,False,False,False,False,False
TXN0003769,CUST00761,2026-06-28 01:00:00,Transfer,2194.94,Rent,UPI,Success,0,0,False,False,False,False,False
TXN0003770,CUST00800,2026-06-19 11:00:00,Debit,2744.26,Healthcare,Debit Card,Success,0,0,False,False,False,False,False
TXN0003771,CUST00585,2026-09-06 22:00:00,Debit,411.49,Rent,UPI,Success,0,1,False,False,False,False,False
TXN0003772,CUST00924,2025-07-03 17:00:00,Credit,2216.29,Entertainment,UPI,Success,0,0,False,False,False,False,False
TXN0003773,CUST00924,2025-01-30 00:00:00,Transfer,306.24,Shopping,UPI,Success,1,1,False,False,False,False,False
TXN0003774,CUST00632,2026-05-05 08:00:00,Debit,1256.46,Utilities,UPI,Success,0,1,False,False,False,False,False
TXN0003775,CUST00818,2025-04-20 06:00:00,Credit,3119.78,Food,Net Banking,Success,0,0,False,False,False,False,False
TXN0003776,CUST00689,2026-03-23 10:00:00,Credit,1595.58,Healthcare,Debit Card,Success,0,0,False,False,False,False,False
TXN0003777,CUST00591,2026-03-05 18:00:00,Debit,1488.36,Utilities,Unknown,Success,0,1,False,False,False,False,False
TXN0003778,CUST00182,2025-10-13 11:00:00,Debit,475.17,Utilities,ATM,Success,0,0,False,False,False,False,False
TXN0003779,CUST00615,2025-03-16 20:00:00,Transfer,2409.49,Shopping,ATM,Success,0,0,False,False,False,False,False
TXN0003780,CUST00976,2026-03-20 00:00:00,Debit,1569.47,Groceries,Debit Card,Failed,0,0,False,False,False,False,False
TXN0003781,CUST01142,2025-08-04 02:00:00,Transfer,400.52,Rent,Debit Card,Success,0,0,False,False,False,False,False
TXN0003782,CUST00366,2025-08-16 08:00:00,Debit,237.57,Groceries,UPI,Success,0,0,False,False,False,False,False
TXN0003783,CUST00007,2025-05-26 12:00:00,Transfer,2030.18,Groceries,Net Banking,Success,0,0,False,False,False,False,False
TXN0003784,,2025-10-26 10:00:00,Transfer,957.0,Utilities,Net Banking,Failed,1,1,False,False,True,False,False
TXN0003785,CUST00455,2025-05-27 17:00:00,Debit,508.65,Entertainment,Net Banking,Success,0,0,False,False,False,False,False
TXN0003786,CUST00028,2025-12-07 18:00:00,Transfer,4748.43,Groceries,Debit Card,Failed,1,0,False,False,False,False,False
TXN0003787,CUST00318,2026-08-12 10:00:00,Debit,772.31,Healthcare,Net Banking,Failed,1,2,False,False,False,False,False
TXN0003788,CUST00943,2026-03-27 17:00:00,Credit,483.0,Travel,ATM,Failed,0,0,False,False,False,False,False
TXN0003789,CUST00055,2025-08-27 07:00:00,Transfer,2134.1,Rent,Credit Card,Success,0,0,False,False,False,False,False
TXN0003790,CUST00195,2025-03-25 19:00:00,Debit,610.76,Food,UPI,Failed,0,0,False,False,False,False,False
TXN0003791,CUST01080,2025-04-07 06:00:00,Credit,889.15,Entertainment,Debit Card,Success,0,0,False,False,False,False,False
TXN0003792,CUST00901,2026-06-26 15:00:00,Credit,616.99,Rent,ATM,Success,0,0,False,False,False,False,False
TXN0003793,CUST00052,2025-10-05 10:00:00,Debit,1282.4,Travel,UPI,Success,0,0,False,False,False,False,False
TXN0003794,CUST00194,2025-06-02 11:00:00,Credit,1543.02,Healthcare,UPI,Success,0,0,False,False,False,False,False
TXN0003795,CUST00777,2025-01-24 00:00:00,Transfer,687.44,Shopping,Net Banking,Success,0,0,False,False,False,False,False
TXN0003796,CUST00975,2026-05-29 10:00:00,Transfer,2268.82,Travel,UPI,Success,0,1,False,False,False,False,False
TXN0003797,CUST00728,2025-07-18 05:00:00,Transfer,414.85,Shopping,UPI,Failed,0,0,False,False,False,False,False
TXN0003798,CUST00412,2025-10-19 23:00:00,Debit,2484.0,Food,Debit Card,Success,0,1,False,False,False,False,False
TXN0003799,CUST00073,2025-04-29 01:00:00,Debit,3091.78,Food,UPI,Success,0,0,False,False,False,False,False
TXN0003800,CUST00707,2025-05-30 09:00:00,Transfer,976.08,Entertainment,Net Banking,Success,0,0,False,False,False,False,False
TXN0003801,CUST01101,2026-02-02 17:00:00,Credit,821.71,Salary,Debit Card,Success,0,0,False,False,False,False,False
TXN0003802,CUST00677,2025-04-08 11:00:00,Credit,4714.16,Utilities,Debit Card,Success,0,0,False,False,False,False,False
TXN0003803,CUST00306,2025-06-22 01:00:00,Credit,950.26,Entertainment,UPI,Success,0,0,False,False,False,False,False
TXN0003804,CUST00710,2026-07-31 00:00:00,Transfer,3593.99,Investment,ATM,Success,0,0,False,False,False,False,False
TXN0003805,CUST00722,2026-05-04 03:00:00,Debit,949.73,Investment,UPI,Failed,0,0,False,False,False,False,False
TXN0003806,CUST00435,2026-03-08 07:00:00,Debit,2598.33,Investment,UPI,Success,0,0,False,False,False,False,False
TXN0003807,CUST00946,2025-03-06 05:00:00,Credit,855.91,Investment,UPI,Success,0,0,False,False,False,False,False
TXN0003808,CUST00685,2025-10-03 07:00:00,Credit,2265.22,Travel,Net Banking,Success,0,0,False,False,False,False,False
TXN0003809,CUST01092,2025-07-27 15:00:00,Debit,154.74,Entertainment,Credit Card,Failed,0,0,False,False,False,False,False
TXN0003810,CUST00187,2026-05-15 01:00:00,Debit,1420.34,Entertainment,Net Banking,Pending,1,0,False,False,False,False,False
TXN0003811,CUST00690,2025-01-13 19:00:00,Debit,1003.42,Entertainment,Net Banking,Success,0,0,False,False,False,False,False
TXN0003812,CUST00048,2025-07-28 22:00:00,Debit,732.86,Shopping,UPI,Success,0,0,False,False,False,False,False
TXN0003813,CUST00910,2025-12-21 20:00:00,Credit,835.51,Travel,ATM,Success,0,0,False,False,False,False,False
TXN0003814,CUST00708,2025-04-16 01:00:00,Debit,1207.02,Groceries,UPI,Success,0,0,False,False,False,False,False
TXN0003815,CUST00339,2026-06-27 21:00:00,Debit,647.5,Investment,Debit Card,Success,0,0,False,False,False,False,False
TXN0003816,CUST00604,2025-02-28 20:00:00,Debit,210.22,Investment,UPI,Success,0,0,False,False,False,False,False
TXN0003817,CUST00831,2025-04-10 13:00:00,Credit,1643.22,Investment,UPI,Pending,0,0,False,False,False,False,False
TXN0003818,CUST00758,2025-09-30 22:00:00,Debit,874.56,Salary,UPI,Success,0,0,False,False,False,False,False
TXN0003819,CUST00779,2026-09-11 08:00:00,Credit,802.55,Groceries,UPI,Failed,0,0,False,False,False,False,False
TXN0003820,CUST01199,2026-03-13 00:00:00,Debit,118.47,Shopping,UPI,Failed,0,0,False,False,False,False,False
TXN0003821,CUST00356,2026-07-27 15:00:00,Debit,355.95,Investment,ATM,Success,0,0,False,False,False,False,False
TXN0003822,CUST00673,2026-06-10 19:00:00,Debit,888.29,Rent,UPI,Failed,0,0,False,False,False,False,False
TXN0003823,CUST00130,2025-09-08 12:00:00,Debit,808.51,Shopping,Debit Card,Success,0,1,False,False,False,False,False
TXN0003824,CUST00931,2026-09-07 02:00:00,Credit,1438.18,Shopping,UPI,Success,0,0,False,False,False,False,False
TXN0003825,CUST00306,2025-10-30 07:00:00,Credit,410.66,Shopping,Debit Card,Failed,0,0,False,False,False,False,False
TXN0003826,CUST00317,2026-06-04 00:00:00,Credit,2760.78,Utilities,ATM,Success,0,0,False,False,False,False,False
TXN0003827,,2025-07-09 02:00:00,Debit,127.66,Entertainment,Net Banking,Success,0,0,False,False,True,False,False
TXN0003828,CUST00246,2025-04-19 12:00:00,Debit,1133.82,Travel,Credit Card,Pending,0,1,False,False,False,False,False
TXN0003829,CUST01008,2026-05-03 18:00:00,Transfer,1402.35,Healthcare,Debit Card,Success,0,0,False,False,False,False,False
TXN0003830,CUST00095,2026-07-27 12:00:00,Debit,3364.39,Shopping,UPI,Success,0,1,False,False,False,False,False
TXN0003831,CUST00308,2026-08-11 19:00:00,Debit,1790.95,Rent,UPI,Success,0,0,False,False,False,False,False
TXN0003832,CUST00520,2026-05-01 02:00:00,Debit,5155.19,Investment,UPI,Success,0,1,False,False,False,False,False
TXN0003833,CUST00760,2025-01-06 06:00:00,Transfer,745.95,Travel,Net Banking,Success,1,0,False,False,False,False,False
TXN0003834,CUST01058,2025-09-26 07:00:00,Debit,387.74,Utilities,UPI,Success,0,0,False,False,False,False,False
TXN0003835,CUST00056,2026-09-20 01:00:00,Debit,2570.81,Travel,Net Banking,Success,0,0,False,False,False,False,False
TXN0003836,CUST00057,2026-05-16 19:00:00,Debit,435.22,Healthcare,Debit Card,Success,0,1,False,False,False,False,False
TXN0003837,CUST00915,2025-01-27 15:00:00,Credit,558.03,Entertainment,UPI,Failed,0,1,False,False,False,False,False
TXN0003838,CUST00817,2025-08-04 10:00:00,Debit,1076.16,Groceries,UPI,Success,0,0,False,False,False,False,False
TXN0003839,CUST00828,2025-09-26 05:00:00,Debit,3210.32,Groceries,Net Banking,Success,0,0,False,False,False,False,False
TXN0003840,CUST00250,2026-09-09 19:00:00,Transfer,1692.01,Food,UPI,Success,0,0,False,False,False,False,False
TXN0003841,CUST01074,2025-11-20 10:00:00,Debit,2995.49,Food,Net Banking,Success,0,0,False,False,False,False,False
TXN0003842,CUST00617,2025-02-24 12:00:00,Debit,1298.72,Healthcare,Credit Card,Success,0,0,False,False,False,False,False
TXN0003843,CUST01134,2025-09-23 00:00:00,Debit,272.55,Travel,Net Banking,Success,0,0,False,False,False,False,False
TXN0003844,CUST00354,2025-12-16 14:00:00,Transfer,2880.12,Food,Net Banking,Success,0,0,False,False,False,False,False
TXN0003845,CUST00547,2025-11-07 09:00:00,Credit,703.31,Unknown,UPI,Success,0,0,False,False,False,False,False
TXN0003846,CUST00942,2026-06-28 18:00:00,Debit,763.95,Shopping,UPI,Success,0,0,False,False,False,False,False
TXN0003847,CUST00461,2025-04-17 15:00:00,Debit,1821.3,Shopping,Net Banking,Success,0,1,False,False,False,False,False
TXN0003848,CUST00127,2025-12-30 21:00:00,Credit,486.72,Investment,UPI,Success,0,1,False,False,False,False,False
TXN0003849,CUST00013,2026-02-04 19:00:00,Debit,494.1,Investment,Debit Card,Failed,0,0,False,False,False,False,False
TXN0003850,CUST00424,2025-09-26 14:00:00,Credit,439.61,Investment,UPI,Success,0,0,False,False,False,False,False
TXN0003851,CUST00915,2025-03-22 17:00:00,Debit,459.74,Utilities,Debit Card,Success,0,0,False,False,False,False,False
TXN0003852,CUST00974,2026-07-02 17:00:00,Transfer,1096.265,Salary,UPI,Success,0,0,False,False,False,True,False
TXN0003853,CUST00543,2025-08-15 00:00:00,Debit,1216.36,Healthcare,Net Banking,Success,1,0,False,False,False,False,False
TXN0003854,CUST00072,2026-04-17 03:00:00,Transfer,1065.29,Salary,Debit Card,Success,0,0,False,False,False,False,False
TXN0003855,CUST00944,2026-01-01 01:00:00,Debit,253.92,Food,ATM,Success,0,0,False,False,False,False,False
TXN0003856,CUST00771,2025-04-04 23:00:00,Debit,491.14,Travel,UPI,Success,0,0,False,False,False,False,False
TXN0003857,CUST00749,2026-08-06 19:00:00,Debit,145.86,Healthcare,Net Banking,Success,0,0,False,False,False,False,False
TXN0003858,CUST00818,2025-05-12 06:00:00,Debit,1075.67,Entertainment,UPI,Success,1,0,False,False,False,False,False
TXN0003859,CUST00168,2025-02-02 03:00:00,Debit,1685.28,Utilities,Debit Card,Failed,0,0,False,False,False,False,False
TXN0003860,CUST00164,2026-02-22 10:00:00,Transfer,249.22,Groceries,UPI,Success,0,0,False,False,False,False,False
TXN0003861,CUST00579,2025-11-18 05:00:00,Credit,2199.8,Salary,ATM,Success,0,0,False,False,False,False,False
TXN0003862,CUST01086,2025-07-13 17:00:00,Transfer,914.13,Entertainment,UPI,Success,1,0,False,False,False,False,False
TXN0003863,CUST00073,2026-04-22 11:00:00,Debit,303.95,Salary,ATM,Success,0,2,False,False,False,False,False
TXN0003864,CUST00777,2026-06-27 15:00:00,Credit,799.51,Groceries,UPI,Success,0,0,False,False,False,False,False
TXN0003865,CUST00311,2025-01-31 17:00:00,Transfer,665.31,Shopping,UPI,Success,0,0,False,False,False,False,False
TXN0003866,CUST00934,2026-01-09 11:00:00,Debit,1157.19,Healthcare,UPI,Success,0,0,False,False,False,False,False
TXN0003867,CUST00461,2026-04-24 01:00:00,Debit,2495.8,Groceries,UPI,Success,0,0,False,False,False,False,False
TXN0003868,CUST00246,2025-10-24 08:00:00,Transfer,259.69,Salary,Debit Card,Success,0,0,False,False,False,False,False
TXN0003869,CUST00954,2025-12-04 02:00:00,Credit,3995.56,Salary,Credit Card,Success,0,0,False,False,False,False,False
TXN0003870,CUST00299,2025-01-24 05:00:00,Debit,792.94,Shopping,UPI,Success,0,0,False,False,False,False,False
TXN0003871,CUST00744,2025-03-17 05:00:00,Transfer,547.98,Rent,UPI,Success,0,0,False,False,False,False,False
TXN0003872,CUST00391,2025-04-13 08:00:00,Debit,2640.95,Utilities,UPI,Unknown,0,0,False,False,False,False,False
TXN0003873,CUST00693,2025-09-04 01:00:00,Credit,3509.93,Entertainment,Credit Card,Success,0,0,False,False,False,False,False
TXN0003874,CUST00552,2025-05-28 16:00:00,Transfer,1000.3,Investment,UPI,Success,0,1,False,False,False,False,False
TXN0003875,CUST01100,2025-12-21 21:00:00,Debit,460.22,Groceries,ATM,Success,0,0,False,False,False,False,False
TXN0003876,CUST00460,2026-09-30 00:00:00,Transfer,3341.14,Salary,Credit Card,Success,0,0,False,False,False,False,False
TXN0003877,CUST00237,2026-03-29 21:00:00,Credit,435.29,Rent,UPI,Success,0,0,False,False,False,False,False
TXN0003878,CUST00218,2025-06-12 00:00:00,Debit,3084.55,Rent,UPI,Success,0,0,False,False,False,False,False
TXN0003879,CUST00390,2026-02-06 01:00:00,Transfer,217.1,Rent,UPI,Success,0,1,False,False,False,False,False
TXN0003880,CUST00680,2025-03-25 19:00:00,Debit,584.81,Travel,UPI,Success,0,1,False,False,False,False,False
TXN0003881,CUST01193,2025-01-11 01:00:00,Credit,1127.82,Healthcare,Debit Card,Success,0,1,False,False,False,False,False
TXN0003882,CUST00726,2026-02-13 00:00:00,Debit,4039.73,Utilities,Debit Card,Success,0,0,False,False,False,False,False
TXN0003883,CUST00149,2025-06-23 02:00:00,Transfer,253.51,Shopping,Debit Card,Success,0,0,False,False,False,False,False
TXN0003884,CUST00035,2026-06-11 10:00:00,Debit,1220.28,Food,Debit Card,Success,0,0,False,False,False,False,False
TXN0003885,CUST00844,2025-01-07 23:00:00,Transfer,1638.24,Rent,UPI,Success,0,2,False,False,False,False,False
TXN0003886,CUST00789,2025-08-29 18:00:00,Transfer,214.51,Travel,Debit Card,Success,0,0,False,False,False,False,False
TXN0003887,CUST00198,2025-12-11 12:00:00,Debit,5083.53,Healthcare,UPI,Success,0,1,False,False,False,False,False
TXN0003888,CUST01112,2025-04-23 05:00:00,Transfer,3017.43,Entertainment,UPI,Success,0,0,False,False,False,False,False
TXN0003889,CUST00994,2025-11-03 05:00:00,Transfer,251.68,Groceries,UPI,Success,0,0,False,False,False,False,False
TXN0003890,CUST00242,2026-08-16 21:00:00,Debit,5205.16,Utilities,Unknown,Failed,0,0,False,False,False,False,False
TXN0003891,CUST00970,2025-03-10 14:00:00,Credit,119.17,Healthcare,Net Banking,Pending,0,0,False,False,False,False,False
TXN0003892,CUST00364,2025-01-06 21:00:00,Transfer,1269.29,Healthcare,ATM,Success,0,0,False,False,False,False,False
TXN0003893,CUST00167,2025-07-27 05:00:00,Credit,1986.04,Groceries,UPI,Success,0,0,False,False,False,False,False
TXN0003894,CUST01018,2025-04-13 15:00:00,Debit,3257.39,Groceries,UPI,Success,0,1,False,False,False,False,False
TXN0003895,CUST00397,2026-05-12 00:00:00,Transfer,1365.16,Healthcare,UPI,Success,0,0,False,False,False,False,False
TXN0003896,CUST00458,2025-06-17 03:00:00,Credit,677.67,Rent,UPI,Success,0,1,False,False,False,False,False
TXN0003897,CUST00650,2026-07-06 20:00:00,Credit,607.74,Entertainment,Credit Card,Success,0,0,False,False,False,False,False
TXN0003898,CUST00175,2025-05-07 14:00:00,Debit,543.39,Groceries,UPI,Success,0,0,False,False,False,False,False
TXN0003899,CUST00387,2025-03-26 15:00:00,Transfer,1719.87,Utilities,Debit Card,Failed,0,0,False,False,False,False,False
TXN0003900,CUST00855,2026-07-29 05:00:00,Transfer,4202.27,Food,ATM,Success,0,0,False,False,False,False,False
TXN0003901,CUST00968,2025-01-29 07:00:00,Transfer,884.81,Entertainment,Debit Card,Success,0,0,False,False,False,False,False
TXN0003902,CUST00637,2025-07-19 08:00:00,Transfer,3236.92,Travel,Debit Card,Success,0,0,False,False,False,False,False
TXN0003903,CUST00825,2026-08-08 21:00:00,Transfer,4153.78,Entertainment,UPI,Success,0,0,False,False,False,False,False
TXN0003904,CUST00859,2026-09-28 03:00:00,Credit,2131.55,Entertainment,Debit Card,Success,0,1,False,False,False,False,False
TXN0003905,CUST00978,2025-10-09 09:00:00,Debit,1118.37,Utilities,Debit Card,Success,0,0,False,False,False,False,False
TXN0003906,CUST00914,2025-07-29 21:00:00,Credit,10160.17,Food,UPI,Success,0,0,False,False,False,False,False
TXN0003907,CUST00150,2026-06-15 10:00:00,Credit,521.61,Healthcare,Debit Card,Failed,0,0,False,False,False,False,False
TXN0003908,CUST01082,2025-04-16 04:00:00,Transfer,306.05,Salary,Net Banking,Failed,0,0,False,False,False,False,False
TXN0003909,CUST00884,2025-09-25 10:00:00,Transfer,870.69,Groceries,Net Banking,Failed,0,0,False,False,False,False,False
TXN0003910,CUST00572,2025-01-13 03:00:00,Debit,1751.16,Entertainment,UPI,Success,0,0,False,False,False,False,False
TXN0003911,CUST01193,2026-06-12 02:00:00,Transfer,188.94,Investment,Debit Card,Success,0,1,False,False,False,False,False
TXN0003912,CUST01185,2026-04-10 04:00:00,Credit,1861.74,Utilities,Net Banking,Success,0,0,False,False,False,False,False
TXN0003913,CUST00594,2025-09-08 10:00:00,Transfer,3982.35,Investment,Credit Card,Success,0,0,False,False,False,False,False
TXN0003914,CUST00073,2026-07-27 05:00:00,Debit,432.51,Healthcare,UPI,Success,0,0,False,False,False,False,False
TXN0003915,CUST00839,2026-01-18 18:00:00,Debit,1588.45,Shopping,Net Banking,Success,0,0,False,False,False,False,False
TXN0003916,CUST00475,2025-03-09 18:00:00,Transfer,362.88,Utilities,Net Banking,Failed,0,0,False,False,False,False,False
TXN0003917,CUST00248,2025-08-09 21:00:00,Credit,517.07,Entertainment,UPI,Success,0,0,False,False,False,False,False
TXN0003918,CUST01189,2025-05-25 02:00:00,Credit,706.42,Entertainment,UPI,Success,1,2,False,False,False,False,False
TXN0003919,CUST00929,2025-09-09 12:00:00,Transfer,1454.41,Healthcare,Credit Card,Success,0,1,False,False,False,False,False
TXN0003920,CUST01127,2025-02-04 08:00:00,Transfer,2675.7,Utilities,Debit Card,Failed,0,0,False,False,False,False,False
TXN0003921,CUST00650,2025-09-20 02:00:00,Debit,3397.97,Shopping,UPI,Success,0,0,False,False,False,False,False
TXN0003922,CUST00003,2025-10-10 01:00:00,Transfer,274.45,Groceries,Net Banking,Success,0,0,False,False,False,False,False
TXN0003923,CUST01146,2026-01-08 01:00:00,Transfer,636.04,Utilities,ATM,Success,0,0,False,False,False,False,False
TXN0003924,CUST00584,2026-03-20 22:00:00,Debit,513.7,Travel,Net Banking,Success,0,2,False,False,False,False,False
TXN0003925,CUST00282,2026-04-23 10:00:00,Debit,9979.07,Travel,Debit Card,Success,1,0,False,False,False,False,False
TXN0003926,CUST01050,2026-08-18 17:00:00,Credit,1673.63,Healthcare,Net Banking,Success,0,0,False,False,False,False,False
TXN0003927,CUST00419,2025-06-24 15:00:00,Credit,3396.28,Investment,Credit Card,Success,0,1,False,False,False,False,False
TXN0003928,CUST00709,2025-04-04 05:00:00,Credit,3333.64,Travel,UPI,Success,0,0,False,False,False,False,False
TXN0003929,CUST00970,2026-04-01 02:00:00,Credit,1630.91,Groceries,ATM,Success,0,0,False,False,False,False,False
TXN0003930,CUST00463,2025-03-30 12:00:00,Transfer,2629.45,Groceries,UPI,Success,0,2,False,False,False,False,False
TXN0003931,CUST00002,2026-09-23 02:00:00,Credit,714.12,Shopping,UPI,Success,0,0,False,False,False,False,False
TXN0003932,CUST01163,2025-10-20 22:00:00,Debit,608.54,Utilities,Credit Card,Success,0,0,False,False,False,False,False
TXN0003933,CUST00697,2026-05-23 19:00:00,Transfer,5157.44,Entertainment,ATM,Success,0,0,False,False,False,False,False
TXN0003934,CUST00281,2025-05-17 03:00:00,Debit,1890.36,Rent,Credit Card,Failed,0,1,False,False,False,False,False
TXN0003935,CUST00521,2025-02-16 14:00:00,Debit,1260.12,Shopping,ATM,Success,0,0,False,False,False,False,False
TXN0003936,CUST00980,2026-07-14 02:00:00,Transfer,728.65,Salary,ATM,Success,0,1,False,False,False,False,False
TXN0003937,CUST00198,2025-10-21 23:00:00,Transfer,677.71,Unknown,UPI,Success,0,1,False,False,False,False,False
TXN0003938,CUST00853,2025-06-19 11:00:00,Credit,909.41,Shopping,UPI,Success,0,1,False,False,False,False,False
TXN0003939,CUST00635,2025-03-22 01:00:00,Transfer,311.44,Healthcare,Debit Card,Failed,0,0,False,False,False,False,False
TXN0003940,CUST00252,2025-07-18 02:00:00,Transfer,1153.02,Healthcare,UPI,Success,0,0,False,False,False,False,False
TXN0003941,CUST00632,2025-12-15 16:00:00,Debit,214.41,Rent,Debit Card,Success,0,0,False,False,False,False,False
TXN0003942,CUST00901,2026-03-21 13:00:00,Transfer,122.67,Utilities,Net Banking,Success,0,1,False,False,False,False,False
TXN0003943,CUST00848,2025-10-25 01:00:00,Debit,50.0,Travel,UPI,Success,0,0,False,False,False,False,False
TXN0003944,CUST01006,2026-09-18 18:00:00,Transfer,3953.61,Groceries,UPI,Success,0,0,False,False,False,False,False
TXN0003945,CUST00138,2026-03-05 10:00:00,Credit,2772.5,Investment,ATM,Success,0,0,False,False,False,False,False
TXN0003946,CUST00678,2026-02-17 16:00:00,Debit,183.75,Rent,ATM,Success,0,0,False,False,False,False,False
TXN0003947,CUST00026,2026-01-04 15:00:00,Credit,766.64,Salary,UPI,Success,0,1,False,False,False,False,False
TXN0003948,CUST00371,2025-12-12 22:00:00,Transfer,182.16,Salary,Credit Card,Success,0,1,False,False,False,False,False
TXN0003949,CUST01032,2026-08-26 18:00:00,Credit,446.18,Unknown,Debit Card,Success,0,1,False,False,False,False,False
TXN0003950,CUST00656,2025-03-22 16:00:00,Transfer,1455.86,Investment,Net Banking,Success,0,0,False,False,False,False,False
TXN0003951,CUST00263,2025-01-06 12:00:00,Debit,645.07,Groceries,Debit Card,Success,0,0,False,False,False,False,False
TXN0003952,CUST00554,2025-07-07 18:00:00,Debit,4258.61,Healthcare,ATM,Success,0,0,False,False,False,False,False
TXN0003953,CUST00763,2025-04-10 22:00:00,Transfer,617.17,Healthcare,UPI,Success,0,0,False,False,False,False,False
TXN0003954,CUST00506,2025-10-27 23:00:00,Transfer,795.8,Travel,Debit Card,Success,0,0,False,False,False,False,False
TXN0003955,CUST00017,2025-11-05 00:00:00,Transfer,793.64,Utilities,UPI,Success,0,0,False,False,False,False,False
TXN0003956,CUST00116,2025-12-05 13:00:00,Debit,1195.22,Food,ATM,Failed,0,0,False,False,False,False,False
TXN0003957,CUST00974,2025-01-27 00:00:00,Transfer,1388.52,Healthcare,Net Banking,Success,0,0,False,False,False,False,False
TXN0003958,CUST00548,2025-04-27 20:00:00,Debit,1758.28,Entertainment,UPI,Success,0,0,False,False,False,False,False
TXN0003959,CUST00954,2026-02-05 02:00:00,Transfer,2071.57,Shopping,Net Banking,Success,0,0,False,False,False,False,False
TXN0003960,CUST00631,2025-12-22 21:00:00,Transfer,2380.2,Investment,Credit Card,Success,0,0,False,False,False,False,False
TXN0003961,CUST00776,2026-09-16 03:00:00,Transfer,2793.91,Shopping,ATM,Success,0,1,False,False,False,False,False
TXN0003962,CUST00627,2026-03-11 01:00:00,Transfer,514.11,Salary,UPI,Success,0,0,False,False,False,False,False
TXN0003963,CUST01142,2025-11-24 15:00:00,Debit,572.21,Investment,UPI,Success,0,1,False,False,False,False,False
TXN0003964,CUST00318,2026-04-13 04:00:00,Transfer,370.33,Shopping,Credit Card,Success,0,0,False,False,False,False,False
TXN0003965,CUST00989,2025-05-03 06:00:00,Debit,3555.36,Investment,Net Banking,Failed,0,0,False,False,False,False,False
TXN0003966,CUST00063,2026-03-10 17:00:00,Credit,882.84,Food,UPI,Success,0,0,False,False,False,False,False
TXN0003967,CUST00302,2025-10-12 20:00:00,Debit,860.56,Food,ATM,Success,0,0,False,False,False,False,False
TXN0003968,CUST00116,2025-11-28 01:00:00,Transfer,855.58,Rent,UPI,Success,0,0,False,False,False,False,False
TXN0003969,CUST00436,2025-06-03 13:00:00,Debit,1096.265,Travel,UPI,Success,0,0,False,False,False,True,False
TXN0003970,CUST00503,2026-09-05 21:00:00,Credit,586.02,Rent,UPI,Success,0,0,False,False,False,False,False
TXN0003971,CUST01006,2025-08-09 08:00:00,Debit,614.34,Utilities,UPI,Failed,0,0,False,False,False,False,False
TXN0003972,CUST00525,2025-10-19 00:00:00,Debit,899.61,Investment,ATM,Success,0,0,False,False,False,False,False
TXN0003973,CUST01140,2026-04-19 11:00:00,Credit,1185.67,Utilities,UPI,Success,0,1,False,False,False,False,False
TXN0003974,CUST00252,2026-01-07 11:00:00,Transfer,1076.6,Groceries,Net Banking,Success,0,0,False,False,False,False,False
TXN0003975,CUST00221,2025-07-11 12:00:00,Debit,50.0,Utilities,Debit Card,Success,0,0,False,False,False,False,False
TXN0003976,CUST00932,2025-11-13 08:00:00,Debit,2384.59,Groceries,UPI,Failed,0,0,False,False,False,False,False
TXN0003977,CUST00615,2025-02-24 21:00:00,Transfer,1915.08,Groceries,ATM,Success,0,1,False,False,False,False,False
TXN0003978,CUST00663,2025-11-04 17:00:00,Debit,1741.46,Travel,Debit Card,Success,0,0,False,False,False,False,False
TXN0003979,CUST00134,2025-11-26 15:00:00,Debit,1806.49,Salary,UPI,Success,0,1,False,False,False,False,False
TXN0003980,CUST00280,2026-06-03 11:00:00,Credit,638.31,Entertainment,Net Banking,Success,0,0,False,False,False,False,False
TXN0003981,CUST00516,2025-03-11 10:00:00,Debit,256.86,Salary,Net Banking,Success,0,0,False,False,False,False,False
TXN0003982,CUST00712,2025-06-18 03:00:00,Debit,1971.76,Utilities,Credit Card,Success,0,0,False,False,False,False,False
TXN0003983,CUST00804,2026-01-29 06:00:00,Credit,275.78,Healthcare,UPI,Success,0,0,False,False,False,False,False
TXN0003984,CUST00112,2026-09-01 09:00:00,Debit,2253.44,Healthcare,Credit Card,Failed,0,0,False,False,False,False,False
TXN0003985,CUST00565,2026-08-14 06:00:00,Debit,468.97,Travel,UPI,Success,0,0,False,False,False,False,False
TXN0003986,CUST00098,2025-04-02 17:00:00,Credit,1151.18,Healthcare,ATM,Success,0,0,False,False,False,False,False
TXN0003987,CUST00848,2025-11-22 21:00:00,Debit,1593.72,Utilities,Credit Card,Success,0,0,False,False,False,False,False
TXN0003988,CUST00815,2025-12-06 22:00:00,Credit,1273.14,Utilities,Credit Card,Success,0,0,False,False,False,False,False
TXN0003989,CUST00735,2026-04-03 03:00:00,Transfer,8915.8,Groceries,UPI,Failed,0,0,False,False,False,False,False
TXN0003990,CUST00295,2025-01-30 06:00:00,Credit,1887.27,Salary,Debit Card,Success,0,0,False,False,False,False,False
TXN0003991,CUST00118,2025-02-02 08:00:00,Debit,1377.46,Groceries,Credit Card,Success,0,2,False,False,False,False,False
TXN0003992,CUST00117,2025-05-05 19:00:00,Credit,259.04,Shopping,Credit Card,Success,0,0,False,False,False,False,False
TXN0003993,CUST00964,2025-01-05 04:00:00,Credit,499.28,Travel,UPI,Success,0,0,False,False,False,False,False
TXN0003994,CUST00964,2026-04-22 18:00:00,Transfer,163.76,Healthcare,Credit Card,Success,0,0,False,False,False,False,False
TXN0003995,CUST01101,2025-09-24 16:00:00,Debit,286.5,Rent,UPI,Success,0,0,False,False,False,False,False
TXN0003996,CUST00319,2026-01-07 04:00:00,Debit,2651.27,Entertainment,Debit Card,Success,0,0,False,False,False,False,False
TXN0003997,CUST00108,2026-08-06 18:00:00,Debit,1310.28,Healthcare,ATM,Success,0,0,False,False,False,False,False
TXN0003998,CUST00770,2025-04-15 10:00:00,Transfer,1542.02,Entertainment,UPI,Failed,0,0,False,False,False,False,False
TXN0003999,CUST00142,2026-07-28 18:00:00,Transfer,1911.48,Investment,UPI,Failed,0,0,False,False,False,False,False
TXN0004000,CUST00038,2025-01-08 17:00:00,Debit,211.61,Salary,UPI,Pending,0,0,False,False,False,False,False
TXN0004001,CUST00602,2026-07-11 16:00:00,Transfer,1108.52,Utilities,Debit Card,Success,0,1,False,False,False,False,False
TXN0004002,CUST00216,2026-05-23 14:00:00,Debit,3348.44,Salary,UPI,Success,0,1,False,False,False,False,False
TXN0004003,CUST00834,2026-03-02 00:00:00,Debit,1502.27,Rent,Net Banking,Success,0,0,False,False,False,False,False
TXN0004004,CUST00229,2026-05-09 20:00:00,Debit,291.0,Shopping,ATM,Success,0,1,False,False,False,False,False
TXN0004005,CUST01192,2025-10-05 01:00:00,Credit,3242.42,Groceries,Net Banking,Success,0,1,False,False,False,False,False
TXN0004006,CUST00091,2025-06-27 20:00:00,Transfer,1096.265,Groceries,ATM,Success,0,0,False,False,False,True,False
TXN0004007,CUST00224,2025-10-12 07:00:00,Credit,768.14,Groceries,Debit Card,Success,0,0,False,False,False,False,False
TXN0004008,CUST00941,2026-02-03 19:00:00,Transfer,643.78,Travel,UPI,Success,0,1,False,False,False,False,False
TXN0004009,CUST00171,2025-08-10 02:00:00,Credit,544.27,Food,ATM,Failed,0,0,False,False,False,False,False
TXN0004010,CUST00919,2026-01-26 13:00:00,Debit,6876.14,Groceries,UPI,Success,0,1,False,False,False,False,False
TXN0004011,CUST00861,2026-08-29 21:00:00,Debit,2165.45,Groceries,UPI,Success,0,0,False,False,False,False,False
TXN0004012,CUST00224,2025-07-24 05:00:00,Transfer,463.64,Entertainment,ATM,Success,0,0,False,False,False,False,False
TXN0004013,CUST00743,2025-11-04 04:00:00,Debit,1326.07,Travel,Debit Card,Success,0,0,False,False,False,False,False
TXN0004014,CUST00836,2026-05-25 05:00:00,Debit,1323.11,Travel,Unknown,Success,0,0,False,False,False,False,False
TXN0004015,CUST00361,2026-05-01 02:00:00,Debit,5229.36,Salary,ATM,Success,0,0,False,False,False,False,False
TXN0004016,CUST00478,2025-03-12 18:00:00,Debit,1189.21,Entertainment,UPI,Success,0,1,False,False,False,False,False
TXN0004017,CUST00339,2025-10-20 10:00:00,Debit,869.46,Food,Credit Card,Success,0,1,False,False,False,False,False
TXN0004018,CUST00753,2025-03-26 12:00:00,Debit,1096.265,Travel,Debit Card,Success,0,1,False,False,False,True,False
TXN0004019,CUST00317,2026-04-07 08:00:00,Debit,1293.5,Groceries,Debit Card,Success,0,0,False,False,False,False,False
TXN0004020,CUST01077,2026-03-30 08:00:00,Debit,4144.04,Travel,Debit Card,Success,0,0,False,False,False,False,False
TXN0004021,CUST00912,2026-09-10 12:00:00,Transfer,473.64,Salary,ATM,Success,0,0,False,False,False,False,False
TXN0004022,CUST00961,2026-08-06 02:00:00,Transfer,2536.8,Rent,Debit Card,Success,0,0,False,False,False,False,False
TXN0004023,CUST00672,2025-05-11 20:00:00,Transfer,7556.56,Investment,Debit Card,Success,0,1,False,False,False,False,False
TXN0004024,CUST00846,2026-06-05 11:00:00,Debit,2858.36,Travel,UPI,Success,0,1,False,False,False,False,False
TXN0004025,CUST01023,2025-01-11 23:00:00,Transfer,312.04,Travel,Net Banking,Success,0,0,False,False,False,False,False
TXN0004026,CUST00744,2025-06-24 08:00:00,Debit,1001.42,Travel,UPI,Success,0,0,False,False,False,False,False
TXN0004027,CUST00582,2025-02-17 09:00:00,Debit,561.49,Salary,UPI,Unknown,0,0,False,False,False,False,False
TXN0004028,CUST00594,2026-04-08 11:00:00,Credit,2494.53,Entertainment,Net Banking,Success,0,0,False,False,False,False,False
TXN0004029,CUST01172,2025-08-11 17:00:00,Credit,1223.88,Utilities,UPI,Success,0,0,False,False,False,False,False
TXN0004030,CUST01153,2025-08-12 12:00:00,Credit,175.71,Utilities,Debit Card,Failed,0,1,False,False,False,False,False
TXN0004031,CUST00984,2026-02-08 06:00:00,Transfer,856.42,Groceries,UPI,Success,0,0,False,False,False,False,False
TXN0004032,CUST01124,2025-08-25 22:00:00,Debit,-1.0,Shopping,UPI,Success,0,0,True,False,False,False,False
TXN0004033,CUST00563,2025-09-04 12:00:00,Debit,841.39,Shopping,Net Banking,Success,0,0,False,False,False,False,False
TXN0004034,CUST00719,2026-09-21 11:00:00,Credit,1505.43,Investment,UPI,Success,0,0,False,False,False,False,False
TXN0004035,CUST00908,2025-02-28 20:00:00,Transfer,2751.15,Travel,Debit Card,Success,1,2,False,False,False,False,False
TXN0004036,CUST00561,2026-08-03 14:00:00,Credit,4113.66,Healthcare,UPI,Pending,0,1,False,False,False,False,False
TXN0004037,CUST00339,2025-09-10 09:00:00,Transfer,422.69,Unknown,UPI,Success,0,0,False,False,False,False,False
TXN0004038,CUST00492,2025-02-22 18:00:00,Debit,2680.96,Travel,Debit Card,Success,0,0,False,False,False,False,False
TXN0004039,CUST00471,2026-01-21 14:00:00,Credit,579.66,Healthcare,ATM,Success,0,0,False,False,False,False,False
TXN0004040,CUST00270,2025-07-22 22:00:00,Debit,760.68,Food,Net Banking,Success,0,0,False,False,False,False,False
TXN0004041,CUST00348,2025-10-22 12:00:00,Debit,1320.6,Food,Debit Card,Failed,0,0,False,False,False,False,False
TXN0004042,CUST00439,2026-09-13 05:00:00,Debit,1293.89,Food,Debit Card,Failed,0,0,False,False,False,False,False
TXN0004043,CUST00019,2025-12-15 10:00:00,Debit,379.25,Rent,UPI,Success,0,0,False,False,False,False,False
TXN0004044,CUST00190,2025-05-12 09:00:00,Debit,391.97,Shopping,ATM,Success,0,0,False,False,False,False,False
TXN0004045,CUST01053,2026-08-31 06:00:00,Transfer,5338.62,Shopping,UPI,Success,0,0,False,False,False,False,False
TXN0004046,CUST00777,2025-01-01 20:00:00,Transfer,6833.17,Entertainment,UPI,Success,0,0,False,False,False,False,False
TXN0004047,CUST00162,2026-06-21 00:00:00,Transfer,3661.01,Utilities,Credit Card,Failed,0,0,False,False,False,False,False
TXN0004048,CUST00840,2025-03-08 00:00:00,Debit,563.21,Groceries,Debit Card,Success,0,0,False,False,False,False,False
TXN0004049,CUST00888,2026-08-25 19:00:00,Debit,2514.35,Travel,UPI,Success,0,0,False,False,False,False,False
TXN0004050,CUST00218,2026-04-23 05:00:00,Credit,1377.42,Investment,Credit Card,Success,0,1,False,False,False,False,False
TXN0004051,CUST01060,2025-08-23 17:00:00,Debit,169.03,Healthcare,UPI,Success,0,0,False,False,False,False,False
TXN0004052,CUST00851,2026-07-30 13:00:00,Debit,7214.87,Healthcare,UPI,Success,0,0,False,False,False,False,False
TXN0004053,CUST00867,2025-05-06 03:00:00,Transfer,1365.01,Entertainment,Net Banking,Success,0,0,False,False,False,False,False
TXN0004054,CUST01004,2025-11-26 11:00:00,Credit,900.98,Salary,UPI,Success,1,0,False,False,False,False,False
TXN0004055,CUST00153,2026-08-16 13:00:00,Credit,1441.21,Investment,UPI,Failed,1,0,False,False,False,False,False
TXN0004056,CUST00040,2026-02-03 14:00:00,Debit,158.82,Utilities,Credit Card,Success,0,0,False,False,False,False,False
TXN0004057,CUST00611,2025-09-10 20:00:00,Credit,1320.11,Salary,UPI,Success,0,0,False,False,False,False,False
TXN0004058,CUST00690,2026-07-25 06:00:00,Debit,402.22,Rent,ATM,Success,0,1,False,False,False,False,False
TXN0004059,CUST00485,2026-04-17 15:00:00,Debit,1103.92,Travel,Debit Card,Success,0,0,False,False,False,False,False
TXN0004060,CUST00367,2025-05-24 13:00:00,Debit,569.8,Shopping,Debit Card,Success,0,0,False,False,False,False,False
TXN0004061,CUST00511,2026-04-20 04:00:00,Debit,1929.31,Shopping,UPI,Failed,0,0,False,False,False,False,False
TXN0004062,CUST00613,2025-04-20 09:00:00,Debit,779.25,Shopping,Credit Card,Failed,0,0,False,False,False,False,False
TXN0004063,CUST00407,2025-05-08 21:00:00,Credit,190.39,Rent,UPI,Success,0,1,False,False,False,False,False
TXN0004064,CUST00383,2025-09-25 22:00:00,Debit,3850.23,Travel,Debit Card,Failed,0,0,False,False,False,False,False
TXN0004065,CUST00938,2025-05-14 16:00:00,Debit,2194.15,Travel,UPI,Success,0,0,False,False,False,False,False
TXN0004066,CUST00232,2025-06-02 07:00:00,Transfer,1359.08,Food,UPI,Success,0,1,False,False,False,False,False
TXN0004067,CUST00671,2025-11-05 03:00:00,Debit,258.57,Healthcare,UPI,Success,0,0,False,False,False,False,False
TXN0004068,,2025-01-08 17:00:00,Debit,1207.73,Utilities,UPI,Success,0,0,False,False,True,False,False
TXN0004069,CUST00028,2025-08-16 02:00:00,Debit,6476.2,Utilities,UPI,Success,0,0,False,False,False,False,False
TXN0004070,CUST00016,2025-04-07 19:00:00,Debit,35441.37,Shopping,UPI,Success,0,0,False,False,False,False,True
TXN0004071,CUST01060,2025-04-21 20:00:00,Credit,1179.01,Food,ATM,Failed,0,0,False,False,False,False,False
TXN0004072,CUST00713,2025-02-28 03:00:00,Transfer,501.84,Shopping,Credit Card,Success,1,0,False,False,False,False,False
TXN0004073,CUST00718,2025-09-08 07:00:00,Credit,522.52,Entertainment,UPI,Success,0,1,False,False,False,False,False
TXN0004074,CUST00127,2026-08-13 09:00:00,Credit,2149.18,Food,UPI,Success,0,0,False,False,False,False,False
TXN0004075,CUST01127,2026-01-28 16:00:00,Transfer,1436.93,Food,Debit Card,Success,0,0,False,False,False,False,False
TXN0004076,CUST01084,2026-09-06 16:00:00,Debit,2939.9,Investment,UPI,Success,0,0,False,False,False,False,False
TXN0004077,CUST00358,2026-05-26 12:00:00,Credit,192.23,Shopping,Credit Card,Success,0,0,False,False,False,False,False
TXN0004078,CUST00486,2026-06-17 19:00:00,Debit,151.06,Travel,UPI,Failed,0,0,False,False,False,False,False
TXN0004079,CUST00098,2025-03-30 13:00:00,Debit,5691.98,Salary,Debit Card,Success,0,0,False,False,False,False,False
TXN0004080,CUST00232,2025-05-20 05:00:00,Credit,4307.19,Rent,UPI,Success,1,1,False,False,False,False,False
TXN0004081,CUST00343,2025-06-23 08:00:00,Debit,762.1,Investment,Credit Card,Success,0,0,False,False,False,False,False
TXN0004082,CUST00666,2025-04-03 02:00:00,Transfer,466.0,Shopping,Net Banking,Success,0,1,False,False,False,False,False
TXN0004083,CUST00678,2026-08-06 14:00:00,Credit,1842.19,Rent,UPI,Success,0,0,False,False,False,False,False
TXN0004084,CUST00511,2025-07-01 08:00:00,Debit,546.94,Groceries,ATM,Pending,0,0,False,False,False,False,False
TXN0004085,CUST00866,2026-05-07 08:00:00,Credit,1720.03,Shopping,Unknown,Success,0,1,False,False,False,False,False
TXN0004086,CUST00310,2025-09-21 04:00:00,Debit,1093.16,Groceries,UPI,Success,0,0,False,False,False,False,False
TXN0004087,CUST00661,2025-06-15 16:00:00,Transfer,2648.98,Groceries,Net Banking,Success,0,0,False,False,False,False,False
TXN0004088,CUST00167,2026-02-15 12:00:00,Transfer,483.31,Healthcare,ATM,Success,0,0,False,False,False,False,False
TXN0004089,CUST00770,2026-05-02 15:00:00,Transfer,2281.33,Rent,UPI,Success,0,0,False,False,False,False,False
TXN0004090,CUST00302,2025-10-22 22:00:00,Credit,206.13,Utilities,Net Banking,Success,0,0,False,False,False,False,False
TXN0004091,CUST00040,2026-06-27 06:00:00,Debit,222.29,Healthcare,ATM,Success,0,0,False,False,False,False,False
TXN0004092,CUST00865,2025-05-08 11:00:00,Transfer,2132.63,Salary,Net Banking,Success,0,0,False,False,False,False,False
TXN0004093,CUST00729,2025-04-15 00:00:00,Transfer,329.26,Utilities,Credit Card,Success,0,0,False,False,False,False,False
TXN0004094,CUST01199,2025-07-03 13:00:00,Transfer,1096.265,Investment,Debit Card,Success,0,1,False,False,False,True,False
TXN0004095,CUST00215,2025-03-26 01:00:00,Transfer,7252.9,Entertainment,ATM,Success,0,0,False,False,False,False,False
TXN0004096,CUST00003,2025-02-11 13:00:00,Debit,137.37,Investment,Debit Card,Success,0,0,False,False,False,False,False
TXN0004097,CUST00247,2025-08-09 11:00:00,Credit,503.71,Healthcare,UPI,Success,0,0,False,False,False,False,False
TXN0004098,CUST00036,2026-07-13 03:00:00,Credit,702.09,Investment,Net Banking,Success,0,1,False,False,False,False,False
TXN0004099,CUST01083,2025-05-15 09:00:00,Transfer,141.88,Food,ATM,Success,0,0,False,False,False,False,False
TXN0004100,CUST01066,2025-11-09 14:00:00,Transfer,3010.28,Salary,UPI,Success,0,0,False,False,False,False,False
TXN0004101,CUST00135,2026-01-14 08:00:00,Transfer,2295.15,Food,ATM,Success,0,0,False,False,False,False,False
TXN0004102,CUST00922,2026-06-23 20:00:00,Transfer,461.27,Rent,UPI,Success,0,0,False,False,False,False,False
TXN0004103,CUST00930,2026-01-10 01:00:00,Credit,777.44,Travel,Debit Card,Failed,0,0,False,False,False,False,False
TXN0004104,CUST00667,2025-04-13 23:00:00,Credit,377.63,Investment,UPI,Success,0,0,False,False,False,False,False
TXN0004105,CUST01100,2026-02-15 05:00:00,Transfer,718.41,Entertainment,UPI,Success,0,2,False,False,False,False,False
TXN0004106,CUST00776,2026-04-20 16:00:00,Debit,2214.77,Food,Debit Card,Success,0,0,False,False,False,False,False
TXN0004107,CUST00220,2025-04-05 15:00:00,Transfer,631.1,Investment,UPI,Success,0,0,False,False,False,False,False
TXN0004108,CUST00061,2025-10-12 16:00:00,Credit,1158.35,Entertainment,UPI,Success,0,0,False,False,False,False,False
TXN0004109,CUST01077,2025-08-03 21:00:00,Debit,235.35,Entertainment,Credit Card,Success,0,0,False,False,False,False,False
TXN0004110,CUST00247,2025-09-28 11:00:00,Debit,74.85,Shopping,Net Banking,Success,0,0,False,False,False,False,False
TXN0004111,CUST01043,2025-08-02 13:00:00,Debit,987.24,Entertainment,UPI,Success,0,0,False,False,False,False,False
TXN0004112,CUST00609,2026-03-13 20:00:00,Debit,19757.44,Entertainment,ATM,Failed,0,0,False,False,False,False,True
TXN0004113,CUST00805,2026-03-23 09:00:00,Debit,70.35,Entertainment,Net Banking,Success,0,0,False,False,False,False,False
TXN0004114,CUST00472,2026-06-02 02:00:00,Transfer,724.59,Shopping,UPI,Success,0,0,False,False,False,False,False
TXN0004115,CUST00302,2025-03-02 09:00:00,Debit,3654.22,Travel,UPI,Failed,0,0,False,False,False,False,False
TXN0004116,CUST00699,2026-02-20 05:00:00,Credit,714.6,Investment,Debit Card,Failed,0,0,False,False,False,False,False
TXN0004117,CUST00851,2025-04-04 19:00:00,Transfer,297.85,Utilities,UPI,Success,0,0,False,False,False,False,False
TXN0004118,CUST01042,2025-12-25 20:00:00,Debit,453.77,Food,Net Banking,Success,0,1,False,False,False,False,False
TXN0004119,CUST00025,2026-09-14 11:00:00,Transfer,3395.75,Healthcare,UPI,Success,0,0,False,False,False,False,False
TXN0004120,CUST01061,2025-11-21 19:00:00,Credit,468.39,Healthcare,Net Banking,Success,0,0,False,False,False,False,False
TXN0004121,CUST00427,2026-09-17 20:00:00,Debit,2870.09,Shopping,ATM,Success,0,0,False,False,False,False,False
TXN0004122,CUST00883,2025-01-16 13:00:00,Credit,667.85,Investment,ATM,Success,0,0,False,False,False,False,False
TXN0004123,CUST00628,2026-07-30 17:00:00,Debit,2524.55,Food,Net Banking,Success,0,0,False,False,False,False,False
TXN0004124,CUST00976,2026-04-01 14:00:00,Debit,2959.21,Utilities,UPI,Success,0,0,False,False,False,False,False
TXN0004125,CUST00730,2026-04-19 09:00:00,Credit,3801.14,Shopping,Credit Card,Success,0,1,False,False,False,False,False
TXN0004126,CUST00738,2026-09-24 15:00:00,Debit,403.12,Investment,UPI,Success,0,0,False,False,False,False,False
TXN0004127,CUST00163,2025-11-05 10:00:00,Debit,1101.05,Rent,UPI,Success,0,0,False,False,False,False,False
TXN0004128,CUST00654,2026-03-05 15:00:00,Debit,531.84,Investment,UPI,Success,0,0,False,False,False,False,False
TXN0004129,CUST00878,2026-01-16 06:00:00,Debit,1426.08,Entertainment,Credit Card,Success,0,0,False,False,False,False,False
TXN0004130,CUST00222,2026-04-22 18:00:00,Credit,489.55,Entertainment,Net Banking,Success,0,0,False,False,False,False,False
TXN0004131,CUST00379,2025-06-16 13:00:00,Debit,925.5,Shopping,Debit Card,Pending,0,0,False,False,False,False,False
TXN0004132,CUST00361,2025-10-01 11:00:00,Debit,1316.16,Groceries,Net Banking,Success,0,0,False,False,False,False,False
TXN0004133,CUST00468,2026-06-09 10:00:00,Debit,708.08,Utilities,UPI,Success,0,1,False,False,False,False,False
TXN0004134,CUST00524,2026-05-04 06:00:00,Transfer,138.17,Investment,UPI,Success,0,0,False,False,False,False,False
TXN0004135,CUST00487,2025-09-02 11:00:00,Debit,12221.74,Utilities,UPI,Failed,0,0,False,False,False,False,True
TXN0004136,CUST00069,2026-08-11 05:00:00,Transfer,675.33,Rent,Net Banking,Success,0,0,False,False,False,False,False
TXN0004137,CUST01169,2025-08-24 14:00:00,Transfer,2186.46,Entertainment,UPI,Success,0,0,False,False,False,False,False
TXN0004138,CUST00564,2025-02-25 03:00:00,Debit,801.11,Travel,Net Banking,Success,1,1,False,False,False,False,False
TXN0004139,CUST01054,2026-08-30 07:00:00,Credit,1396.78,Travel,Credit Card,Success,0,0,False,False,False,False,False
TXN0004140,CUST00459,2026-01-11 12:00:00,Debit,1764.77,Entertainment,Net Banking,Success,0,0,False,False,False,False,False
TXN0004141,CUST00207,2026-07-08 14:00:00,Debit,280.74,Salary,UPI,Success,0,1,False,False,False,False,False
TXN0004142,CUST00755,2025-09-26 03:00:00,Debit,594.84,Utilities,UPI,Success,0,0,False,False,False,False,False
TXN0004143,CUST00886,2025-11-25 22:00:00,Transfer,5720.29,Utilities,UPI,Pending,0,0,False,False,False,False,False
TXN0004144,CUST00899,2025-06-15 18:00:00,Debit,5496.05,Rent,Net Banking,Success,0,0,False,False,False,False,False
TXN0004145,CUST00194,2025-06-18 15:00:00,Transfer,2442.24,Salary,UPI,Success,0,0,False,False,False,False,False
TXN0004146,CUST00289,2026-09-20 11:00:00,Debit,819.23,Investment,UPI,Success,0,0,False,False,False,False,False
TXN0004147,CUST01019,2025-06-14 05:00:00,Transfer,157.06,Rent,UPI,Success,0,0,False,False,False,False,False
TXN0004148,CUST00905,2025-11-05 19:00:00,Credit,2850.68,Investment,UPI,Success,0,0,False,False,False,False,False
TXN0004149,CUST01096,2026-07-20 23:00:00,Debit,9386.74,Investment,Credit Card,Success,1,0,False,False,False,False,False
TXN0004150,CUST01150,2026-05-07 14:00:00,Debit,1223.92,Rent,UPI,Success,0,0,False,False,False,False,False
TXN0004151,CUST00605,2025-07-13 00:00:00,Debit,119.77,Entertainment,UPI,Success,0,0,False,False,False,False,False
TXN0004152,CUST01197,2025-07-07 11:00:00,Debit,9243.66,Salary,UPI,Success,0,0,False,False,False,False,False
TXN0004153,CUST00675,2025-04-01 09:00:00,Transfer,390.04,Rent,ATM,Success,0,0,False,False,False,False,False
TXN0004154,CUST00218,2026-03-18 18:00:00,Debit,2677.9,Utilities,Debit Card,Success,0,0,False,False,False,False,False
TXN0004155,CUST00414,2025-12-14 11:00:00,Debit,1496.93,Food,UPI,Success,0,1,False,False,False,False,False
TXN0004156,CUST01194,2026-03-09 23:00:00,Credit,7463.62,Healthcare,Credit Card,Success,0,0,False,False,False,False,False
TXN0004157,CUST00441,2026-04-20 19:00:00,Debit,1626.36,Salary,Credit Card,Success,0,0,False,False,False,False,False
TXN0004158,CUST00169,2026-06-12 09:00:00,Debit,942.8,Rent,UPI,Pending,0,0,False,False,False,False,False
TXN0004159,CUST01106,2025-03-11 01:00:00,Debit,2763.3,Shopping,UPI,Success,0,0,False,False,False,False,False
TXN0004160,CUST00986,2026-06-02 13:00:00,Transfer,1385.92,Salary,Debit Card,Pending,0,0,False,False,False,False,False
TXN0004161,CUST01172,2026-03-29 05:00:00,Debit,460.63,Travel,UPI,Success,0,0,False,False,False,False,False
TXN0004162,CUST00130,2025-05-15 09:00:00,Debit,2198.32,Entertainment,UPI,Success,0,0,False,False,False,False,False
TXN0004163,CUST00359,2025-06-15 06:00:00,Debit,4732.99,Investment,UPI,Success,0,1,False,False,False,False,False
TXN0004164,CUST00763,2025-10-30 06:00:00,Transfer,403.65,Investment,UPI,Success,0,0,False,False,False,False,False
TXN0004165,CUST00032,2026-02-16 19:00:00,Debit,694.52,Travel,Debit Card,Success,0,0,False,False,False,False,False
TXN0004166,CUST00753,2026-04-03 20:00:00,Debit,4710.99,Groceries,Debit Card,Success,0,0,False,False,False,False,False
TXN0004167,CUST01157,2025-05-15 00:00:00,Credit,626.14,Groceries,ATM,Success,0,0,False,False,False,False,False
TXN0004168,CUST00401,2026-01-25 22:00:00,Debit,152.27,Utilities,Credit Card,Success,0,0,False,False,False,False,False
TXN0004169,CUST00537,2025-04-30 20:00:00,Transfer,268.66,Healthcare,UPI,Success,0,0,False,False,False,False,False
TXN0004170,CUST01172,2025-06-01 04:00:00,Credit,505.68,Rent,Unknown,Success,0,0,False,False,False,False,False
TXN0004171,CUST00737,2025-07-14 15:00:00,Debit,5331.79,Groceries,Net Banking,Success,0,1,False,False,False,False,False
TXN0004172,CUST00395,2026-07-01 22:00:00,Debit,7062.46,Rent,UPI,Failed,0,0,False,False,False,False,False
TXN0004173,CUST00667,2025-07-31 16:00:00,Credit,152.35,Shopping,UPI,Success,0,0,False,False,False,False,False
TXN0004174,CUST00461,2025-05-19 16:00:00,Debit,461.84,Salary,UPI,Success,1,0,False,False,False,False,False
TXN0004175,CUST00812,2026-01-25 18:00:00,Debit,2756.86,Utilities,UPI,Success,0,0,False,False,False,False,False
TXN0004176,CUST00066,2026-04-09 11:00:00,Credit,7643.19,Groceries,UPI,Success,0,0,False,False,False,False,False
TXN0004177,CUST01175,2025-05-17 18:00:00,Transfer,820.26,Investment,Debit Card,Success,0,0,False,False,False,False,False
TXN0004178,CUST00342,2025-08-29 05:00:00,Transfer,661.06,Entertainment,Debit Card,Success,0,1,False,False,False,False,False
TXN0004179,,2025-11-19 12:00:00,Debit,188.17,Rent,ATM,Success,0,0,False,False,True,False,False
TXN0004180,CUST00310,2025-10-01 09:00:00,Credit,1353.21,Utilities,Net Banking,Success,0,0,False,False,False,False,False
TXN0004181,CUST01194,2025-10-08 04:00:00,Transfer,641.68,Shopping,Net Banking,Success,0,0,False,False,False,False,False
TXN0004182,CUST00095,2025-04-25 20:00:00,Transfer,200.68,Rent,ATM,Success,0,0,False,False,False,False,False
TXN0004183,CUST00670,2025-10-23 23:00:00,Transfer,850.84,Investment,UPI,Success,0,0,False,False,False,False,False
TXN0004184,CUST00952,2026-09-22 10:00:00,Credit,276.93,Salary,UPI,Failed,0,2,False,False,False,False,False
TXN0004185,CUST00132,2025-06-13 12:00:00,Transfer,879.24,Entertainment,Net Banking,Success,0,0,False,False,False,False,False
TXN0004186,CUST00196,2025-04-23 02:00:00,Transfer,1712.16,Rent,Net Banking,Success,0,0,False,False,False,False,False
TXN0004187,CUST00332,2025-10-19 05:00:00,Credit,479.47,Groceries,UPI,Success,0,0,False,False,False,False,False
TXN0004188,CUST00300,2026-01-31 09:00:00,Transfer,2808.5,Groceries,UPI,Success,0,1,False,False,False,False,False
TXN0004189,CUST00048,2026-09-23 00:00:00,Transfer,1744.34,Investment,Credit Card,Success,0,0,False,False,False,False,False
TXN0004190,CUST01134,2025-12-21 09:00:00,Credit,94.95,Groceries,UPI,Success,0,0,False,False,False,False,False
TXN0004191,CUST00830,2025-12-29 16:00:00,Debit,184.45,Food,Credit Card,Success,0,0,False,False,False,False,False
TXN0004192,CUST00582,2026-05-31 18:00:00,Credit,2277.47,Shopping,Debit Card,Success,0,0,False,False,False,False,False
TXN0004193,CUST00447,2025-07-10 12:00:00,Transfer,7505.51,Entertainment,ATM,Success,0,0,False,False,False,False,False
TXN0004194,CUST01138,2025-03-20 03:00:00,Debit,636.45,Salary,Debit Card,Success,0,0,False,False,False,False,False
TXN0004195,CUST00713,2026-07-20 16:00:00,Transfer,1224.16,Healthcare,ATM,Failed,0,0,False,False,False,False,False
TXN0004196,CUST00082,2025-05-22 17:00:00,Debit,7546.44,Rent,ATM,Success,0,0,False,False,False,False,False
TXN0004197,CUST00184,2025-03-18 19:00:00,Transfer,683.9,Healthcare,UPI,Success,0,0,False,False,False,False,False
TXN0004198,CUST00539,2025-11-11 19:00:00,Transfer,502.4,Salary,Debit Card,Success,0,0,False,False,False,False,False
TXN0004199,CUST00642,2025-04-22 16:00:00,Debit,1715.33,Food,UPI,Success,0,0,False,False,False,False,False
TXN0004200,CUST00541,2025-12-08 23:00:00,Credit,1906.04,Food,UPI,Success,0,0,False,False,False,False,False
TXN0004201,CUST00037,2026-01-18 08:00:00,Credit,467.43,Investment,UPI,Success,0,0,False,False,False,False,False
TXN0004202,CUST00176,2025-10-28 17:00:00,Transfer,364.19,Investment,Net Banking,Success,0,0,False,False,False,False,False
TXN0004203,CUST00106,2025-08-16 20:00:00,Debit,1118.86,Groceries,ATM,Success,0,0,False,False,False,False,False
TXN0004204,CUST00108,2026-07-13 04:00:00,Transfer,409.25,Rent,Debit Card,Success,0,0,False,False,False,False,False
TXN0004205,,2025-01-10 10:00:00,Debit,210.57,Healthcare,Credit Card,Success,1,0,False,False,True,False,False
TXN0004206,CUST01142,2026-07-14 00:00:00,Credit,443.96,Healthcare,Net Banking,Success,0,1,False,False,False,False,False
TXN0004207,CUST00616,2025-05-15 08:00:00,Transfer,1112.64,Salary,ATM,Failed,0,0,False,False,False,False,False
TXN0004208,CUST01025,2025-06-05 23:00:00,Debit,1789.02,Groceries,UPI,Success,0,0,False,False,False,False,False
TXN0004209,CUST00697,2026-05-25 13:00:00,Debit,489.09,Shopping,Debit Card,Success,0,0,False,False,False,False,False
TXN0004210,CUST00246,2025-06-18 09:00:00,Credit,9585.07,Salary,ATM,Success,0,0,False,False,False,False,False
TXN0004211,CUST00586,2026-01-27 04:00:00,Debit,549.4,Investment,UPI,Failed,0,0,False,False,False,False,False
TXN0004212,CUST00494,2026-05-03 13:00:00,Debit,335.29,Investment,Debit Card,Success,0,1,False,False,False,False,False
TXN0004213,CUST00619,2025-09-28 00:00:00,Debit,272.72,Shopping,Credit Card,Success,0,0,False,False,False,False,False
TXN0004214,CUST00588,2026-06-21 21:00:00,Debit,15701.12,Investment,UPI,Success,0,0,False,False,False,False,True
TXN0004215,CUST00135,2026-08-12 06:00:00,Debit,4848.83,Utilities,UPI,Success,1,0,False,False,False,False,False
TXN0004216,CUST00620,2026-08-14 04:00:00,Debit,2762.08,Food,Debit Card,Success,1,1,False,False,False,False,False
TXN0004217,CUST00160,2026-04-26 23:00:00,Debit,2285.39,Shopping,Debit Card,Success,0,0,False,False,False,False,False
TXN0004218,CUST00858,2025-01-24 09:00:00,Transfer,1288.67,Healthcare,UPI,Success,0,1,False,False,False,False,False
TXN0004219,CUST00462,2025-06-22 17:00:00,Credit,379.7,Entertainment,UPI,Pending,0,0,False,False,False,False,False
TXN0004220,CUST01019,2025-02-11 16:00:00,Debit,807.57,Investment,UPI,Success,0,0,False,False,False,False,False
TXN0004221,CUST01106,2025-08-23 02:00:00,Transfer,5545.69,Salary,UPI,Success,0,0,False,False,False,False,False
TXN0004222,CUST00996,2026-02-01 19:00:00,Transfer,312.73,Entertainment,UPI,Failed,0,0,False,False,False,False,False
TXN0004223,CUST00226,2026-08-01 01:00:00,Credit,1505.88,Salary,Credit Card,Success,0,0,False,False,False,False,False
TXN0004224,CUST00643,2026-03-25 20:00:00,Transfer,2089.95,Shopping,UPI,Success,0,0,False,False,False,False,False
TXN0004225,CUST00884,2025-01-29 10:00:00,Debit,312.38,Investment,UPI,Success,0,0,False,False,False,False,False
TXN0004226,CUST01123,2026-07-20 03:00:00,Transfer,832.91,Healthcare,UPI,Success,0,1,False,False,False,False,False
TXN0004227,CUST00109,2026-08-09 17:00:00,Credit,1223.67,Groceries,UPI,Success,0,0,False,False,False,False,False
TXN0004228,CUST00356,2025-07-13 03:00:00,Credit,5133.77,Entertainment,UPI,Success,0,0,False,False,False,False,False
TXN0004229,CUST00151,2025-11-22 05:00:00,Transfer,1096.265,Travel,UPI,Success,0,0,False,False,False,True,False
TXN0004230,CUST00295,2025-05-10 21:00:00,Credit,3394.35,Entertainment,UPI,Success,0,0,False,False,False,False,False
TXN0004231,CUST00022,2025-03-20 02:00:00,Debit,1741.9,Shopping,UPI,Success,0,0,False,False,False,False,False
TXN0004232,CUST00810,2026-06-05 23:00:00,Transfer,551.84,Food,Net Banking,Success,1,0,False,False,False,False,False
TXN0004233,CUST00114,2025-08-13 09:00:00,Debit,3674.78,Healthcare,UPI,Success,0,0,False,False,False,False,False
TXN0004234,CUST00699,2026-04-21 08:00:00,Credit,325.4,Investment,UPI,Success,0,1,False,False,False,False,False
TXN0004235,CUST01104,2026-05-31 06:00:00,Credit,1027.12,Food,UPI,Success,0,0,False,False,False,False,False
TXN0004236,CUST00157,2026-06-17 11:00:00,Credit,1891.61,Healthcare,UPI,Success,0,0,False,False,False,False,False
TXN0004237,CUST00160,2026-06-27 12:00:00,Debit,10501.61,Rent,Debit Card,Success,0,1,False,False,False,False,False
TXN0004238,CUST00994,2025-02-25 07:00:00,Debit,419.44,Healthcare,UPI,Success,0,0,False,False,False,False,False
TXN0004239,CUST00330,2025-12-19 07:00:00,Debit,3396.18,Food,Debit Card,Failed,0,0,False,False,False,False,False
TXN0004240,CUST00304,2026-03-06 21:00:00,Debit,9946.19,Salary,Debit Card,Success,0,0,False,False,False,False,False
TXN0004241,CUST01062,2025-11-14 06:00:00,Debit,481.61,Utilities,Net Banking,Success,0,0,False,False,False,False,False
TXN0004242,CUST00231,2026-06-16 23:00:00,Debit,2916.28,Travel,UPI,Success,0,0,False,False,False,False,False
TXN0004243,CUST00213,2025-12-19 06:00:00,Debit,731.37,Entertainment,Unknown,Success,0,0,False,False,False,False,False
TXN0004244,CUST00763,2025-10-12 19:00:00,Debit,1072.27,Shopping,Credit Card,Failed,0,0,False,False,False,False,False
TXN0004245,CUST00701,2026-05-28 10:00:00,Debit,1665.97,Shopping,Net Banking,Success,1,0,False,False,False,False,False
TXN0004246,CUST01193,2025-12-18 11:00:00,Credit,836.31,Food,Credit Card,Success,0,0,False,False,False,False,False
TXN0004247,CUST00187,2025-04-10 21:00:00,Credit,549.15,Groceries,Net Banking,Failed,0,0,False,False,False,False,False
TXN0004248,CUST00170,2025-06-16 21:00:00,Debit,4121.66,Investment,UPI,Success,0,0,False,False,False,False,False
TXN0004249,CUST00552,2025-11-27 11:00:00,Debit,1361.83,Entertainment,Credit Card,Success,0,0,False,False,False,False,False
TXN0004250,CUST00734,2026-01-30 23:00:00,Debit,259.74,Utilities,UPI,Success,0,0,False,False,False,False,False
TXN0004251,CUST00645,2025-02-22 23:00:00,Transfer,1619.76,Healthcare,Debit Card,Success,0,0,False,False,False,False,False
TXN0004252,CUST00241,2026-09-20 00:00:00,Debit,1022.88,Shopping,Debit Card,Pending,0,0,False,False,False,False,False
TXN0004253,CUST00721,2026-01-26 00:00:00,Debit,3776.65,Shopping,UPI,Failed,0,0,False,False,False,False,False
TXN0004254,CUST01149,2026-06-10 01:00:00,Credit,698.09,Shopping,UPI,Success,0,0,False,False,False,False,False
TXN0004255,CUST00986,2025-08-29 11:00:00,Debit,94.39,Food,Net Banking,Success,0,0,False,False,False,False,False
TXN0004256,CUST00322,2026-06-03 03:00:00,Debit,1326.49,Food,UPI,Success,0,0,False,False,False,False,False
TXN0004257,CUST00516,2026-05-05 20:00:00,Debit,1596.91,Shopping,UPI,Success,0,1,False,False,False,False,False
TXN0004258,CUST00766,2026-09-07 01:00:00,Credit,5458.36,Entertainment,Debit Card,Success,0,1,False,False,False,False,False
TXN0004259,CUST01160,2025-11-24 05:00:00,Transfer,1628.84,Rent,UPI,Success,0,0,False,False,False,False,False
TXN0004260,CUST00057,2025-05-19 03:00:00,Transfer,1864.21,Healthcare,Credit Card,Success,0,1,False,False,False,False,False
TXN0004261,CUST00277,2025-09-07 08:00:00,Debit,4210.06,Travel,Debit Card,Success,0,0,False,False,False,False,False
TXN0004262,CUST00372,2026-09-15 10:00:00,Transfer,865.31,Shopping,Net Banking,Success,0,0,False,False,False,False,False
TXN0004263,CUST00309,2025-12-30 09:00:00,Credit,296.58,Salary,UPI,Success,0,2,False,False,False,False,False
TXN0004264,CUST00902,2026-02-01 00:00:00,Transfer,860.51,Rent,Credit Card,Success,0,0,False,False,False,False,False
TXN0004265,CUST00407,2026-07-02 02:00:00,Transfer,1823.76,Entertainment,Debit Card,Success,0,1,False,False,False,False,False
TXN0004266,CUST00197,2025-05-20 16:00:00,Debit,130.05,Healthcare,UPI,Success,0,0,False,False,False,False,False
TXN0004267,CUST00459,2025-04-27 16:00:00,Transfer,1525.3,Travel,Debit Card,Success,0,0,False,False,False,False,False
TXN0004268,CUST00502,2025-06-08 02:00:00,Debit,1213.16,Utilities,Credit Card,Success,0,0,False,False,False,False,False
TXN0004269,CUST00917,2026-04-11 11:00:00,Debit,218.67,Healthcare,UPI,Failed,0,0,False,False,False,False,False
TXN0004270,CUST00234,2025-06-26 20:00:00,Debit,1589.08,Shopping,Debit Card,Failed,0,3,False,False,False,False,False
TXN0004271,CUST00774,2026-03-03 03:00:00,Debit,389.72,Salary,UPI,Success,0,0,False,False,False,False,False
TXN0004272,CUST00544,2025-12-16 11:00:00,Credit,1098.43,Travel,UPI,Success,0,0,False,False,False,False,False
TXN0004273,CUST00853,2026-03-12 17:00:00,Transfer,3576.17,Utilities,Debit Card,Failed,1,1,False,False,False,False,False
TXN0004274,CUST01095,2026-06-19 11:00:00,Debit,726.61,Food,Debit Card,Success,0,1,False,False,False,False,False
TXN0004275,CUST00255,2025-03-07 00:00:00,Transfer,2904.22,Shopping,Debit Card,Success,0,0,False,False,False,False,False
TXN0004276,CUST01123,2026-01-09 11:00:00,Debit,1043.69,Rent,Debit Card,Success,0,0,False,False,False,False,False
TXN0004277,CUST00116,2025-05-11 09:00:00,Debit,571.28,Food,UPI,Success,0,0,False,False,False,False,False
TXN0004278,CUST00997,2025-09-17 15:00:00,Debit,1404.9,Investment,ATM,Success,0,0,False,False,False,False,False
TXN0004279,CUST00957,2025-12-07 09:00:00,Credit,502.61,Groceries,Net Banking,Success,0,3,False,False,False,False,False
TXN0004280,CUST00265,2026-01-27 04:00:00,Debit,8066.08,Rent,UPI,Failed,0,1,False,False,False,False,False
TXN0004281,CUST00325,2025-10-30 10:00:00,Credit,121.87,Healthcare,ATM,Success,0,0,False,False,False,False,False
TXN0004282,CUST00870,2025-08-28 17:00:00,Debit,10212.52,Food,Credit Card,Success,1,0,False,False,False,False,False
TXN0004283,CUST00249,2026-04-17 16:00:00,Credit,401.09,Entertainment,UPI,Failed,0,0,False,False,False,False,False
TXN0004284,CUST00074,2025-02-27 11:00:00,Transfer,1962.52,Food,UPI,Success,0,0,False,False,False,False,False
TXN0004285,CUST00686,2025-03-30 12:00:00,Debit,1331.76,Travel,UPI,Success,0,0,False,False,False,False,False
TXN0004286,CUST00834,2025-03-05 00:00:00,Credit,725.72,Groceries,Net Banking,Success,0,2,False,False,False,False,False
TXN0004287,CUST00690,2026-04-08 05:00:00,Credit,199.18,Groceries,UPI,Pending,0,1,False,False,False,False,False
TXN0004288,CUST00285,2025-04-20 15:00:00,Transfer,843.79,Investment,ATM,Pending,0,0,False,False,False,False,False
TXN0004289,CUST00623,2025-12-11 23:00:00,Debit,3142.86,Utilities,UPI,Success,0,0,False,False,False,False,False
TXN0004290,CUST00997,2026-02-18 06:00:00,Transfer,793.75,Travel,UPI,Success,0,0,False,False,False,False,False
TXN0004291,CUST01126,2026-09-20 21:00:00,Debit,1249.31,Rent,Debit Card,Success,0,0,False,False,False,False,False
TXN0004292,CUST00889,2025-04-22 00:00:00,Transfer,437.0,Investment,Credit Card,Success,0,1,False,False,False,False,False
TXN0004293,CUST01115,2025-03-19 02:00:00,Debit,476.16,Entertainment,Net Banking,Success,1,0,False,False,False,False,False
TXN0004294,CUST00938,2025-06-09 16:00:00,Debit,297.37,Investment,UPI,Success,0,0,False,False,False,False,False
TXN0004295,CUST00098,2025-08-23 02:00:00,Credit,1101.61,Food,Debit Card,Success,0,0,False,False,False,False,False
TXN0004296,CUST00051,2025-11-20 10:00:00,Credit,2566.59,Shopping,Debit Card,Success,0,0,False,False,False,False,False
TXN0004297,CUST00715,2025-11-27 10:00:00,Debit,1825.77,Rent,UPI,Success,1,0,False,False,False,False,False
TXN0004298,CUST00358,2025-02-23 00:00:00,Transfer,1170.84,Entertainment,UPI,Success,0,0,False,False,False,False,False
TXN0004299,CUST01100,2025-04-16 02:00:00,Debit,16782.73,Groceries,UPI,Success,0,1,False,False,False,False,True
TXN0004300,CUST01198,2026-04-11 02:00:00,Debit,614.92,Investment,ATM,Success,1,0,False,False,False,False,False
TXN0004301,CUST00654,2025-05-18 04:00:00,Transfer,3492.86,Food,UPI,Success,0,0,False,False,False,False,False
TXN0004302,CUST00983,2025-10-30 09:00:00,Transfer,2427.74,Rent,UPI,Success,0,0,False,False,False,False,False
TXN0004303,CUST00218,2026-09-08 12:00:00,Transfer,1445.41,Utilities,Debit Card,Success,0,1,False,False,False,False,False
TXN0004304,CUST01189,2025-06-27 08:00:00,Debit,712.59,Shopping,UPI,Success,0,0,False,False,False,False,False
TXN0004305,CUST00180,2026-08-20 06:00:00,Debit,1815.15,Investment,UPI,Success,0,1,False,False,False,False,False
TXN0004306,CUST00286,2026-05-26 16:00:00,Credit,373.14,Groceries,Credit Card,Success,0,0,False,False,False,False,False
TXN0004307,CUST01005,2025-10-26 19:00:00,Debit,587.88,Shopping,ATM,Success,0,0,False,False,False,False,False
TXN0004308,CUST00813,2026-06-18 00:00:00,Debit,2092.42,Healthcare,Net Banking,Success,0,0,False,False,False,False,False
TXN0004309,CUST00893,2026-01-23 14:00:00,Debit,752.78,Healthcare,UPI,Success,0,0,False,False,False,False,False
TXN0004310,CUST00361,2025-03-18 18:00:00,Debit,3648.93,Shopping,Credit Card,Success,0,0,False,False,False,False,False
TXN0004311,CUST01009,2025-08-08 01:00:00,Debit,233.54,Salary,UPI,Success,0,0,False,False,False,False,False
TXN0004312,CUST01029,2026-08-08 03:00:00,Transfer,482.09,Food,UPI,Success,0,0,False,False,False,False,False
TXN0004313,CUST00323,2025-11-12 23:00:00,Transfer,1064.21,Food,Net Banking,Success,0,0,False,False,False,False,False
TXN0004314,CUST00689,2025-09-20 18:00:00,Debit,1938.25,Entertainment,UPI,Failed,0,0,False,False,False,False,False
TXN0004315,CUST00693,2025-12-12 05:00:00,Transfer,1444.81,Shopping,Debit Card,Success,0,0,False,False,False,False,False
TXN0004316,CUST00980,2026-05-08 13:00:00,Debit,1282.25,Rent,ATM,Success,0,1,False,False,False,False,False
TXN0004317,CUST00740,2025-01-24 09:00:00,Transfer,4166.51,Groceries,ATM,Success,0,0,False,False,False,False,False
TXN0004318,CUST00472,2026-06-16 00:00:00,Debit,2006.39,Rent,Debit Card,Success,0,0,False,False,False,False,False
TXN0004319,CUST00867,2025-08-20 23:00:00,Debit,1183.1,Salary,UPI,Success,0,0,False,False,False,False,False
TXN0004320,CUST00442,2025-08-27 07:00:00,Credit,701.2,Entertainment,Debit Card,Failed,0,1,False,False,False,False,False
TXN0004321,CUST00660,2025-02-27 04:00:00,Transfer,3316.29,Food,UPI,Success,1,2,False,False,False,False,False
TXN0004322,CUST01058,2026-09-22 05:00:00,Credit,1189.42,Utilities,Debit Card,Pending,0,0,False,False,False,False,False
TXN0004323,CUST00385,2026-06-08 05:00:00,Transfer,454.16,Rent,Credit Card,Failed,0,0,False,False,False,False,False
TXN0004324,CUST01073,2025-07-28 21:00:00,Credit,1259.1,Rent,UPI,Success,0,1,False,False,False,False,False
TXN0004325,CUST01149,2026-09-23 00:00:00,Debit,1401.82,Investment,UPI,Success,0,0,False,False,False,False,False
TXN0004326,CUST00500,2025-09-29 19:00:00,Debit,5354.42,Healthcare,Debit Card,Success,0,1,False,False,False,False,False
TXN0004327,CUST00704,2025-04-07 10:00:00,Debit,1096.265,Entertainment,UPI,Pending,1,0,False,False,False,True,False
TXN0004328,CUST01113,2025-06-18 22:00:00,Debit,446.21,Investment,UPI,Success,0,1,False,False,False,False,False
TXN0004329,CUST01086,2026-01-13 07:00:00,Credit,718.58,Shopping,Debit Card,Success,0,1,False,False,False,False,False
TXN0004330,CUST00288,2025-04-19 22:00:00,Credit,631.68,Travel,ATM,Success,0,0,False,False,False,False,False
TXN0004331,CUST00913,2026-08-30 17:00:00,Credit,309.42,Travel,Debit Card,Success,0,0,False,False,False,False,False
TXN0004332,CUST00006,2025-11-28 10:00:00,Debit,476.61,Food,ATM,Success,0,0,False,False,False,False,False
TXN0004333,CUST00394,2025-09-02 20:00:00,Debit,3969.98,Travel,UPI,Success,0,0,False,False,False,False,False
TXN0004334,CUST01134,2025-02-21 07:00:00,Transfer,375.7,Investment,ATM,Success,0,0,False,False,False,False,False
TXN0004335,CUST01068,2026-06-02 06:00:00,Transfer,2225.18,Groceries,ATM,Success,0,0,False,False,False,False,False
TXN0004336,CUST01080,2025-12-12 11:00:00,Debit,1096.265,Entertainment,Net Banking,Success,0,0,False,False,False,True,False
TXN0004337,CUST00862,2025-02-04 11:00:00,Debit,75.11,Investment,UPI,Success,0,0,False,False,False,False,False
TXN0004338,CUST00519,2026-03-14 06:00:00,Transfer,6871.92,Groceries,Net Banking,Success,0,1,False,False,False,False,False
TXN0004339,CUST00454,2026-03-06 13:00:00,Debit,3512.18,Groceries,Credit Card,Success,0,0,False,False,False,False,False
TXN0004340,CUST01152,2025-06-26 04:00:00,Credit,1700.96,Food,UPI,Success,0,1,False,False,False,False,False
TXN0004341,CUST00874,2025-11-13 20:00:00,Credit,2325.79,Investment,Credit Card,Failed,0,0,False,False,False,False,False
TXN0004342,CUST00027,2026-01-11 00:00:00,Debit,2305.03,Groceries,Debit Card,Success,0,1,False,False,False,False,False
TXN0004343,CUST00550,2025-01-09 07:00:00,Transfer,1885.85,Healthcare,Net Banking,Success,0,0,False,False,False,False,False
TXN0004344,CUST00803,2026-06-30 02:00:00,Debit,2287.51,Investment,Net Banking,Success,0,0,False,False,False,False,False
TXN0004345,CUST00001,2025-10-07 10:00:00,Credit,1508.75,Salary,UPI,Success,0,1,False,False,False,False,False
TXN0004346,CUST00014,2026-06-30 04:00:00,Transfer,820.66,Salary,UPI,Success,0,0,False,False,False,False,False
TXN0004347,CUST00204,2026-06-19 02:00:00,Transfer,1939.27,Utilities,Debit Card,Success,0,0,False,False,False,False,False
TXN0004348,CUST01185,2026-03-14 14:00:00,Debit,1442.24,Investment,UPI,Success,0,0,False,False,False,False,False
TXN0004349,CUST00674,2026-02-20 15:00:00,Debit,4332.81,Healthcare,Debit Card,Pending,0,1,False,False,False,False,False
TXN0004350,CUST00403,2025-02-16 16:00:00,Debit,1104.64,Shopping,ATM,Success,0,0,False,False,False,False,False
TXN0004351,CUST00783,2025-03-19 16:00:00,Debit,1596.29,Shopping,Debit Card,Success,1,0,False,False,False,False,False
TXN0004352,CUST01124,2025-09-20 03:00:00,Transfer,1440.4,Travel,Credit Card,Success,1,0,False,False,False,False,False
TXN0004353,CUST00848,2025-12-25 04:00:00,Debit,2815.31,Entertainment,UPI,Success,0,0,False,False,False,False,False
TXN0004354,CUST00248,2026-09-04 00:00:00,Debit,177.42,Salary,Credit Card,Success,0,0,False,False,False,False,False
TXN0004355,CUST00632,2026-04-10 02:00:00,Transfer,272.39,Healthcare,Debit Card,Success,0,0,False,False,False,False,False
TXN0004356,CUST00488,2026-01-31 19:00:00,Debit,2369.74,Food,Net Banking,Success,0,0,False,False,False,False,False
TXN0004357,CUST01039,2026-04-04 20:00:00,Debit,523.17,Travel,Credit Card,Success,0,0,False,False,False,False,False
TXN0004358,CUST00047,2026-05-15 13:00:00,Debit,591.67,Travel,Net Banking,Success,0,1,False,False,False,False,False
TXN0004359,CUST00097,2025-01-09 03:00:00,Transfer,2544.5,Salary,UPI,Failed,0,1,False,False,False,False,False
TXN0004360,CUST00229,2026-07-10 16:00:00,Transfer,2860.06,Rent,ATM,Success,0,0,False,False,False,False,False
TXN0004361,CUST00216,2025-01-19 08:00:00,Debit,777.4,Food,ATM,Failed,0,1,False,False,False,False,False
TXN0004362,CUST00314,2026-04-06 03:00:00,Debit,639.46,Groceries,UPI,Success,0,1,False,False,False,False,False
TXN0004363,,2025-10-14 03:00:00,Transfer,429.18,Food,UPI,Success,0,0,False,False,True,False,False
TXN0004364,CUST00387,2026-04-21 15:00:00,Credit,158.9,Rent,UPI,Success,0,0,False,False,False,False,False
TXN0004365,CUST00852,2026-08-19 01:00:00,Debit,822.22,Travel,UPI,Success,0,0,False,False,False,False,False
TXN0004366,CUST00846,2026-01-30 08:00:00,Debit,985.74,Salary,Credit Card,Pending,0,0,False,False,False,False,False
TXN0004367,CUST00849,2026-01-14 10:00:00,Debit,841.57,Entertainment,ATM,Success,0,0,False,False,False,False,False
TXN0004368,CUST00604,2026-02-13 13:00:00,Transfer,1885.5,Food,Debit Card,Success,0,0,False,False,False,False,False
TXN0004369,CUST00033,2026-02-18 00:00:00,Transfer,224.57,Utilities,Debit Card,Success,0,0,False,False,False,False,False
TXN0004370,CUST00936,2026-07-01 22:00:00,Debit,1251.11,Entertainment,UPI,Success,0,0,False,False,False,False,False
TXN0004371,CUST00403,2026-07-06 05:00:00,Transfer,10132.22,Utilities,Credit Card,Success,0,0,False,False,False,False,False
TXN0004372,CUST00665,2025-12-07 17:00:00,Transfer,1404.66,Investment,Debit Card,Success,0,0,False,False,False,False,False
TXN0004373,CUST00078,2025-04-16 03:00:00,Debit,916.55,Groceries,Debit Card,Failed,0,0,False,False,False,False,False
TXN0004374,CUST00090,2025-11-12 07:00:00,Debit,536.1,Shopping,Credit Card,Success,0,0,False,False,False,False,False
TXN0004375,CUST00569,2026-02-02 08:00:00,Credit,134.28,Rent,Net Banking,Success,0,0,False,False,False,False,False
TXN0004376,CUST00169,2025-11-29 04:00:00,Credit,895.74,Rent,ATM,Success,0,1,False,False,False,False,False
TXN0004377,CUST00616,2025-03-04 01:00:00,Debit,3144.62,Entertainment,Credit Card,Success,0,0,False,False,False,False,False
TXN0004378,CUST00705,2026-06-24 06:00:00,Credit,1441.35,Healthcare,ATM,Success,0,0,False,False,False,False,False
TXN0004379,CUST00448,2025-01-05 04:00:00,Transfer,661.16,Entertainment,Net Banking,Success,0,0,False,False,False,False,False
TXN0004380,CUST00404,2025-05-15 01:00:00,Debit,1209.56,Food,UPI,Success,0,0,False,False,False,False,False
TXN0004381,CUST00532,2026-05-23 18:00:00,Debit,2895.4,Food,UPI,Success,0,1,False,False,False,False,False
TXN0004382,CUST00808,2025-03-02 13:00:00,Debit,2361.21,Salary,Net Banking,Success,0,0,False,False,False,False,False
TXN0004383,CUST00699,2025-08-30 20:00:00,Debit,466.87,Shopping,Debit Card,Failed,0,0,False,False,False,False,False
TXN0004384,CUST00353,2025-05-26 06:00:00,Debit,898.73,Investment,Debit Card,Success,0,0,False,False,False,False,False
TXN0004385,CUST00661,2025-03-10 13:00:00,Credit,1736.05,Entertainment,UPI,Success,0,0,False,False,False,False,False
TXN0004386,CUST00683,2025-09-19 15:00:00,Debit,5667.71,Shopping,Net Banking,Success,0,0,False,False,False,False,False
TXN0004387,CUST00395,2026-01-27 05:00:00,Debit,126.42,Shopping,ATM,Success,0,0,False,False,False,False,False
TXN0004388,CUST00870,2026-03-20 10:00:00,Debit,385.22,Healthcare,Net Banking,Success,0,1,False,False,False,False,False
TXN0004389,CUST01068,2025-05-31 18:00:00,Credit,1877.12,Shopping,UPI,Success,1,0,False,False,False,False,False
TXN0004390,CUST00816,2025-05-07 07:00:00,Debit,815.02,Salary,ATM,Success,0,0,False,False,False,False,False
TXN0004391,CUST00560,2026-08-10 19:00:00,Debit,1372.67,Utilities,UPI,Success,0,0,False,False,False,False,False
TXN0004392,CUST00365,2026-01-23 15:00:00,Credit,676.25,Travel,ATM,Success,0,0,False,False,False,False,False
TXN0004393,CUST00577,2025-10-03 04:00:00,Debit,153.56,Utilities,UPI,Success,0,0,False,False,False,False,False
TXN0004394,CUST00685,2026-04-15 14:00:00,Credit,1097.88,Travel,UPI,Failed,0,1,False,False,False,False,False
TXN0004395,CUST01154,2026-04-28 19:00:00,Debit,1429.87,Travel,UPI,Failed,0,0,False,False,False,False,False
TXN0004396,CUST00954,2026-06-08 20:00:00,Transfer,687.87,Healthcare,UPI,Success,0,0,False,False,False,False,False
TXN0004397,CUST00630,2025-03-27 12:00:00,Debit,1117.99,Travel,ATM,Success,1,0,False,False,False,False,False
TXN0004398,CUST00401,2026-05-06 09:00:00,Debit,349.61,Healthcare,ATM,Success,0,0,False,False,False,False,False
TXN0004399,CUST00849,2026-04-23 20:00:00,Debit,865.45,Utilities,ATM,Success,0,0,False,False,False,False,False
TXN0004400,CUST00631,2025-05-14 00:00:00,Debit,2435.74,Utilities,Net Banking,Pending,0,0,False,False,False,False,False
TXN0004401,CUST00381,2025-12-13 05:00:00,Debit,178.75,Salary,Net Banking,Success,0,0,False,False,False,False,False
TXN0004402,CUST00917,2026-06-06 06:00:00,Credit,1459.87,Investment,UPI,Success,0,0,False,False,False,False,False
TXN0004403,CUST00696,2026-08-13 19:00:00,Credit,1469.02,Shopping,Debit Card,Success,0,0,False,False,False,False,False
TXN0004404,CUST00377,2025-11-05 15:00:00,Debit,1589.24,Utilities,Net Banking,Success,0,0,False,False,False,False,False
TXN0004405,CUST00006,2025-07-10 22:00:00,Debit,4005.33,Investment,UPI,Success,0,0,False,False,False,False,False
TXN0004406,CUST00163,2025-08-04 11:00:00,Debit,4296.2,Utilities,Debit Card,Success,0,0,False,False,False,False,False
TXN0004407,CUST00360,2026-02-02 17:00:00,Debit,321.17,Groceries,Debit Card,Success,0,0,False,False,False,False,False
TXN0004408,CUST00087,2025-03-22 03:00:00,Debit,812.52,Groceries,Debit Card,Success,0,0,False,False,False,False,False
TXN0004409,CUST00528,2025-02-11 04:00:00,Debit,646.95,Investment,Debit Card,Success,0,0,False,False,False,False,False
TXN0004410,CUST00788,2025-11-20 10:00:00,Credit,203.07,Shopping,Credit Card,Success,0,0,False,False,False,False,False
TXN0004411,CUST00983,2026-09-28 07:00:00,Credit,12418.31,Utilities,Debit Card,Success,0,0,False,False,False,False,True
TXN0004412,CUST00914,2026-08-25 12:00:00,Transfer,1613.33,Shopping,UPI,Success,0,1,False,False,False,False,False
TXN0004413,CUST00690,2025-09-12 00:00:00,Transfer,229.59,Entertainment,Debit Card,Success,0,1,False,False,False,False,False
TXN0004414,CUST00193,2025-04-05 22:00:00,Credit,1515.66,Groceries,Credit Card,Success,0,0,False,False,False,False,False
TXN0004415,CUST00225,2026-01-26 22:00:00,Debit,50.0,Groceries,ATM,Success,0,1,False,False,False,False,False
TXN0004416,CUST00312,2025-03-26 18:00:00,Debit,360.66,Shopping,UPI,Success,0,0,False,False,False,False,False
TXN0004417,CUST00735,2025-10-09 04:00:00,Transfer,8173.67,Salary,UPI,Success,0,0,False,False,False,False,False
TXN0004418,CUST01049,2026-08-09 11:00:00,Debit,531.49,Groceries,ATM,Success,0,0,False,False,False,False,False
TXN0004419,CUST00729,2026-03-12 17:00:00,Credit,1160.57,Travel,UPI,Success,0,0,False,False,False,False,False
TXN0004420,CUST00546,2026-04-30 21:00:00,Debit,1047.35,Travel,ATM,Success,0,0,False,False,False,False,False
TXN0004421,CUST00760,2026-06-15 17:00:00,Debit,225.47,Food,Debit Card,Success,0,0,False,False,False,False,False
TXN0004422,CUST01170,2025-06-27 12:00:00,Debit,4629.66,Investment,Credit Card,Success,0,1,False,False,False,False,False
TXN0004423,CUST00220,2025-01-28 07:00:00,Debit,486.95,Groceries,Net Banking,Success,0,0,False,False,False,False,False
TXN0004424,CUST00785,2026-03-29 15:00:00,Debit,142.74,Shopping,UPI,Success,0,0,False,False,False,False,False
TXN0004425,CUST00491,2026-03-13 17:00:00,Transfer,2489.56,Food,Credit Card,Success,0,0,False,False,False,False,False
TXN0004426,CUST00002,2025-03-27 04:00:00,Credit,782.38,Travel,UPI,Success,1,0,False,False,False,False,False
TXN0004427,CUST00777,2026-07-11 00:00:00,Transfer,625.3,Utilities,Debit Card,Success,0,0,False,False,False,False,False
TXN0004428,CUST00637,2025-09-26 21:00:00,Debit,734.44,Groceries,Debit Card,Success,0,0,False,False,False,False,False
TXN0004429,CUST00233,2026-02-15 05:00:00,Debit,4698.7,Shopping,UPI,Success,0,0,False,False,False,False,False
TXN0004430,CUST00155,2025-12-18 16:00:00,Debit,529.1,Entertainment,Debit Card,Success,0,0,False,False,False,False,False
TXN0004431,CUST00202,2026-09-29 17:00:00,Debit,2821.78,Utilities,UPI,Success,0,1,False,False,False,False,False
TXN0004432,CUST00615,2026-01-17 02:00:00,Transfer,3246.63,Investment,Debit Card,Success,0,0,False,False,False,False,False
TXN0004433,CUST00367,2025-08-12 14:00:00,Debit,1605.4,Rent,UPI,Success,0,0,False,False,False,False,False
TXN0004434,CUST01112,2026-04-16 21:00:00,Debit,1340.79,Healthcare,Net Banking,Success,0,0,False,False,False,False,False
TXN0004435,CUST00386,2025-08-08 01:00:00,Debit,299.85,Shopping,UPI,Success,0,0,False,False,False,False,False
TXN0004436,CUST01120,2026-08-10 20:00:00,Debit,2247.37,Food,UPI,Success,0,0,False,False,False,False,False
TXN0004437,CUST01151,2025-12-30 02:00:00,Transfer,1096.265,Rent,Debit Card,Success,0,1,False,False,False,True,False
TXN0004438,CUST00511,2025-07-08 18:00:00,Debit,845.1,Healthcare,UPI,Success,1,0,False,False,False,False,False
TXN0004439,CUST00872,2025-06-22 07:00:00,Transfer,153.63,Food,Net Banking,Success,0,1,False,False,False,False,False
TXN0004440,CUST00700,2025-03-16 23:00:00,Debit,576.83,Rent,ATM,Success,0,0,False,False,False,False,False
TXN0004441,CUST00543,2025-10-22 13:00:00,Debit,1386.9,Food,Credit Card,Success,0,0,False,False,False,False,False
TXN0004442,CUST00139,2025-06-21 13:00:00,Transfer,348.95,Healthcare,Net Banking,Success,0,0,False,False,False,False,False
TXN0004443,CUST00778,2026-06-23 14:00:00,Debit,388.41,Salary,Net Banking,Success,0,0,False,False,False,False,False
TXN0004444,CUST00224,2026-08-04 13:00:00,Credit,465.91,Utilities,UPI,Success,0,0,False,False,False,False,False
TXN0004445,CUST00218,2026-07-30 09:00:00,Credit,5034.87,Food,ATM,Success,0,0,False,False,False,False,False
TXN0004446,CUST00214,2025-09-25 21:00:00,Debit,2542.43,Food,Credit Card,Success,1,1,False,False,False,False,False
TXN0004447,CUST00531,2026-05-17 11:00:00,Transfer,1470.73,Travel,ATM,Success,0,0,False,False,False,False,False
TXN0004448,CUST00419,2026-05-11 19:00:00,Credit,733.15,Travel,UPI,Failed,0,0,False,False,False,False,False
TXN0004449,CUST00774,2026-09-13 15:00:00,Debit,4202.76,Investment,UPI,Success,0,0,False,False,False,False,False
TXN0004450,CUST01094,2025-02-25 21:00:00,Transfer,679.12,Entertainment,Net Banking,Success,0,0,False,False,False,False,False
TXN0004451,CUST00403,2026-05-16 16:00:00,Transfer,746.21,Groceries,ATM,Success,0,0,False,False,False,False,False
TXN0004452,CUST00147,2025-09-29 17:00:00,Transfer,2331.59,Entertainment,Debit Card,Failed,0,0,False,False,False,False,False
TXN0004453,CUST00147,2025-04-26 09:00:00,Credit,156.55,Travel,Credit Card,Success,0,0,False,False,False,False,False
TXN0004454,CUST00731,2025-05-14 00:00:00,Debit,1844.55,Entertainment,Debit Card,Success,0,0,False,False,False,False,False
TXN0004455,CUST00165,2026-04-24 03:00:00,Credit,582.3,Rent,UPI,Success,0,1,False,False,False,False,False
TXN0004456,CUST00065,2025-07-31 05:00:00,Debit,1138.45,Travel,Credit Card,Success,0,0,False,False,False,False,False
TXN0004457,CUST00491,2026-08-16 15:00:00,Transfer,353.52,Rent,Net Banking,Success,0,0,False,False,False,False,False
TXN0004458,CUST00104,2025-03-23 17:00:00,Debit,2861.13,Investment,Net Banking,Success,0,0,False,False,False,False,False
TXN0004459,CUST00414,2025-03-11 15:00:00,Transfer,1039.24,Utilities,UPI,Success,0,0,False,False,False,False,False
TXN0004460,CUST00701,2026-08-21 21:00:00,Debit,1333.59,Healthcare,UPI,Success,0,0,False,False,False,False,False
TXN0004461,CUST00721,2025-09-14 04:00:00,Transfer,534.1,Rent,Debit Card,Failed,0,0,False,False,False,False,False
TXN0004462,CUST01116,2025-02-10 08:00:00,Debit,1029.69,Groceries,Credit Card,Success,0,1,False,False,False,False,False
TXN0004463,CUST00854,2025-04-14 20:00:00,Debit,1156.27,Utilities,UPI,Success,0,0,False,False,False,False,False
TXN0004464,CUST00246,2026-08-13 05:00:00,Credit,545.4,Entertainment,UPI,Success,0,0,False,False,False,False,False
TXN0004465,CUST00629,2025-12-31 08:00:00,Debit,2376.74,Entertainment,UPI,Success,0,0,False,False,False,False,False
TXN0004466,CUST00320,2025-03-15 23:00:00,Debit,10212.58,Entertainment,ATM,Success,0,0,False,False,False,False,False
TXN0004467,CUST00985,2025-05-29 18:00:00,Debit,311.04,Entertainment,UPI,Success,0,1,False,False,False,False,False
TXN0004468,CUST00366,2026-07-09 09:00:00,Credit,2200.59,Investment,Debit Card,Success,0,1,False,False,False,False,False
TXN0004469,CUST00594,2025-10-14 12:00:00,Transfer,7576.99,Travel,UPI,Pending,0,0,False,False,False,False,False
TXN0004470,CUST00608,2025-02-08 06:00:00,Transfer,440.1,Groceries,UPI,Success,0,0,False,False,False,False,False
TXN0004471,CUST00977,2025-08-12 03:00:00,Debit,927.99,Investment,Credit Card,Success,0,0,False,False,False,False,False
TXN0004472,CUST01054,2025-08-20 11:00:00,Transfer,5079.74,Food,UPI,Success,0,1,False,False,False,False,False
TXN0004473,CUST00944,2026-07-01 06:00:00,Transfer,2011.2,Travel,Net Banking,Success,0,1,False,False,False,False,False
TXN0004474,CUST01016,2026-06-03 23:00:00,Credit,2492.94,Groceries,UPI,Pending,0,0,False,False,False,False,False
TXN0004475,CUST00856,2025-11-24 21:00:00,Debit,1813.03,Travel,Credit Card,Success,0,0,False,False,False,False,False
TXN0004476,,2025-01-02 02:00:00,Debit,1337.99,Rent,ATM,Success,0,1,False,False,True,False,False
TXN0004477,CUST00445,2025-12-15 18:00:00,Transfer,621.15,Healthcare,Debit Card,Success,0,0,False,False,False,False,False
TXN0004478,CUST01093,2025-02-03 22:00:00,Transfer,225.8,Entertainment,ATM,Success,0,1,False,False,False,False,False
TXN0004479,CUST00853,2025-07-01 06:00:00,Debit,710.1,Entertainment,Net Banking,Success,0,0,False,False,False,False,False
TXN0004480,CUST00954,2025-04-25 23:00:00,Credit,1382.05,Healthcare,Credit Card,Success,0,0,False,False,False,False,False
TXN0004481,CUST00965,2026-01-06 10:00:00,Transfer,1098.12,Salary,Net Banking,Success,1,1,False,False,False,False,False
TXN0004482,CUST00413,2025-05-12 00:00:00,Credit,812.0,Healthcare,UPI,Success,0,0,False,False,False,False,False
TXN0004483,CUST00921,2025-11-23 03:00:00,Transfer,3294.68,Entertainment,Net Banking,Failed,0,2,False,False,False,False,False
TXN0004484,CUST00702,2025-09-01 02:00:00,Credit,802.28,Travel,UPI,Success,0,2,False,False,False,False,False
TXN0004485,CUST00384,2025-04-07 00:00:00,Transfer,1095.05,Shopping,UPI,Success,0,0,False,False,False,False,False
TXN0004486,CUST00264,2025-11-24 03:00:00,Transfer,1366.33,Shopping,UPI,Success,0,1,False,False,False,False,False
TXN0004487,CUST00215,2026-06-13 03:00:00,Debit,363.55,Utilities,UPI,Success,0,0,False,False,False,False,False
TXN0004488,CUST01026,2025-07-18 19:00:00,Debit,17342.85,Travel,Credit Card,Success,0,0,False,False,False,False,True
TXN0004489,CUST00922,2025-03-17 20:00:00,Transfer,571.22,Investment,Credit Card,Success,0,0,False,False,False,False,False
TXN0004490,CUST00203,2025-05-03 02:00:00,Transfer,488.55,Investment,Debit Card,Success,0,0,False,False,False,False,False
TXN0004491,CUST01032,2026-09-21 15:00:00,Transfer,395.09,Shopping,Debit Card,Success,0,0,False,False,False,False,False
TXN0004492,CUST00421,2026-01-02 13:00:00,Transfer,1964.5,Salary,Net Banking,Success,0,0,False,False,False,False,False
TXN0004493,CUST00113,2025-09-29 07:00:00,Credit,4827.05,Salary,UPI,Success,0,0,False,False,False,False,False
TXN0004494,CUST00057,2026-02-10 04:00:00,Transfer,447.64,Shopping,UPI,Success,0,0,False,False,False,False,False
TXN0004495,CUST00875,2025-12-18 11:00:00,Transfer,2692.52,Salary,UPI,Success,0,0,False,False,False,False,False
TXN0004496,CUST00673,2025-07-04 06:00:00,Transfer,150.61,Food,Debit Card,Success,0,0,False,False,False,False,False
TXN0004497,CUST01006,2025-02-16 05:00:00,Transfer,3295.43,Groceries,Credit Card,Success,0,0,False,False,False,False,False
TXN0004498,CUST00517,2026-02-06 01:00:00,Debit,2401.38,Travel,Net Banking,Success,0,0,False,False,False,False,False
TXN0004499,CUST00207,2026-07-16 07:00:00,Debit,635.12,Rent,UPI,Success,0,0,False,False,False,False,False
TXN0004500,CUST00908,2025-06-03 15:00:00,Credit,481.84,Healthcare,UPI,Success,0,0,False,False,False,False,False
TXN0004501,CUST00079,2026-05-26 22:00:00,Debit,7743.26,Shopping,UPI,Success,0,0,False,False,False,False,False
TXN0004502,CUST00155,2025-09-21 03:00:00,Credit,50.0,Entertainment,Debit Card,Success,1,0,False,False,False,False,False
TXN0004503,CUST00992,2026-09-13 08:00:00,Debit,3350.77,Travel,UPI,Success,0,0,False,False,False,False,False
TXN0004504,CUST00551,2026-04-06 02:00:00,Debit,709.88,Shopping,UPI,Failed,0,0,False,False,False,False,False
TXN0004505,CUST00056,2026-03-03 01:00:00,Debit,1364.25,Salary,UPI,Success,0,0,False,False,False,False,False
TXN0004506,CUST00513,2026-08-28 22:00:00,Credit,1236.5,Rent,UPI,Success,0,0,False,False,False,False,False
TXN0004507,CUST00275,2025-09-30 06:00:00,Debit,1716.66,Food,UPI,Success,0,0,False,False,False,False,False
TXN0004508,CUST00647,2026-02-22 03:00:00,Transfer,1237.2,Salary,UPI,Failed,0,0,False,False,False,False,False
TXN0004509,CUST00576,2026-01-01 06:00:00,Transfer,413.46,Travel,UPI,Pending,0,0,False,False,False,False,False
TXN0004510,CUST00875,2025-07-05 00:00:00,Debit,1351.3,Travel,ATM,Success,0,1,False,False,False,False,False
TXN0004511,CUST00039,2025-05-17 18:00:00,Debit,657.2,Groceries,Credit Card,Failed,0,1,False,False,False,False,False
TXN0004512,CUST00759,2025-11-22 00:00:00,Transfer,1531.21,Rent,Debit Card,Success,1,0,False,False,False,False,False
TXN0004513,CUST01181,2025-09-02 15:00:00,Debit,690.85,Investment,ATM,Success,0,1,False,False,False,False,False
TXN0004514,CUST00426,2026-03-28 03:00:00,Debit,1681.7,Travel,UPI,Success,0,1,False,False,False,False,False
TXN0004515,CUST00101,2025-04-12 17:00:00,Transfer,394.8,Entertainment,UPI,Success,0,0,False,False,False,False,False
TXN0004516,CUST01134,2026-05-04 14:00:00,Credit,65.38,Travel,UPI,Success,0,0,False,False,False,False,False
TXN0004517,CUST01067,2025-05-12 18:00:00,Transfer,4539.88,Salary,Net Banking,Success,0,0,False,False,False,False,False
TXN0004518,CUST00759,2026-07-16 02:00:00,Transfer,2131.32,Utilities,UPI,Success,0,1,False,False,False,False,False
TXN0004519,CUST00323,2025-03-30 03:00:00,Debit,646.85,Groceries,Debit Card,Failed,0,1,False,False,False,False,False
TXN0004520,CUST00711,2026-08-05 14:00:00,Transfer,718.11,Shopping,Debit Card,Success,0,0,False,False,False,False,False
TXN0004521,CUST00543,2025-06-26 16:00:00,Credit,240.26,Travel,Credit Card,Success,0,1,False,False,False,False,False
TXN0004522,CUST00723,2025-03-07 21:00:00,Credit,642.89,Travel,UPI,Success,0,0,False,False,False,False,False
TXN0004523,CUST00663,2026-03-08 17:00:00,Debit,330.81,Healthcare,UPI,Unknown,0,0,False,False,False,False,False
TXN0004524,CUST00810,2025-08-17 12:00:00,Debit,554.67,Salary,ATM,Success,0,1,False,False,False,False,False
TXN0004525,CUST00536,2025-07-30 14:00:00,Credit,241.67,Food,UPI,Success,0,0,False,False,False,False,False
TXN0004526,CUST01074,2025-04-06 01:00:00,Transfer,2318.73,Rent,Debit Card,Success,0,1,False,False,False,False,False
TXN0004527,CUST01080,2026-01-06 12:00:00,Credit,1504.28,Salary,UPI,Success,0,0,False,False,False,False,False
TXN0004528,CUST00290,2026-05-29 07:00:00,Debit,505.62,Travel,UPI,Success,0,0,False,False,False,False,False
TXN0004529,CUST00853,2025-04-28 08:00:00,Debit,1350.7,Healthcare,UPI,Success,0,0,False,False,False,False,False
TXN0004530,CUST00346,2025-11-24 16:00:00,Transfer,1254.77,Food,Debit Card,Success,0,0,False,False,False,False,False
TXN0004531,CUST00935,2025-05-10 01:00:00,Debit,2196.26,Salary,Net Banking,Success,0,1,False,False,False,False,False
TXN0004532,CUST00561,2025-01-06 00:00:00,Debit,918.17,Investment,ATM,Success,0,0,False,False,False,False,False
TXN0004533,CUST00273,2025-10-31 17:00:00,Debit,535.2,Investment,Credit Card,Success,0,0,False,False,False,False,False
TXN0004534,CUST00737,2026-09-16 06:00:00,Debit,1273.43,Entertainment,Credit Card,Success,0,1,False,False,False,False,False
TXN0004535,CUST00688,2026-01-07 04:00:00,Debit,1144.22,Food,Credit Card,Success,0,0,False,False,False,False,False
TXN0004536,CUST00770,2026-07-21 20:00:00,Debit,862.62,Entertainment,Credit Card,Success,0,2,False,False,False,False,False
TXN0004537,CUST00252,2025-06-16 06:00:00,Debit,622.91,Healthcare,Debit Card,Success,0,1,False,False,False,False,False
TXN0004538,CUST01046,2025-07-10 07:00:00,Transfer,9318.27,Utilities,UPI,Success,0,0,False,False,False,False,False
TXN0004539,CUST00421,2025-12-26 10:00:00,Debit,1568.37,Travel,UPI,Success,0,0,False,False,False,False,False
TXN0004540,CUST00091,2025-12-06 21:00:00,Transfer,121.74,Groceries,ATM,Success,0,0,False,False,False,False,False
TXN0004541,CUST00156,2025-11-02 07:00:00,Debit,1359.59,Salary,Net Banking,Success,0,0,False,False,False,False,False
TXN0004542,CUST01056,2026-08-30 17:00:00,Transfer,3451.7,Groceries,Credit Card,Success,0,0,False,False,False,False,False
TXN0004543,CUST00977,2025-06-25 03:00:00,Credit,1816.36,Entertainment,Net Banking,Success,0,0,False,False,False,False,False
TXN0004544,CUST00843,2026-06-27 10:00:00,Debit,1331.6,Travel,UPI,Success,0,1,False,False,False,False,False
TXN0004545,CUST00716,2025-08-01 18:00:00,Transfer,2700.47,Travel,Debit Card,Success,0,1,False,False,False,False,False
TXN0004546,CUST00004,2026-06-09 04:00:00,Debit,805.67,Entertainment,Debit Card,Pending,0,1,False,False,False,False,False
TXN0004547,CUST00687,2025-07-09 08:00:00,Transfer,4898.9,Shopping,Net Banking,Success,0,0,False,False,False,False,False
TXN0004548,CUST00371,2026-05-12 19:00:00,Debit,6362.94,Groceries,Credit Card,Success,0,0,False,False,False,False,False
TXN0004549,CUST00796,2025-02-26 00:00:00,Debit,439.84,Travel,Credit Card,Success,0,0,False,False,False,False,False
TXN0004550,CUST00844,2025-05-17 04:00:00,Debit,195.99,Healthcare,UPI,Success,0,0,False,False,False,False,False
TXN0004551,CUST01091,2026-09-03 11:00:00,Debit,413.08,Travel,Credit Card,Success,0,0,False,False,False,False,False
TXN0004552,CUST00692,2026-03-09 20:00:00,Debit,8067.45,Food,UPI,Success,0,0,False,False,False,False,False
TXN0004553,CUST01030,2026-06-19 06:00:00,Debit,402.42,Entertainment,UPI,Success,0,1,False,False,False,False,False
TXN0004554,CUST00556,2026-01-23 09:00:00,Transfer,4401.29,Utilities,UPI,Success,0,0,False,False,False,False,False
TXN0004555,CUST00988,2025-08-31 23:00:00,Transfer,862.22,Rent,Debit Card,Success,0,1,False,False,False,False,False
TXN0004556,CUST01138,2025-12-17 12:00:00,Transfer,5031.71,Salary,UPI,Success,0,0,False,False,False,False,False
TXN0004557,CUST01068,2026-02-03 20:00:00,Transfer,275.96,Groceries,UPI,Failed,0,0,False,False,False,False,False
TXN0004558,CUST00229,2025-05-21 18:00:00,Credit,1993.48,Utilities,Debit Card,Success,0,0,False,False,False,False,False
TXN0004559,CUST00012,2025-08-07 00:00:00,Debit,685.44,Shopping,Debit Card,Success,0,0,False,False,False,False,False
TXN0004560,CUST00910,2026-06-24 03:00:00,Debit,720.27,Food,ATM,Pending,0,0,False,False,False,False,False
TXN0004561,CUST01117,2025-07-15 01:00:00,Credit,475.24,Rent,UPI,Success,0,1,False,False,False,False,False
TXN0004562,CUST01087,2026-09-15 01:00:00,Transfer,646.58,Rent,UPI,Success,0,0,False,False,False,False,False
TXN0004563,CUST00854,2026-04-27 11:00:00,Debit,673.06,Investment,UPI,Success,0,0,False,False,False,False,False
TXN0004564,CUST00724,2026-08-12 01:00:00,Transfer,1096.265,Entertainment,ATM,Success,0,0,False,False,False,True,False
TXN0004565,CUST00763,2025-06-07 09:00:00,Transfer,2706.83,Salary,Net Banking,Success,0,0,False,False,False,False,False
TXN0004566,CUST00550,2026-09-14 04:00:00,Debit,571.5,Food,UPI,Success,0,1,False,False,False,False,False
TXN0004567,CUST00450,2025-09-08 01:00:00,Debit,5999.91,Healthcare,UPI,Success,0,0,False,False,False,False,False
TXN0004568,CUST00724,2025-10-14 03:00:00,Debit,1249.33,Healthcare,Credit Card,Success,0,0,False,False,False,False,False
TXN0004569,CUST00960,2025-03-07 11:00:00,Debit,164.9,Investment,ATM,Success,0,0,False,False,False,False,False
TXN0004570,CUST00129,2025-04-23 14:00:00,Debit,816.17,Investment,UPI,Success,1,0,False,False,False,False,False
TXN0004571,CUST00911,2025-09-14 00:00:00,Transfer,1428.83,Rent,UPI,Success,0,0,False,False,False,False,False
TXN0004572,CUST00900,2026-01-28 19:00:00,Credit,1141.67,Rent,Credit Card,Success,1,0,False,False,False,False,False
TXN0004573,CUST00504,2025-02-22 05:00:00,Debit,231.87,Utilities,Debit Card,Success,0,0,False,False,False,False,False
TXN0004574,CUST01197,2026-01-03 04:00:00,Debit,700.06,Salary,Net Banking,Success,0,0,False,False,False,False,False
TXN0004575,CUST00225,2025-11-24 14:00:00,Transfer,1735.49,Shopping,UPI,Unknown,0,0,False,False,False,False,False
TXN0004576,CUST00644,2026-08-16 22:00:00,Transfer,1696.24,Travel,Net Banking,Success,0,0,False,False,False,False,False
TXN0004577,CUST00050,2025-12-19 21:00:00,Debit,981.83,Groceries,ATM,Success,0,0,False,False,False,False,False
TXN0004578,CUST00103,2026-08-19 20:00:00,Debit,8160.88,Salary,UPI,Success,0,0,False,False,False,False,False
TXN0004579,CUST00976,2025-05-20 06:00:00,Transfer,735.87,Entertainment,UPI,Success,1,1,False,False,False,False,False
TXN0004580,CUST00234,2026-04-26 02:00:00,Debit,649.91,Healthcare,Debit Card,Success,0,0,False,False,False,False,False
TXN0004581,CUST00934,2026-05-27 00:00:00,Transfer,1232.55,Travel,ATM,Success,0,0,False,False,False,False,False
TXN0004582,CUST00317,2026-09-11 13:00:00,Credit,2760.43,Travel,Debit Card,Success,1,1,False,False,False,False,False
TXN0004583,CUST00601,2025-01-29 09:00:00,Debit,325.1,Salary,Debit Card,Success,0,0,False,False,False,False,False
TXN0004584,CUST00110,2025-02-18 23:00:00,Credit,6438.39,Food,ATM,Pending,0,0,False,False,False,False,False
TXN0004585,CUST00955,2026-07-01 16:00:00,Credit,1537.32,Groceries,UPI,Success,0,0,False,False,False,False,False
TXN0004586,CUST01011,2026-07-16 21:00:00,Debit,1040.39,Food,UPI,Success,0,1,False,False,False,False,False
TXN0004587,CUST00144,2026-02-13 21:00:00,Debit,5664.86,Groceries,UPI,Success,0,0,False,False,False,False,False
TXN0004588,CUST00155,2026-03-14 04:00:00,Transfer,686.99,Healthcare,Debit Card,Success,0,0,False,False,False,False,False
TXN0004589,CUST00552,2025-04-16 23:00:00,Transfer,897.46,Utilities,Debit Card,Success,0,0,False,False,False,False,False
TXN0004590,CUST00492,2025-08-23 20:00:00,Credit,1604.79,Salary,ATM,Success,0,0,False,False,False,False,False
TXN0004591,CUST00875,2025-09-12 05:00:00,Transfer,960.8,Healthcare,Net Banking,Success,0,0,False,False,False,False,False
TXN0004592,CUST01082,2026-06-11 08:00:00,Debit,430.53,Travel,Debit Card,Pending,0,0,False,False,False,False,False
TXN0004593,CUST01051,2026-09-06 14:00:00,Debit,4880.64,Investment,UPI,Success,0,1,False,False,False,False,False
TXN0004594,CUST00425,2026-07-12 12:00:00,Credit,729.83,Investment,Net Banking,Success,0,0,False,False,False,False,False
TXN0004595,CUST00656,2025-10-30 19:00:00,Debit,1005.92,Shopping,UPI,Success,0,0,False,False,False,False,False
TXN0004596,CUST00937,2025-10-20 07:00:00,Debit,261.74,Groceries,UPI,Success,0,0,False,False,False,False,False
TXN0004597,CUST00128,2025-09-18 12:00:00,Transfer,2137.61,Shopping,Credit Card,Success,0,0,False,False,False,False,False
TXN0004598,,2026-07-16 21:00:00,Debit,1078.53,Investment,Debit Card,Success,0,1,False,False,True,False,False
TXN0004599,CUST01135,2025-10-26 16:00:00,Debit,2040.47,Investment,UPI,Success,0,1,False,False,False,False,False
TXN0004600,CUST01149,2026-02-05 07:00:00,Credit,1217.45,Utilities,Debit Card,Success,0,3,False,False,False,False,False
TXN0004601,CUST01150,2026-05-21 04:00:00,Transfer,1054.39,Utilities,UPI,Success,0,1,False,False,False,False,False
TXN0004602,CUST00713,2026-04-17 22:00:00,Debit,121.73,Food,Credit Card,Success,0,1,False,False,False,False,False
TXN0004603,CUST00550,2026-06-18 00:00:00,Debit,557.05,Rent,UPI,Success,0,0,False,False,False,False,False
TXN0004604,CUST00828,2026-02-13 11:00:00,Debit,751.61,Salary,Net Banking,Success,0,0,False,False,False,False,False
TXN0004605,CUST00071,2025-12-17 12:00:00,Debit,1317.28,Rent,UPI,Success,1,1,False,False,False,False,False
TXN0004606,CUST00781,2026-06-14 22:00:00,Debit,1139.14,Salary,ATM,Success,0,0,False,False,False,False,False
TXN0004607,CUST00282,2026-09-17 12:00:00,Transfer,4243.15,Entertainment,Debit Card,Success,1,1,False,False,False,False,False
TXN0004608,CUST00690,2025-11-15 22:00:00,Transfer,715.31,Rent,UPI,Success,0,1,False,False,False,False,False
TXN0004609,CUST00922,2026-01-31 06:00:00,Transfer,2619.25,Salary,ATM,Pending,0,0,False,False,False,False,False
TXN0004610,CUST01142,2025-04-14 04:00:00,Debit,521.37,Rent,Credit Card,Success,0,0,False,False,False,False,False
TXN0004611,CUST00503,2025-05-28 20:00:00,Transfer,22867.21,Groceries,Credit Card,Success,1,0,False,False,False,False,True
TXN0004612,CUST01078,2025-04-06 17:00:00,Debit,464.7,Shopping,Debit Card,Success,0,2,False,False,False,False,False
TXN0004613,CUST00386,2026-04-05 21:00:00,Debit,680.5,Healthcare,UPI,Unknown,0,0,False,False,False,False,False
TXN0004614,CUST00244,2026-04-07 01:00:00,Credit,1879.26,Salary,UPI,Success,0,0,False,False,False,False,False
TXN0004615,CUST01092,2025-07-26 18:00:00,Transfer,378.18,Investment,ATM,Failed,0,0,False,False,False,False,False
TXN0004616,CUST00761,2025-03-08 01:00:00,Credit,587.52,Travel,UPI,Success,0,1,False,False,False,False,False
TXN0004617,CUST00540,2025-08-18 11:00:00,Debit,1012.19,Rent,UPI,Success,0,0,False,False,False,False,False
TXN0004618,CUST00439,2026-04-04 03:00:00,Transfer,2834.88,Groceries,UPI,Success,0,1,False,False,False,False,False
TXN0004619,CUST01028,2026-03-10 12:00:00,Transfer,1900.85,Food,ATM,Success,0,0,False,False,False,False,False
TXN0004620,CUST00460,2025-01-05 21:00:00,Credit,1425.88,Utilities,Unknown,Success,0,0,False,False,False,False,False
TXN0004621,CUST00670,2025-09-29 02:00:00,Debit,4151.79,Shopping,UPI,Success,0,0,False,False,False,False,False
TXN0004622,CUST00413,2025-05-01 07:00:00,Transfer,1755.26,Travel,Debit Card,Success,0,1,False,False,False,False,False
TXN0004623,CUST00135,2025-09-24 23:00:00,Debit,664.93,Investment,Credit Card,Success,0,0,False,False,False,False,False
TXN0004624,CUST00591,2026-05-03 01:00:00,Debit,794.47,Investment,Debit Card,Success,1,0,False,False,False,False,False
TXN0004625,CUST00910,2026-08-24 08:00:00,Transfer,4565.03,Food,UPI,Success,0,0,False,False,False,False,False
TXN0004626,CUST00808,2026-09-07 15:00:00,Debit,2234.88,Utilities,Net Banking,Failed,0,0,False,False,False,False,False
TXN0004627,CUST00086,2026-04-16 02:00:00,Debit,78.69,Salary,UPI,Success,0,0,False,False,False,False,False
TXN0004628,CUST00956,2026-08-08 03:00:00,Transfer,2773.55,Salary,UPI,Success,0,0,False,False,False,False,False
TXN0004629,CUST00078,2025-10-09 19:00:00,Credit,811.49,Salary,Debit Card,Success,0,0,False,False,False,False,False
TXN0004630,CUST00571,2026-01-27 08:00:00,Transfer,1012.16,Entertainment,UPI,Success,0,1,False,False,False,False,False
TXN0004631,CUST00885,2026-02-25 12:00:00,Credit,297.05,Utilities,UPI,Success,0,0,False,False,False,False,False
TXN0004632,CUST00312,2025-07-20 09:00:00,Transfer,734.35,Healthcare,UPI,Success,0,0,False,False,False,False,False
TXN0004633,CUST00349,2025-09-14 08:00:00,Debit,331.14,Investment,Debit Card,Success,0,0,False,False,False,False,False
TXN0004634,CUST00904,2025-03-12 00:00:00,Transfer,628.12,Travel,Credit Card,Success,0,0,False,False,False,False,False
TXN0004635,CUST00380,2025-09-10 09:00:00,Credit,900.62,Salary,UPI,Success,0,0,False,False,False,False,False
TXN0004636,CUST01128,2026-04-21 04:00:00,Debit,1654.62,Rent,Net Banking,Success,0,0,False,False,False,False,False
TXN0004637,CUST01019,2025-10-18 09:00:00,Debit,664.66,Entertainment,Credit Card,Success,0,0,False,False,False,False,False
TXN0004638,CUST00143,2026-09-04 22:00:00,Debit,900.88,Utilities,ATM,Success,1,0,False,False,False,False,False
TXN0004639,CUST00474,2025-08-12 17:00:00,Transfer,925.29,Groceries,UPI,Success,0,0,False,False,False,False,False
TXN0004640,CUST01120,2026-06-04 22:00:00,Debit,2635.58,Rent,Credit Card,Success,0,0,False,False,False,False,False
TXN0004641,CUST00841,2025-05-27 18:00:00,Transfer,159.81,Rent,Net Banking,Failed,0,0,False,False,False,False,False
TXN0004642,CUST00366,2025-11-11 01:00:00,Credit,3256.49,Travel,Credit Card,Success,0,0,False,False,False,False,False
TXN0004643,CUST00804,2026-01-29 08:00:00,Credit,534.32,Travel,UPI,Success,0,0,False,False,False,False,False
TXN0004644,CUST00807,2026-06-26 11:00:00,Credit,2498.55,Healthcare,Net Banking,Success,0,0,False,False,False,False,False
TXN0004645,CUST00686,2025-05-12 22:00:00,Debit,395.19,Food,ATM,Success,0,0,False,False,False,False,False
TXN0004646,CUST00071,2025-07-01 02:00:00,Debit,5271.86,Travel,Debit Card,Success,0,0,False,False,False,False,False
TXN0004647,CUST00044,2025-12-11 06:00:00,Transfer,1141.28,Salary,Debit Card,Success,0,0,False,False,False,False,False
TXN0004648,CUST00493,2025-05-20 16:00:00,Transfer,1205.95,Travel,UPI,Success,0,1,False,False,False,False,False
TXN0004649,CUST00361,2026-04-16 23:00:00,Credit,485.65,Healthcare,Debit Card,Success,0,0,False,False,False,False,False
TXN0004650,CUST00099,2025-07-13 12:00:00,Credit,217.47,Food,UPI,Pending,0,0,False,False,False,False,False
TXN0004651,CUST00471,2025-01-29 16:00:00,Debit,2674.84,Entertainment,Credit Card,Success,0,0,False,False,False,False,False
TXN0004652,,2026-03-01 17:00:00,Credit,632.71,Investment,UPI,Success,0,0,False,False,True,False,False
TXN0004653,CUST01194,2025-04-14 09:00:00,Transfer,2913.94,Rent,Net Banking,Success,0,0,False,False,False,False,False
TXN0004654,CUST00327,2025-04-11 14:00:00,Credit,1686.04,Investment,UPI,Success,0,1,False,False,False,False,False
TXN0004655,CUST00859,2026-07-08 13:00:00,Debit,1136.62,Groceries,UPI,Success,0,0,False,False,False,False,False
TXN0004656,CUST00027,2026-07-15 05:00:00,Debit,107.98,Investment,ATM,Success,0,1,False,False,False,False,False
TXN0004657,CUST00518,2025-12-25 09:00:00,Debit,1991.81,Groceries,Net Banking,Success,0,1,False,False,False,False,False
TXN0004658,CUST00339,2025-05-31 14:00:00,Transfer,621.9,Salary,Debit Card,Success,0,0,False,False,False,False,False
TXN0004659,CUST00356,2026-03-30 14:00:00,Debit,861.2,Shopping,UPI,Pending,0,0,False,False,False,False,False
TXN0004660,CUST00428,2025-12-25 21:00:00,Credit,480.81,Salary,Net Banking,Success,0,1,False,False,False,False,False
TXN0004661,CUST01137,2026-06-24 13:00:00,Transfer,773.06,Shopping,UPI,Success,0,0,False,False,False,False,False
TXN0004662,CUST01147,2025-02-03 20:00:00,Transfer,1039.92,Rent,UPI,Success,0,0,False,False,False,False,False
TXN0004663,CUST00108,2026-02-24 04:00:00,Debit,1847.36,Shopping,Debit Card,Success,0,0,False,False,False,False,False
TXN0004664,CUST00118,2025-09-22 18:00:00,Debit,919.65,Groceries,Net Banking,Pending,0,0,False,False,False,False,False
TXN0004665,CUST00512,2025-06-26 20:00:00,Debit,876.0,Shopping,UPI,Success,0,0,False,False,False,False,False
TXN0004666,CUST01101,2025-08-25 17:00:00,Transfer,126.57,Healthcare,UPI,Success,0,1,False,False,False,False,False
TXN0004667,CUST00894,2026-06-18 17:00:00,Transfer,1277.21,Healthcare,Credit Card,Success,0,0,False,False,False,False,False
TXN0004668,CUST00373,2025-06-10 23:00:00,Debit,4470.76,Utilities,ATM,Success,0,0,False,False,False,False,False
TXN0004669,CUST00556,2025-09-03 15:00:00,Debit,9715.5,Food,Net Banking,Success,0,0,False,False,False,False,False
TXN0004670,CUST00806,2026-08-17 06:00:00,Credit,2659.24,Shopping,Net Banking,Success,0,0,False,False,False,False,False
TXN0004671,CUST01172,2025-01-25 07:00:00,Debit,1578.47,Food,Net Banking,Success,1,0,False,False,False,False,False
TXN0004672,CUST00713,2025-11-11 08:00:00,Debit,1232.88,Utilities,Debit Card,Success,0,0,False,False,False,False,False
TXN0004673,CUST00273,2025-01-27 13:00:00,Transfer,1096.265,Food,Debit Card,Success,0,0,False,False,False,True,False
TXN0004674,CUST01138,2026-05-12 13:00:00,Transfer,760.37,Travel,UPI,Success,0,1,False,False,False,False,False
TXN0004675,CUST00721,2025-11-16 04:00:00,Transfer,1707.55,Groceries,Net Banking,Success,0,0,False,False,False,False,False
TXN0004676,CUST01166,2026-05-02 08:00:00,Transfer,3135.71,Groceries,Debit Card,Success,0,0,False,False,False,False,False
TXN0004677,CUST00523,2026-06-28 18:00:00,Debit,2365.33,Healthcare,Net Banking,Success,0,0,False,False,False,False,False
TXN0004678,CUST00114,2026-03-02 04:00:00,Credit,1226.94,Groceries,UPI,Success,1,0,False,False,False,False,False
TXN0004679,CUST00511,2025-10-24 01:00:00,Debit,934.84,Investment,Debit Card,Success,0,0,False,False,False,False,False
TXN0004680,CUST00790,2026-08-27 04:00:00,Credit,341.85,Salary,UPI,Success,0,0,False,False,False,False,False
TXN0004681,CUST00018,2025-10-03 04:00:00,Debit,237.77,Food,Credit Card,Failed,0,0,False,False,False,False,False
TXN0004682,CUST00597,2025-12-09 19:00:00,Debit,457.62,Healthcare,Net Banking,Success,0,1,False,False,False,False,False
TXN0004683,CUST00911,2025-11-27 02:00:00,Credit,773.04,Investment,UPI,Failed,0,2,False,False,False,False,False
TXN0004684,CUST00093,2026-04-22 05:00:00,Debit,1135.05,Salary,Net Banking,Success,0,0,False,False,False,False,False
TXN0004685,CUST00466,2025-09-03 18:00:00,Transfer,4859.32,Rent,Credit Card,Success,0,0,False,False,False,False,False
TXN0004686,CUST00795,2025-07-10 05:00:00,Transfer,282.02,Shopping,Debit Card,Success,0,1,False,False,False,False,False
TXN0004687,CUST00012,2026-08-27 10:00:00,Credit,1110.06,Entertainment,Net Banking,Success,1,0,False,False,False,False,False
TXN0004688,CUST00833,2025-10-27 23:00:00,Debit,1872.88,Food,Net Banking,Success,0,0,False,False,False,False,False
TXN0004689,CUST01037,2025-06-24 19:00:00,Debit,299.54,Entertainment,ATM,Success,0,0,False,False,False,False,False
TXN0004690,CUST00761,2025-04-20 05:00:00,Debit,1686.57,Entertainment,UPI,Pending,1,0,False,False,False,False,False
TXN0004691,CUST01153,2025-04-27 01:00:00,Debit,1886.53,Healthcare,UPI,Success,0,1,False,False,False,False,False
TXN0004692,CUST00188,2025-01-19 10:00:00,Debit,1433.09,Utilities,Debit Card,Pending,0,0,False,False,False,False,False
TXN0004693,CUST00944,2025-07-27 09:00:00,Debit,280.12,Shopping,Net Banking,Failed,0,0,False,False,False,False,False
TXN0004694,CUST00855,2026-05-27 15:00:00,Debit,422.36,Groceries,Credit Card,Success,0,2,False,False,False,False,False
TXN0004695,CUST00127,2025-10-23 02:00:00,Credit,1631.43,Food,UPI,Success,0,0,False,False,False,False,False
TXN0004696,CUST00908,2025-11-14 04:00:00,Transfer,469.4,Investment,ATM,Success,0,1,False,False,False,False,False
TXN0004697,CUST00274,2025-07-20 02:00:00,Transfer,359.51,Groceries,Net Banking,Success,0,2,False,False,False,False,False
TXN0004698,CUST00229,2025-11-01 08:00:00,Credit,657.3,Groceries,Debit Card,Failed,0,0,False,False,False,False,False
TXN0004699,CUST01060,2026-04-05 09:00:00,Debit,517.8,Shopping,UPI,Success,0,0,False,False,False,False,False
TXN0004700,CUST00169,2026-02-03 00:00:00,Transfer,13244.19,Salary,Credit Card,Success,0,0,False,False,False,False,True
TXN0004701,CUST00002,2025-12-02 12:00:00,Transfer,909.46,Shopping,ATM,Success,1,0,False,False,False,False,False
TXN0004702,CUST01060,2026-09-30 00:00:00,Debit,1837.71,Travel,Net Banking,Success,0,0,False,False,False,False,False
TXN0004703,CUST01010,2026-01-27 06:00:00,Debit,1625.17,Travel,UPI,Success,0,0,False,False,False,False,False
TXN0004704,CUST00110,2025-11-09 21:00:00,Debit,4472.67,Entertainment,ATM,Success,0,0,False,False,False,False,False
TXN0004705,CUST00389,2025-03-13 19:00:00,Debit,644.89,Travel,Credit Card,Success,0,1,False,False,False,False,False
TXN0004706,CUST00699,2025-03-12 16:00:00,Debit,1705.47,Food,UPI,Success,0,0,False,False,False,False,False
TXN0004707,CUST01077,2026-02-09 15:00:00,Debit,307.49,Salary,ATM,Success,0,0,False,False,False,False,False
TXN0004708,CUST00488,2026-05-14 08:00:00,Debit,1466.78,Utilities,Debit Card,Success,0,0,False,False,False,False,False
TXN0004709,CUST01047,2025-01-17 19:00:00,Debit,1382.76,Entertainment,Net Banking,Success,0,0,False,False,False,False,False
TXN0004710,CUST00195,2025-07-20 05:00:00,Debit,579.9,Rent,ATM,Success,0,0,False,False,False,False,False
TXN0004711,CUST00275,2025-09-13 03:00:00,Debit,1042.33,Food,Debit Card,Success,0,0,False,False,False,False,False
TXN0004712,CUST00177,2026-06-09 10:00:00,Credit,3827.05,Entertainment,ATM,Success,0,0,False,False,False,False,False
TXN0004713,CUST00687,2025-04-09 18:00:00,Transfer,2369.07,Rent,Credit Card,Success,0,0,False,False,False,False,False
TXN0004714,CUST00931,2026-08-22 05:00:00,Debit,2845.25,Shopping,ATM,Success,0,0,False,False,False,False,False
TXN0004715,CUST00534,2026-01-25 18:00:00,Debit,516.92,Travel,UPI,Pending,0,0,False,False,False,False,False
TXN0004716,CUST00507,2025-06-15 00:00:00,Credit,782.84,Food,Credit Card,Failed,0,0,False,False,False,False,False
TXN0004717,CUST00688,2026-02-28 11:00:00,Debit,2136.04,Travel,UPI,Success,0,0,False,False,False,False,False
TXN0004718,CUST00209,2025-02-21 04:00:00,Debit,649.03,Healthcare,Debit Card,Success,0,0,False,False,False,False,False
TXN0004719,CUST00706,2025-03-22 09:00:00,Credit,339.61,Shopping,ATM,Success,0,0,False,False,False,False,False
TXN0004720,CUST00092,2025-05-19 03:00:00,Debit,3384.34,Travel,Credit Card,Success,0,0,False,False,False,False,False
TXN0004721,CUST00130,2025-11-07 02:00:00,Debit,469.4,Shopping,UPI,Success,0,0,False,False,False,False,False
TXN0004722,CUST00701,2025-05-12 19:00:00,Debit,531.71,Travel,ATM,Success,0,0,False,False,False,False,False
TXN0004723,CUST00227,2025-04-21 17:00:00,Transfer,276.69,Food,Net Banking,Success,0,1,False,False,False,False,False
TXN0004724,CUST01182,2026-01-17 06:00:00,Transfer,4394.12,Salary,Debit Card,Success,0,1,False,False,False,False,False
TXN0004725,CUST00240,2025-04-02 13:00:00,Credit,414.22,Utilities,UPI,Success,0,0,False,False,False,False,False
TXN0004726,CUST00603,2025-07-08 18:00:00,Debit,1789.74,Groceries,Net Banking,Success,0,0,False,False,False,False,False
TXN0004727,CUST00044,2025-03-11 08:00:00,Transfer,289.48,Food,UPI,Success,0,0,False,False,False,False,False
TXN0004728,CUST00659,2026-04-27 21:00:00,Transfer,2199.68,Salary,Net Banking,Success,0,0,False,False,False,False,False
TXN0004729,CUST00028,2026-01-30 13:00:00,Debit,4184.57,Utilities,UPI,Success,0,0,False,False,False,False,False
TXN0004730,CUST00216,2025-03-24 20:00:00,Credit,11279.71,Utilities,Debit Card,Success,0,0,False,False,False,False,False
TXN0004731,CUST00481,2026-08-12 07:00:00,Debit,82.63,Utilities,UPI,Success,0,0,False,False,False,False,False
TXN0004732,,2026-05-01 19:00:00,Debit,772.57,Shopping,Debit Card,Success,0,1,False,False,True,False,False
TXN0004733,CUST01151,2026-07-08 03:00:00,Debit,2058.17,Groceries,Debit Card,Success,0,0,False,False,False,False,False
TXN0004734,CUST01014,2026-02-21 17:00:00,Credit,1300.53,Travel,UPI,Success,0,1,False,False,False,False,False
TXN0004735,CUST00127,2025-02-27 06:00:00,Debit,1583.72,Groceries,UPI,Failed,0,1,False,False,False,False,False
TXN0004736,CUST00345,2026-01-17 16:00:00,Debit,1434.03,Salary,UPI,Success,0,0,False,False,False,False,False
TXN0004737,CUST00093,2025-03-27 12:00:00,Transfer,4093.37,Travel,Debit Card,Success,0,1,False,False,False,False,False
TXN0004738,CUST00125,2026-09-15 06:00:00,Credit,2774.56,Rent,UPI,Success,0,0,False,False,False,False,False
TXN0004739,CUST01010,2026-02-09 01:00:00,Credit,3665.91,Investment,Debit Card,Failed,0,0,False,False,False,False,False
TXN0004740,CUST00259,2026-08-10 02:00:00,Transfer,1565.27,Salary,Debit Card,Success,0,0,False,False,False,False,False
TXN0004741,CUST00017,2025-04-07 07:00:00,Transfer,2279.36,Utilities,UPI,Success,0,0,False,False,False,False,False
TXN0004742,CUST00356,2026-08-27 07:00:00,Credit,572.61,Travel,UPI,Success,0,0,False,False,False,False,False
TXN0004743,CUST01148,2026-06-07 20:00:00,Debit,1486.35,Groceries,Credit Card,Success,1,0,False,False,False,False,False
TXN0004744,CUST00352,2025-08-12 14:00:00,Credit,647.83,Rent,Net Banking,Success,0,1,False,False,False,False,False
TXN0004745,CUST00108,2026-06-17 21:00:00,Debit,555.87,Shopping,Debit Card,Success,0,0,False,False,False,False,False
TXN0004746,CUST00342,2026-03-17 13:00:00,Credit,864.28,Food,Credit Card,Success,0,0,False,False,False,False,False
TXN0004747,CUST00937,2026-07-30 21:00:00,Transfer,1098.04,Shopping,Debit Card,Success,0,0,False,False,False,False,False
TXN0004748,CUST00903,2025-11-03 13:00:00,Debit,1762.0,Groceries,Debit Card,Success,0,0,False,False,False,False,False
TXN0004749,CUST00713,2025-11-30 04:00:00,Debit,1061.44,Food,Net Banking,Success,0,1,False,False,False,False,False
TXN0004750,CUST00675,2025-04-20 20:00:00,Debit,3846.12,Investment,Credit Card,Success,0,0,False,False,False,False,False
TXN0004751,CUST00860,2026-01-21 05:00:00,Debit,439.99,Groceries,Debit Card,Success,0,0,False,False,False,False,False
TXN0004752,CUST00820,2025-03-21 15:00:00,Debit,207.1,Utilities,Debit Card,Success,0,0,False,False,False,False,False
TXN0004753,CUST00590,2025-02-13 16:00:00,Credit,806.93,Food,Debit Card,Success,0,1,False,False,False,False,False
TXN0004754,CUST00239,2026-01-07 10:00:00,Debit,223.36,Utilities,Debit Card,Success,0,1,False,False,False,False,False
TXN0004755,CUST01163,2025-03-31 03:00:00,Debit,435.22,Rent,Net Banking,Success,0,0,False,False,False,False,False
TXN0004756,CUST00491,2025-06-24 22:00:00,Transfer,565.49,Investment,Net Banking,Success,0,0,False,False,False,False,False
TXN0004757,CUST00464,2025-11-13 12:00:00,Debit,5451.9,Rent,UPI,Success,0,0,False,False,False,False,False
TXN0004758,CUST00931,2025-05-29 22:00:00,Transfer,439.73,Groceries,Debit Card,Success,0,1,False,False,False,False,False
TXN0004759,CUST00765,2025-04-29 07:00:00,Transfer,2796.76,Healthcare,UPI,Success,0,0,False,False,False,False,False
TXN0004760,CUST00150,2025-08-26 10:00:00,Debit,988.95,Investment,Net Banking,Success,0,0,False,False,False,False,False
TXN0004761,CUST00572,2026-09-27 06:00:00,Transfer,6270.81,Groceries,Credit Card,Success,0,0,False,False,False,False,False
TXN0004762,CUST00706,2026-04-12 16:00:00,Debit,449.32,Shopping,Debit Card,Success,0,1,False,False,False,False,False
TXN0004763,CUST01139,2026-09-17 20:00:00,Debit,1151.62,Investment,Credit Card,Success,0,0,False,False,False,False,False
TXN0004764,CUST00894,2025-07-25 09:00:00,Debit,4025.94,Salary,ATM,Success,0,0,False,False,False,False,False
TXN0004765,CUST01034,2026-07-15 03:00:00,Debit,1220.93,Shopping,Credit Card,Success,0,0,False,False,False,False,False
TXN0004766,CUST00236,2025-11-10 15:00:00,Transfer,2003.41,Entertainment,UPI,Success,0,0,False,False,False,False,False
TXN0004767,CUST00989,2025-02-04 20:00:00,Debit,95.06,Investment,Debit Card,Success,0,0,False,False,False,False,False
TXN0004768,CUST00768,2026-01-11 06:00:00,Debit,2395.98,Food,Net Banking,Success,0,0,False,False,False,False,False
TXN0004769,CUST00701,2025-11-02 12:00:00,Debit,947.39,Healthcare,Credit Card,Success,0,0,False,False,False,False,False
TXN0004770,CUST01192,2025-03-17 22:00:00,Debit,1154.71,Entertainment,Debit Card,Success,0,0,False,False,False,False,False
TXN0004771,CUST00216,2025-10-05 04:00:00,Debit,365.91,Shopping,Credit Card,Success,0,0,False,False,False,False,False
TXN0004772,CUST01102,2026-04-21 08:00:00,Debit,210.07,Investment,Credit Card,Success,0,0,False,False,False,False,False
TXN0004773,CUST00252,2026-04-12 20:00:00,Debit,1406.57,Healthcare,Net Banking,Failed,0,0,False,False,False,False,False
TXN0004774,CUST01142,2026-09-27 23:00:00,Debit,1235.79,Healthcare,UPI,Success,0,0,False,False,False,False,False
TXN0004775,CUST00247,2026-05-24 21:00:00,Debit,189.46,Salary,ATM,Success,0,0,False,False,False,False,False
TXN0004776,CUST00975,2025-09-14 04:00:00,Credit,690.42,Shopping,Credit Card,Failed,0,0,False,False,False,False,False
TXN0004777,CUST01064,2026-06-09 12:00:00,Credit,2228.97,Salary,Debit Card,Success,0,0,False,False,False,False,False
TXN0004778,CUST00789,2026-08-30 05:00:00,Debit,4192.21,Investment,UPI,Success,0,0,False,False,False,False,False
TXN0004779,CUST00268,2025-03-06 16:00:00,Debit,447.73,Food,Debit Card,Success,0,0,False,False,False,False,False
TXN0004780,CUST00041,2025-09-01 10:00:00,Credit,3217.66,Shopping,UPI,Success,0,0,False,False,False,False,False
TXN0004781,CUST01142,2026-03-16 15:00:00,Debit,725.34,Entertainment,UPI,Success,0,0,False,False,False,False,False
TXN0004782,CUST00710,2025-08-17 14:00:00,Credit,1817.49,Salary,UPI,Success,0,1,False,False,False,False,False
TXN0004783,CUST00902,2026-08-15 17:00:00,Debit,2230.34,Investment,UPI,Success,0,1,False,False,False,False,False
TXN0004784,CUST00792,2026-04-17 00:00:00,Transfer,1290.19,Healthcare,Credit Card,Success,0,0,False,False,False,False,False
TXN0004785,CUST00633,2025-08-23 12:00:00,Transfer,1304.4,Groceries,UPI,Success,1,1,False,False,False,False,False
TXN0004786,CUST01199,2025-10-04 08:00:00,Debit,121.81,Rent,UPI,Success,0,1,False,False,False,False,False
TXN0004787,CUST00813,2025-10-10 10:00:00,Transfer,2290.36,Travel,UPI,Success,0,0,False,False,False,False,False
TXN0004788,CUST00787,2026-08-21 06:00:00,Debit,1103.87,Healthcare,UPI,Success,0,0,False,False,False,False,False
TXN0004789,CUST00594,2025-02-13 09:00:00,Debit,1889.81,Rent,Credit Card,Success,0,0,False,False,False,False,False
TXN0004790,CUST00179,2025-02-04 01:00:00,Debit,1296.6,Unknown,UPI,Success,0,0,False,False,False,False,False
TXN0004791,CUST00177,2026-01-03 23:00:00,Debit,131.08,Travel,Debit Card,Success,0,0,False,False,False,False,False
TXN0004792,CUST00669,2026-05-23 09:00:00,Debit,125.75,Entertainment,Net Banking,Success,0,0,False,False,False,False,False
TXN0004793,CUST00740,2026-01-04 04:00:00,Debit,5891.67,Travel,UPI,Success,0,0,False,False,False,False,False
TXN0004794,CUST00605,2026-01-24 12:00:00,Credit,7399.54,Utilities,UPI,Success,0,1,False,False,False,False,False
TXN0004795,CUST00765,2025-10-10 09:00:00,Transfer,504.12,Utilities,UPI,Success,0,1,False,False,False,False,False
TXN0004796,CUST00640,2025-03-12 00:00:00,Transfer,596.34,Travel,UPI,Pending,0,0,False,False,False,False,False
TXN0004797,CUST00413,2025-04-18 10:00:00,Transfer,104.7,Healthcare,Net Banking,Unknown,0,0,False,False,False,False,False
TXN0004798,CUST00910,2025-03-01 23:00:00,Debit,797.32,Shopping,UPI,Success,0,0,False,False,False,False,False
TXN0004799,CUST00844,2025-05-28 15:00:00,Debit,210.89,Salary,Net Banking,Success,0,0,False,False,False,False,False
TXN0004800,CUST00728,2025-12-06 21:00:00,Transfer,1032.43,Rent,UPI,Success,0,0,False,False,False,False,False
TXN0004801,CUST00574,2025-04-06 21:00:00,Transfer,4341.06,Rent,ATM,Success,0,1,False,False,False,False,False
TXN0004802,CUST00869,2025-08-26 01:00:00,Debit,105.14,Utilities,ATM,Success,0,0,False,False,False,False,False
TXN0004803,CUST00987,2025-08-26 15:00:00,Credit,8095.79,Groceries,UPI,Success,0,1,False,False,False,False,False
TXN0004804,CUST01083,2026-06-02 16:00:00,Credit,2935.49,Groceries,ATM,Success,0,0,False,False,False,False,False
TXN0004805,CUST00840,2025-02-07 03:00:00,Credit,8898.76,Groceries,Debit Card,Success,0,0,False,False,False,False,False
TXN0004806,CUST01194,2026-03-21 00:00:00,Debit,58.56,Investment,Credit Card,Success,0,1,False,False,False,False,False
TXN0004807,CUST00381,2026-06-04 18:00:00,Credit,1572.69,Shopping,Debit Card,Success,0,1,False,False,False,False,False
TXN0004808,CUST00130,2025-02-05 03:00:00,Transfer,4268.0,Investment,Debit Card,Failed,0,0,False,False,False,False,False
TXN0004809,CUST00201,2025-06-09 22:00:00,Transfer,2393.76,Entertainment,ATM,Failed,0,0,False,False,False,False,False
TXN0004810,CUST00409,2025-09-18 20:00:00,Debit,818.74,Groceries,Net Banking,Success,1,0,False,False,False,False,False
TXN0004811,CUST00142,2025-12-07 04:00:00,Transfer,1851.19,Healthcare,UPI,Failed,0,0,False,False,False,False,False
TXN0004812,CUST01188,2026-05-23 18:00:00,Transfer,493.46,Investment,UPI,Success,1,0,False,False,False,False,False
TXN0004813,CUST00853,2025-10-14 16:00:00,Credit,872.01,Investment,Debit Card,Success,0,0,False,False,False,False,False
TXN0004814,CUST00505,2026-09-15 12:00:00,Credit,797.58,Food,UPI,Success,0,0,False,False,False,False,False
TXN0004815,CUST00392,2026-01-02 15:00:00,Credit,349.5,Travel,Debit Card,Success,0,0,False,False,False,False,False
TXN0004816,CUST00738,2026-07-17 07:00:00,Credit,7960.56,Groceries,UPI,Success,0,0,False,False,False,False,False
TXN0004817,CUST00073,2026-01-04 18:00:00,Credit,10002.65,Entertainment,Unknown,Pending,0,0,False,False,False,False,False
TXN0004818,CUST00678,2026-09-29 07:00:00,Debit,779.81,Entertainment,Net Banking,Success,1,0,False,False,False,False,False
TXN0004819,CUST00202,2025-02-17 22:00:00,Debit,324.77,Rent,UPI,Success,0,0,False,False,False,False,False
TXN0004820,CUST00245,2025-07-25 05:00:00,Credit,1801.33,Shopping,Debit Card,Success,0,0,False,False,False,False,False
TXN0004821,CUST00866,2025-03-25 02:00:00,Transfer,20047.52,Rent,UPI,Failed,1,0,False,False,False,False,True
TXN0004822,CUST00548,2025-01-08 11:00:00,Credit,1713.31,Utilities,Credit Card,Failed,0,0,False,False,False,False,False
TXN0004823,CUST00472,2025-11-18 00:00:00,Debit,936.96,Healthcare,ATM,Success,0,0,False,False,False,False,False
TXN0004824,CUST00999,2026-06-02 15:00:00,Debit,606.51,Rent,Debit Card,Success,0,0,False,False,False,False,False
TXN0004825,CUST00306,2025-02-16 16:00:00,Transfer,2923.52,Food,Debit Card,Success,0,0,False,False,False,False,False
TXN0004826,CUST01134,2026-04-13 06:00:00,Credit,1254.81,Travel,Net Banking,Pending,0,0,False,False,False,False,False
TXN0004827,CUST00076,2025-06-20 01:00:00,Credit,558.45,Rent,UPI,Success,0,0,False,False,False,False,False
TXN0004828,CUST00420,2026-05-24 07:00:00,Debit,2496.77,Healthcare,Net Banking,Success,0,0,False,False,False,False,False
TXN0004829,CUST00393,2025-10-14 01:00:00,Debit,350.05,Rent,UPI,Failed,1,1,False,False,False,False,False
TXN0004830,CUST00300,2025-10-28 00:00:00,Debit,917.69,Shopping,Debit Card,Success,0,0,False,False,False,False,False
TXN0004831,CUST00138,2025-04-26 08:00:00,Credit,798.57,Investment,UPI,Success,0,1,False,False,False,False,False
TXN0004832,CUST00361,2026-06-25 14:00:00,Transfer,1277.3,Rent,UPI,Success,0,2,False,False,False,False,False
TXN0004833,CUST00077,2025-11-14 11:00:00,Debit,356.52,Food,Debit Card,Success,0,0,False,False,False,False,False
TXN0004834,CUST00898,2026-07-11 04:00:00,Transfer,565.85,Utilities,Credit Card,Success,0,0,False,False,False,False,False
TXN0004835,CUST00272,2025-10-19 16:00:00,Transfer,510.87,Investment,Net Banking,Success,0,0,False,False,False,False,False
TXN0004836,CUST00970,2025-02-20 11:00:00,Debit,2185.14,Salary,UPI,Failed,0,0,False,False,False,False,False
TXN0004837,CUST00252,2026-08-22 23:00:00,Debit,2640.53,Groceries,Credit Card,Success,0,0,False,False,False,False,False
TXN0004838,CUST00089,2025-12-24 20:00:00,Debit,3177.4,Shopping,UPI,Success,0,0,False,False,False,False,False
TXN0004839,CUST00444,2025-06-30 17:00:00,Debit,785.41,Rent,Credit Card,Success,0,0,False,False,False,False,False
TXN0004840,CUST00553,2026-05-20 10:00:00,Transfer,686.95,Food,Debit Card,Success,0,0,False,False,False,False,False
TXN0004841,CUST00846,2026-01-30 03:00:00,Transfer,1302.17,Investment,Debit Card,Success,0,0,False,False,False,False,False
TXN0004842,CUST01099,2025-11-16 09:00:00,Debit,1060.55,Groceries,Credit Card,Success,0,0,False,False,False,False,False
TXN0004843,CUST01037,2026-06-21 05:00:00,Debit,3172.04,Salary,Debit Card,Success,0,1,False,False,False,False,False
TXN0004844,CUST00056,2025-10-09 17:00:00,Transfer,3169.6,Groceries,Unknown,Success,0,0,False,False,False,False,False
TXN0004845,CUST00307,2025-06-21 01:00:00,Transfer,2132.68,Investment,ATM,Success,0,1,False,False,False,False,False
TXN0004846,CUST00429,2025-07-24 20:00:00,Transfer,366.93,Healthcare,UPI,Unknown,0,0,False,False,False,False,False
TXN0004847,CUST00600,2025-06-04 20:00:00,Transfer,1068.68,Groceries,Debit Card,Unknown,0,0,False,False,False,False,False
TXN0004848,CUST00569,2025-12-21 20:00:00,Credit,8266.64,Groceries,UPI,Success,0,0,False,False,False,False,False
TXN0004849,CUST00228,2025-05-28 23:00:00,Debit,541.2,Groceries,UPI,Success,0,0,False,False,False,False,False
TXN0004850,CUST00411,2025-04-12 23:00:00,Credit,471.08,Salary,UPI,Success,0,0,False,False,False,False,False
TXN0004851,CUST00303,2026-05-10 15:00:00,Debit,636.45,Utilities,Credit Card,Success,0,0,False,False,False,False,False
TXN0004852,CUST00769,2025-05-02 17:00:00,Credit,2769.28,Groceries,Debit Card,Success,0,0,False,False,False,False,False
TXN0004853,CUST00027,2026-04-08 15:00:00,Debit,9938.16,Entertainment,UPI,Success,0,0,False,False,False,False,False
TXN0004854,CUST00952,2026-07-07 20:00:00,Credit,996.73,Investment,Credit Card,Success,0,0,False,False,False,False,False
TXN0004855,CUST00122,2025-06-22 14:00:00,Debit,345.84,Travel,Debit Card,Success,0,0,False,False,False,False,False
TXN0004856,CUST00652,2026-07-29 15:00:00,Credit,1994.46,Healthcare,Credit Card,Success,0,0,False,False,False,False,False
TXN0004857,CUST00190,2025-10-05 07:00:00,Debit,1560.17,Rent,UPI,Success,0,0,False,False,False,False,False
TXN0004858,CUST00301,2025-07-30 01:00:00,Debit,2360.93,Travel,UPI,Success,0,1,False,False,False,False,False
TXN0004859,CUST01199,2026-03-25 13:00:00,Debit,1081.7,Food,UPI,Success,0,0,False,False,False,False,False
TXN0004860,CUST01009,2025-11-28 17:00:00,Debit,333.73,Entertainment,ATM,Success,0,0,False,False,False,False,False
TXN0004861,CUST00158,2025-02-10 04:00:00,Credit,559.71,Salary,UPI,Success,0,0,False,False,False,False,False
TXN0004862,CUST00646,2026-06-22 03:00:00,Debit,3669.4,Entertainment,UPI,Success,0,0,False,False,False,False,False
TXN0004863,CUST00519,2026-08-05 04:00:00,Transfer,686.87,Travel,Debit Card,Success,0,0,False,False,False,False,False
TXN0004864,CUST00252,2025-03-07 22:00:00,Debit,660.24,Utilities,UPI,Success,0,0,False,False,False,False,False
TXN0004865,CUST00619,2026-05-07 09:00:00,Debit,159.46,Utilities,Debit Card,Success,0,0,False,False,False,False,False
TXN0004866,CUST00697,2025-09-09 11:00:00,Debit,990.17,Shopping,Debit Card,Success,0,0,False,False,False,False,False
TXN0004867,CUST00097,2025-03-09 17:00:00,Debit,578.85,Salary,UPI,Success,0,0,False,False,False,False,False
TXN0004868,CUST00063,2026-01-25 03:00:00,Credit,304.74,Groceries,ATM,Success,0,0,False,False,False,False,False
TXN0004869,CUST00105,2026-04-07 18:00:00,Debit,2311.92,Salary,Net Banking,Success,0,0,False,False,False,False,False
TXN0004870,CUST00714,2025-05-25 20:00:00,Debit,351.46,Salary,Debit Card,Success,0,0,False,False,False,False,False
TXN0004871,CUST00306,2025-07-01 01:00:00,Transfer,2283.81,Rent,UPI,Success,0,0,False,False,False,False,False
TXN0004872,CUST00744,2026-02-05 05:00:00,Transfer,8122.54,Travel,Debit Card,Success,0,1,False,False,False,False,False
TXN0004873,CUST00697,2025-02-07 00:00:00,Debit,2956.77,Unknown,Net Banking,Success,0,1,False,False,False,False,False
TXN0004874,CUST00248,2025-11-17 08:00:00,Debit,2522.86,Salary,Credit Card,Success,0,0,False,False,False,False,False
TXN0004875,CUST01017,2026-06-05 20:00:00,Credit,6723.16,Groceries,UPI,Failed,0,2,False,False,False,False,False
TXN0004876,CUST01096,2026-05-15 19:00:00,Transfer,955.11,Groceries,ATM,Success,0,0,False,False,False,False,False
TXN0004877,CUST00549,2025-04-26 01:00:00,Credit,897.61,Investment,UPI,Success,0,0,False,False,False,False,False
TXN0004878,CUST00373,2026-05-20 03:00:00,Debit,530.49,Salary,UPI,Success,0,0,False,False,False,False,False
TXN0004879,CUST01105,2025-12-10 05:00:00,Transfer,643.75,Rent,ATM,Success,0,0,False,False,False,False,False
TXN0004880,CUST00931,2025-12-17 23:00:00,Credit,725.26,Investment,Credit Card,Success,0,0,False,False,False,False,False
TXN0004881,CUST00420,2025-10-19 08:00:00,Transfer,1096.265,Shopping,UPI,Success,0,0,False,False,False,True,False
TXN0004882,CUST01015,2025-10-07 04:00:00,Credit,357.59,Shopping,UPI,Success,0,0,False,False,False,False,False
TXN0004883,CUST00224,2025-10-14 20:00:00,Debit,868.79,Utilities,UPI,Success,0,0,False,False,False,False,False
TXN0004884,CUST00390,2026-03-28 15:00:00,Transfer,1852.83,Travel,Credit Card,Success,1,1,False,False,False,False,False
TXN0004885,CUST01097,2025-09-01 00:00:00,Transfer,146.8,Investment,UPI,Failed,0,0,False,False,False,False,False
TXN0004886,CUST00473,2025-12-21 04:00:00,Transfer,972.92,Groceries,Credit Card,Success,0,0,False,False,False,False,False
TXN0004887,CUST00043,2025-08-15 19:00:00,Debit,1037.51,Groceries,ATM,Success,0,0,False,False,False,False,False
TXN0004888,CUST00111,2025-11-24 14:00:00,Transfer,1373.2,Entertainment,Credit Card,Success,0,1,False,False,False,False,False
TXN0004889,CUST01102,2025-05-16 07:00:00,Debit,1800.68,Groceries,Net Banking,Success,0,0,False,False,False,False,False
TXN0004890,CUST00157,2026-05-03 10:00:00,Debit,639.49,Groceries,ATM,Success,0,0,False,False,False,False,False
TXN0004891,CUST00917,2025-06-10 00:00:00,Debit,1683.38,Investment,UPI,Success,0,1,False,False,False,False,False
TXN0004892,CUST00619,2026-07-27 22:00:00,Transfer,2433.17,Groceries,Net Banking,Success,0,0,False,False,False,False,False
TXN0004893,CUST00851,2025-07-01 10:00:00,Debit,663.5,Investment,UPI,Success,0,0,False,False,False,False,False
TXN0004894,CUST00206,2025-09-14 10:00:00,Credit,1662.6,Investment,Debit Card,Success,0,0,False,False,False,False,False
TXN0004895,CUST00771,2026-08-19 08:00:00,Credit,466.51,Food,UPI,Success,0,0,False,False,False,False,False
TXN0004896,CUST01049,2025-09-30 03:00:00,Transfer,2692.13,Groceries,Net Banking,Success,0,0,False,False,False,False,False
TXN0004897,CUST00459,2026-07-23 16:00:00,Debit,1469.99,Travel,UPI,Success,0,0,False,False,False,False,False
TXN0004898,CUST00330,2025-10-01 08:00:00,Debit,9993.35,Shopping,Net Banking,Success,0,0,False,False,False,False,False
TXN0004899,CUST00794,2025-11-30 18:00:00,Transfer,3523.07,Salary,Debit Card,Success,0,0,False,False,False,False,False
TXN0004900,CUST01178,2026-08-23 22:00:00,Transfer,1326.14,Travel,ATM,Success,0,1,False,False,False,False,False
TXN0004901,CUST00909,2025-02-15 13:00:00,Debit,320.16,Utilities,UPI,Success,0,0,False,False,False,False,False
TXN0004902,CUST00039,2026-05-03 18:00:00,Debit,237.25,Rent,ATM,Pending,0,0,False,False,False,False,False
TXN0004903,CUST01060,2025-11-19 05:00:00,Transfer,14672.98,Food,ATM,Pending,0,0,False,False,False,False,True
TXN0004904,CUST00676,2025-02-02 14:00:00,Debit,2282.26,Healthcare,Net Banking,Pending,0,3,False,False,False,False,False
TXN0004905,CUST00620,2025-09-15 13:00:00,Credit,1096.265,Shopping,ATM,Success,0,0,False,False,False,True,False
TXN0004906,CUST00791,2026-03-24 15:00:00,Transfer,600.99,Investment,ATM,Success,0,0,False,False,False,False,False
TXN0004907,CUST00779,2025-05-31 16:00:00,Transfer,796.23,Salary,ATM,Success,1,1,False,False,False,False,False
TXN0004908,CUST00318,2026-03-13 00:00:00,Debit,2079.37,Shopping,Debit Card,Success,0,0,False,False,False,False,False
TXN0004909,CUST00370,2025-08-27 02:00:00,Transfer,747.98,Rent,Debit Card,Success,0,0,False,False,False,False,False
TXN0004910,CUST01177,2026-05-28 02:00:00,Debit,1857.77,Utilities,UPI,Success,0,0,False,False,False,False,False
TXN0004911,CUST00977,2026-06-08 20:00:00,Transfer,5043.57,Food,UPI,Success,0,0,False,False,False,False,False
TXN0004912,CUST00267,2025-08-11 16:00:00,Debit,452.96,Travel,Credit Card,Success,0,1,False,False,False,False,False
TXN0004913,CUST00780,2025-08-29 22:00:00,Debit,1135.06,Food,UPI,Success,0,0,False,False,False,False,False
TXN0004914,CUST00744,2025-05-22 07:00:00,Credit,2973.36,Healthcare,Debit Card,Success,0,0,False,False,False,False,False
TXN0004915,CUST00264,2025-03-18 06:00:00,Debit,1242.78,Entertainment,Net Banking,Success,0,0,False,False,False,False,False
TXN0004916,CUST00462,2026-02-24 11:00:00,Transfer,893.12,Investment,Debit Card,Success,0,0,False,False,False,False,False
TXN0004917,CUST00905,2025-06-03 12:00:00,Debit,562.03,Healthcare,Net Banking,Success,0,0,False,False,False,False,False
TXN0004918,CUST00987,2025-12-14 01:00:00,Debit,471.87,Investment,UPI,Success,0,0,False,False,False,False,False
TXN0004919,CUST00307,2026-02-13 12:00:00,Transfer,1667.29,Utilities,UPI,Success,0,0,False,False,False,False,False
TXN0004920,CUST00564,2026-09-27 15:00:00,Credit,1096.265,Entertainment,UPI,Success,0,0,False,False,False,True,False
TXN0004921,CUST01092,2025-12-30 21:00:00,Debit,565.72,Investment,Net Banking,Success,0,0,False,False,False,False,False
TXN0004922,CUST00831,2025-08-31 09:00:00,Transfer,1813.55,Shopping,ATM,Success,0,1,False,False,False,False,False
TXN0004923,CUST00963,2025-07-23 11:00:00,Debit,174.73,Groceries,Net Banking,Success,0,0,False,False,False,False,False
TXN0004924,CUST00931,2025-04-19 19:00:00,Transfer,4586.01,Investment,Debit Card,Success,0,0,False,False,False,False,False
TXN0004925,CUST00306,2025-12-14 03:00:00,Debit,748.02,Investment,UPI,Success,0,0,False,False,False,False,False
TXN0004926,CUST01166,2025-08-17 00:00:00,Transfer,630.84,Groceries,UPI,Success,0,0,False,False,False,False,False
TXN0004927,CUST00362,2026-01-04 17:00:00,Debit,558.5,Investment,UPI,Success,0,0,False,False,False,False,False
TXN0004928,CUST00210,2026-03-31 14:00:00,Debit,991.0,Entertainment,Credit Card,Success,0,1,False,False,False,False,False
TXN0004929,CUST00137,2026-09-16 18:00:00,Credit,110.12,Investment,Net Banking,Success,0,1,False,False,False,False,False
TXN0004930,CUST00561,2026-09-17 10:00:00,Debit,2340.24,Food,Credit Card,Pending,0,1,False,False,False,False,False
TXN0004931,CUST00540,2026-07-12 16:00:00,Transfer,431.94,Entertainment,Net Banking,Success,0,1,False,False,False,False,False
TXN0004932,CUST01167,2026-07-02 14:00:00,Transfer,156.33,Rent,Net Banking,Success,0,0,False,False,False,False,False
TXN0004933,CUST00100,2026-02-10 13:00:00,Credit,345.35,Shopping,Credit Card,Success,0,0,False,False,False,False,False
TXN0004934,CUST01170,2025-03-23 15:00:00,Credit,973.83,Salary,UPI,Success,0,1,False,False,False,False,False
TXN0004935,CUST00784,2025-06-22 08:00:00,Transfer,559.57,Utilities,Credit Card,Success,0,1,False,False,False,False,False
TXN0004936,CUST00340,2025-09-16 02:00:00,Debit,2526.14,Shopping,UPI,Success,0,0,False,False,False,False,False
TXN0004937,CUST00421,2025-03-01 01:00:00,Debit,5615.09,Healthcare,Net Banking,Success,0,0,False,False,False,False,False
TXN0004938,CUST00284,2025-06-21 05:00:00,Debit,1010.85,Unknown,Debit Card,Success,0,2,False,False,False,False,False
TXN0004939,CUST00555,2026-06-24 14:00:00,Transfer,679.0,Entertainment,ATM,Success,0,0,False,False,False,False,False
TXN0004940,CUST00552,2025-08-10 03:00:00,Debit,703.11,Utilities,Debit Card,Success,0,0,False,False,False,False,False
TXN0004941,CUST00327,2025-12-18 19:00:00,Credit,1706.42,Shopping,Credit Card,Success,0,0,False,False,False,False,False
TXN0004942,CUST00411,2026-08-26 05:00:00,Transfer,948.89,Unknown,ATM,Success,0,1,False,False,False,False,False
TXN0004943,CUST01015,2025-08-29 11:00:00,Debit,153.64,Healthcare,Debit Card,Success,0,0,False,False,False,False,False
TXN0004944,CUST01164,2025-07-05 12:00:00,Debit,479.12,Investment,Debit Card,Success,0,0,False,False,False,False,False
TXN0004945,CUST00275,2025-05-17 14:00:00,Debit,2179.11,Travel,UPI,Success,0,0,False,False,False,False,False
TXN0004946,CUST00403,2025-05-15 10:00:00,Transfer,571.97,Travel,UPI,Success,0,0,False,False,False,False,False
TXN0004947,CUST00241,2026-07-23 16:00:00,Credit,1946.24,Rent,UPI,Success,1,0,False,False,False,False,False
TXN0004948,CUST01156,2026-03-09 16:00:00,Credit,970.05,Utilities,Net Banking,Success,0,0,False,False,False,False,False
TXN0004949,CUST00546,2025-03-11 10:00:00,Debit,3397.35,Utilities,ATM,Success,0,1,False,False,False,False,False
TXN0004950,CUST00551,2025-12-13 23:00:00,Credit,515.49,Entertainment,UPI,Pending,0,0,False,False,False,False,False
TXN0004951,CUST01040,2025-04-25 04:00:00,Credit,205.64,Utilities,UPI,Success,0,1,False,False,False,False,False
TXN0004952,CUST00282,2025-03-21 21:00:00,Credit,2004.45,Entertainment,UPI,Success,0,0,False,False,False,False,False
TXN0004953,CUST01182,2025-01-13 05:00:00,Debit,963.06,Investment,Debit Card,Success,0,0,False,False,False,False,False
TXN0004954,CUST00677,2025-10-20 23:00:00,Debit,1288.02,Shopping,UPI,Success,1,0,False,False,False,False,False
TXN0004955,CUST00709,2026-06-06 01:00:00,Debit,400.45,Rent,Debit Card,Success,0,0,False,False,False,False,False
TXN0004956,CUST00288,2025-02-11 03:00:00,Transfer,683.5,Investment,Debit Card,Success,0,0,False,False,False,False,False
TXN0004957,CUST00911,2025-03-30 22:00:00,Debit,626.87,Shopping,UPI,Success,0,0,False,False,False,False,False
TXN0004958,CUST01179,2025-10-15 04:00:00,Debit,1138.91,Groceries,UPI,Success,0,0,False,False,False,False,False
TXN0004959,CUST00452,2026-01-17 20:00:00,Transfer,616.03,Healthcare,Net Banking,Success,1,0,False,False,False,False,False
TXN0004960,CUST01074,2025-11-30 18:00:00,Transfer,2174.04,Salary,Debit Card,Failed,0,1,False,False,False,False,False
TXN0004961,CUST00643,2026-01-03 22:00:00,Transfer,2937.54,Healthcare,ATM,Success,0,0,False,False,False,False,False
TXN0004962,CUST00228,2025-10-31 07:00:00,Debit,839.64,Food,UPI,Success,0,0,False,False,False,False,False
TXN0004963,CUST01022,2026-03-07 01:00:00,Debit,318.76,Food,UPI,Failed,0,0,False,False,False,False,False
TXN0004964,CUST00583,2026-06-01 14:00:00,Debit,4608.73,Food,ATM,Pending,0,2,False,False,False,False,False
TXN0004965,CUST00664,2026-02-06 05:00:00,Credit,1805.51,Entertainment,Debit Card,Success,0,0,False,False,False,False,False
TXN0004966,CUST00774,2026-08-18 09:00:00,Debit,1740.26,Utilities,Debit Card,Success,0,1,False,False,False,False,False
TXN0004967,CUST00836,2026-08-20 10:00:00,Transfer,4220.4,Healthcare,Debit Card,Success,0,0,False,False,False,False,False
TXN0004968,CUST00372,2026-03-05 02:00:00,Credit,1050.05,Investment,UPI,Success,0,0,False,False,False,False,False
TXN0004969,CUST01126,2025-01-14 14:00:00,Debit,2425.72,Salary,Debit Card,Success,0,0,False,False,False,False,False
TXN0004970,CUST00187,2025-12-16 14:00:00,Credit,2066.67,Entertainment,UPI,Success,0,0,False,False,False,False,False
TXN0004971,CUST01024,2026-01-19 18:00:00,Transfer,1418.92,Shopping,Debit Card,Success,0,0,False,False,False,False,False
TXN0004972,CUST00829,2025-07-12 18:00:00,Credit,495.41,Utilities,Credit Card,Success,0,0,False,False,False,False,False
TXN0004973,CUST00701,2025-11-06 18:00:00,Debit,1747.85,Utilities,Debit Card,Failed,0,2,False,False,False,False,False
TXN0004974,CUST00089,2025-11-21 22:00:00,Debit,843.38,Healthcare,UPI,Success,0,0,False,False,False,False,False
TXN0004975,CUST00948,2026-05-26 01:00:00,Debit,571.79,Travel,Debit Card,Pending,0,0,False,False,False,False,False
TXN0004976,CUST00141,2025-05-27 04:00:00,Credit,1028.76,Shopping,ATM,Success,0,0,False,False,False,False,False
TXN0004977,CUST00378,2026-06-14 01:00:00,Debit,3428.28,Utilities,Net Banking,Success,0,1,False,False,False,False,False
TXN0004978,CUST01078,2025-12-13 12:00:00,Debit,2897.71,Salary,ATM,Success,1,0,False,False,False,False,False
TXN0004979,CUST00626,2026-08-06 13:00:00,Debit,1016.55,Investment,Debit Card,Success,0,1,False,False,False,False,False
TXN0004980,CUST00667,2026-05-22 09:00:00,Debit,1182.42,Healthcare,Debit Card,Success,0,1,False,False,False,False,False
TXN0004981,CUST00709,2026-06-25 07:00:00,Debit,2325.57,Rent,ATM,Success,0,0,False,False,False,False,False
TXN0004982,CUST00504,2026-06-26 07:00:00,Debit,1289.19,Travel,UPI,Success,0,2,False,False,False,False,False
TXN0004983,CUST00003,2025-04-01 15:00:00,Debit,3636.23,Groceries,Credit Card,Success,0,0,False,False,False,False,False
TXN0004984,CUST01200,2026-07-22 02:00:00,Debit,1336.89,Entertainment,Net Banking,Success,0,0,False,False,False,False,False
TXN0004985,CUST01178,2025-06-30 13:00:00,Transfer,567.73,Rent,UPI,Success,0,0,False,False,False,False,False
TXN0004986,CUST00891,2026-04-28 07:00:00,Debit,1127.84,Entertainment,Net Banking,Success,0,0,False,False,False,False,False
TXN0004987,CUST00669,2026-04-27 21:00:00,Transfer,3838.52,Rent,Credit Card,Success,0,0,False,False,False,False,False
TXN0004988,CUST00944,2025-11-29 06:00:00,Debit,197.74,Entertainment,Debit Card,Success,0,0,False,False,False,False,False
TXN0004989,CUST00694,2025-08-29 02:00:00,Transfer,943.15,Salary,ATM,Success,0,0,False,False,False,False,False
TXN0004990,CUST00158,2025-01-21 05:00:00,Credit,194.86,Healthcare,Net Banking,Success,0,1,False,False,False,False,False
TXN0004991,CUST00181,2026-02-03 15:00:00,Debit,489.41,Entertainment,ATM,Success,0,0,False,False,False,False,False
TXN0004992,CUST00070,2026-08-07 15:00:00,Debit,1526.13,Rent,ATM,Success,0,0,False,False,False,False,False
TXN0004993,CUST01180,2026-06-02 03:00:00,Transfer,1823.19,Rent,UPI,Success,0,0,False,False,False,False,False
TXN0004994,CUST00592,2025-05-10 07:00:00,Debit,3010.33,Travel,Debit Card,Success,0,0,False,False,False,False,False
TXN0004995,CUST00671,2025-08-23 06:00:00,Debit,6256.88,Groceries,Credit Card,Success,0,0,False,False,False,False,False
TXN0004996,CUST00682,2025-09-03 20:00:00,Debit,1197.85,Healthcare,UPI,Success,0,0,False,False,False,False,False
TXN0004997,CUST00924,2025-02-20 21:00:00,Debit,365.13,Investment,Credit Card,Success,0,2,False,False,False,False,False
TXN0004998,CUST01048,2025-01-12 00:00:00,Credit,1416.76,Rent,UPI,Success,1,0,False,False,False,False,False
TXN0004999,CUST00726,2025-07-28 10:00:00,Transfer,447.25,Utilities,Credit Card,Success,0,0,False,False,False,False,False
TXN0005000,CUST00513,2025-10-13 07:00:00,Debit,693.55,Healthcare,Debit Card,Failed,0,0,False,False,False,False,False
TXN0005001,CUST00829,2026-09-12 03:00:00,Credit,2172.5,Food,UPI,Success,0,0,False,False,False,False,False
TXN0005002,CUST00332,2025-08-24 16:00:00,Debit,1251.83,Healthcare,Credit Card,Success,0,0,False,False,False,False,False
TXN0005003,CUST00851,2025-01-13 04:00:00,Transfer,617.45,Healthcare,Credit Card,Success,0,0,False,False,False,False,False
TXN0005004,CUST00205,2026-03-13 19:00:00,Debit,1605.1,Salary,UPI,Pending,0,0,False,False,False,False,False
TXN0005005,CUST00742,2025-11-24 18:00:00,Debit,110.44,Food,UPI,Success,1,0,False,False,False,False,False
TXN0005006,CUST00009,2026-08-08 23:00:00,Transfer,642.72,Salary,Credit Card,Success,0,1,False,False,False,False,False
TXN0005007,CUST00827,2025-12-28 01:00:00,Debit,354.19,Investment,UPI,Success,0,1,False,False,False,False,False
TXN0005008,CUST01022,2026-08-27 07:00:00,Transfer,280.84,Rent,Credit Card,Success,0,1,False,False,False,False,False
TXN0005009,CUST00401,2026-08-03 04:00:00,Transfer,1724.1,Investment,ATM,Success,0,0,False,False,False,False,False
TXN0005010,CUST00273,2026-08-28 06:00:00,Transfer,277.18,Rent,Net Banking,Success,0,0,False,False,False,False,False
TXN0005011,CUST00921,2026-06-01 06:00:00,Debit,2064.69,Travel,Credit Card,Success,0,0,False,False,False,False,False
TXN0005012,CUST00531,2025-07-04 12:00:00,Credit,549.55,Shopping,UPI,Success,0,0,False,False,False,False,False
TXN0005013,CUST01005,2026-02-05 10:00:00,Credit,814.78,Utilities,ATM,Success,0,1,False,False,False,False,False
TXN0005014,CUST00333,2025-04-05 03:00:00,Transfer,6741.81,Travel,Credit Card,Pending,0,1,False,False,False,False,False
TXN0005015,CUST00832,2025-07-31 22:00:00,Credit,7761.27,Entertainment,UPI,Success,0,0,False,False,False,False,False
TXN0005016,CUST00581,2026-05-28 20:00:00,Debit,189.61,Travel,Credit Card,Success,0,0,False,False,False,False,False
TXN0005017,CUST00994,2025-03-03 13:00:00,Credit,2075.9,Entertainment,UPI,Success,1,0,False,False,False,False,False
TXN0005018,CUST00258,2026-08-18 00:00:00,Credit,144.66,Rent,UPI,Success,0,0,False,False,False,False,False
TXN0005019,CUST00157,2026-07-23 23:00:00,Debit,98.03,Healthcare,UPI,Success,0,0,False,False,False,False,False
TXN0005020,CUST00086,2025-03-02 02:00:00,Transfer,861.99,Salary,UPI,Success,0,0,False,False,False,False,False
TXN0005021,CUST00595,2025-11-28 18:00:00,Transfer,1786.75,Travel,Debit Card,Success,0,1,False,False,False,False,False
TXN0005022,CUST00650,2026-08-07 13:00:00,Debit,1042.49,Investment,Credit Card,Success,0,0,False,False,False,False,False
TXN0005023,CUST00045,2025-04-02 14:00:00,Debit,3406.6,Travel,UPI,Success,0,0,False,False,False,False,False
TXN0005024,CUST01077,2026-01-11 12:00:00,Debit,1170.8,Travel,UPI,Success,0,0,False,False,False,False,False
TXN0005025,CUST00927,2025-05-05 01:00:00,Debit,381.26,Salary,Net Banking,Success,0,0,False,False,False,False,False
TXN0005026,CUST00551,2025-04-24 07:00:00,Debit,593.31,Groceries,UPI,Success,0,0,False,False,False,False,False
TXN0005027,CUST00810,2025-09-23 19:00:00,Transfer,1176.53,Investment,UPI,Success,0,0,False,False,False,False,False
TXN0005028,CUST00815,2025-07-27 20:00:00,Transfer,419.16,Food,Debit Card,Failed,0,0,False,False,False,False,False
TXN0005029,CUST01042,2025-05-18 13:00:00,Transfer,307.51,Travel,Credit Card,Pending,0,0,False,False,False,False,False
TXN0005030,CUST00955,2026-08-01 19:00:00,Debit,193.1,Salary,UPI,Unknown,0,0,False,False,False,False,False
TXN0005031,CUST00078,2025-09-15 08:00:00,Debit,361.14,Groceries,UPI,Success,0,0,False,False,False,False,False
TXN0005032,CUST00992,2025-10-26 06:00:00,Transfer,1445.92,Entertainment,UPI,Success,0,0,False,False,False,False,False
TXN0005033,CUST00356,2026-05-21 15:00:00,Debit,1076.12,Food,UPI,Success,0,1,False,False,False,False,False
TXN0005034,CUST00500,2025-04-23 15:00:00,Credit,2454.52,Healthcare,Debit Card,Pending,0,0,False,False,False,False,False
TXN0005035,CUST00444,2026-05-12 05:00:00,Credit,1562.06,Travel,UPI,Success,0,0,False,False,False,False,False
TXN0005036,CUST01029,2026-03-03 14:00:00,Credit,349.68,Rent,Debit Card,Success,0,0,False,False,False,False,False
TXN0005037,CUST01067,2026-08-21 01:00:00,Transfer,741.11,Utilities,UPI,Success,0,0,False,False,False,False,False
TXN0005038,CUST00479,2026-07-01 11:00:00,Debit,1077.82,Travel,UPI,Failed,0,0,False,False,False,False,False
TXN0005039,CUST00289,2026-02-14 14:00:00,Debit,8345.21,Utilities,Debit Card,Failed,0,0,False,False,False,False,False
TXN0005040,CUST00207,2026-01-13 10:00:00,Debit,6768.02,Salary,Debit Card,Success,0,0,False,False,False,False,False
TXN0005041,CUST00898,2025-02-26 06:00:00,Transfer,625.09,Salary,ATM,Success,1,0,False,False,False,False,False
TXN0005042,CUST00615,2025-07-23 09:00:00,Debit,2405.14,Utilities,UPI,Success,1,0,False,False,False,False,False
TXN0005043,CUST00539,2025-12-01 12:00:00,Transfer,2640.26,Investment,UPI,Success,0,1,False,False,False,False,False
TXN0005044,CUST00812,2026-03-08 16:00:00,Debit,310.35,Investment,UPI,Success,0,0,False,False,False,False,False
TXN0005045,CUST00072,2026-05-19 16:00:00,Credit,6968.77,Investment,UPI,Success,0,1,False,False,False,False,False
TXN0005046,CUST00451,2026-01-25 04:00:00,Credit,531.26,Entertainment,UPI,Failed,0,0,False,False,False,False,False
TXN0005047,CUST00392,2026-09-13 18:00:00,Transfer,5316.9,Salary,UPI,Success,0,0,False,False,False,False,False
TXN0005048,CUST00346,2025-09-22 06:00:00,Debit,402.9,Entertainment,UPI,Success,0,1,False,False,False,False,False
TXN0005049,CUST01005,2026-02-22 19:00:00,Transfer,1830.45,Salary,ATM,Success,0,0,False,False,False,False,False
TXN0005050,CUST00231,2026-05-29 09:00:00,Credit,195.4,Salary,UPI,Success,0,0,False,False,False,False,False
TXN0005051,CUST00913,2026-05-28 06:00:00,Credit,1016.64,Salary,UPI,Success,0,1,False,False,False,False,False
TXN0005052,CUST00243,2025-07-28 03:00:00,Transfer,5283.93,Investment,UPI,Success,0,0,False,False,False,False,False
TXN0005053,CUST00989,2026-06-14 12:00:00,Transfer,663.69,Utilities,UPI,Success,0,0,False,False,False,False,False
TXN0005054,CUST01024,2025-08-23 20:00:00,Debit,750.31,Healthcare,Net Banking,Success,0,0,False,False,False,False,False
TXN0005055,CUST00826,2025-03-17 09:00:00,Credit,902.4,Groceries,ATM,Success,1,0,False,False,False,False,False
TXN0005056,CUST00198,2025-10-04 23:00:00,Debit,6535.39,Investment,UPI,Unknown,0,1,False,False,False,False,False
TXN0005057,CUST01045,2026-03-20 17:00:00,Transfer,1096.265,Food,UPI,Failed,0,0,False,False,False,True,False
TXN0005058,CUST00852,2025-04-30 22:00:00,Debit,1955.03,Food,ATM,Success,0,0,False,False,False,False,False
TXN0005059,CUST00670,2026-09-21 21:00:00,Debit,3087.94,Salary,UPI,Success,0,0,False,False,False,False,False
TXN0005060,CUST01020,2026-04-04 01:00:00,Transfer,125.16,Food,UPI,Pending,1,0,False,False,False,False,False
TXN0005061,CUST01065,2025-07-10 21:00:00,Debit,445.78,Entertainment,Net Banking,Failed,0,0,False,False,False,False,False
TXN0005062,CUST00197,2026-04-24 12:00:00,Transfer,5115.89,Rent,UPI,Pending,1,0,False,False,False,False,False
TXN0005063,CUST00851,2025-02-07 12:00:00,Transfer,1634.37,Food,UPI,Success,0,1,False,False,False,False,False
TXN0005064,CUST00402,2025-11-16 02:00:00,Debit,2921.85,Utilities,UPI,Success,0,0,False,False,False,False,False
TXN0005065,CUST00645,2025-09-23 13:00:00,Credit,1076.53,Entertainment,UPI,Success,0,0,False,False,False,False,False
TXN0005066,CUST01012,2026-01-10 20:00:00,Credit,1685.66,Entertainment,Credit Card,Success,0,2,False,False,False,False,False
TXN0005067,CUST00266,2026-09-14 11:00:00,Debit,453.24,Salary,UPI,Success,0,0,False,False,False,False,False
TXN0005068,CUST01137,2026-05-17 13:00:00,Debit,3691.96,Investment,UPI,Success,0,1,False,False,False,False,False
TXN0005069,CUST00773,2025-08-10 17:00:00,Debit,2255.22,Shopping,UPI,Success,0,0,False,False,False,False,False
TXN0005070,CUST00746,2025-12-07 13:00:00,Debit,342.77,Food,UPI,Success,0,0,False,False,False,False,False
TXN0005071,CUST00651,2026-04-25 06:00:00,Transfer,862.91,Salary,UPI,Success,1,0,False,False,False,False,False
TXN0005072,CUST01068,2026-05-30 07:00:00,Debit,447.01,Salary,UPI,Success,0,0,False,False,False,False,False
TXN0005073,CUST00809,2025-09-13 04:00:00,Debit,3503.35,Salary,Debit Card,Success,0,0,False,False,False,False,False
TXN0005074,CUST00642,2026-03-26 18:00:00,Transfer,151.4,Shopping,UPI,Success,0,0,False,False,False,False,False
TXN0005075,CUST00473,2026-08-17 15:00:00,Debit,11523.87,Entertainment,UPI,Success,1,1,False,False,False,False,False
TXN0005076,CUST00976,2025-02-15 19:00:00,Debit,1537.65,Rent,UPI,Success,0,0,False,False,False,False,False
TXN0005077,CUST01088,2025-04-12 03:00:00,Transfer,162.38,Travel,UPI,Failed,0,0,False,False,False,False,False
TXN0005078,CUST00810,2026-07-22 00:00:00,Debit,1777.15,Salary,Net Banking,Success,0,0,False,False,False,False,False
TXN0005079,CUST00376,2026-06-13 03:00:00,Debit,1868.15,Salary,Credit Card,Success,0,0,False,False,False,False,False
TXN0005080,CUST01062,2026-02-01 06:00:00,Credit,1398.93,Healthcare,UPI,Success,0,0,False,False,False,False,False
TXN0005081,CUST00115,2026-06-21 11:00:00,Transfer,1155.71,Salary,UPI,Success,0,0,False,False,False,False,False
TXN0005082,CUST00691,2026-01-28 11:00:00,Transfer,62.99,Shopping,Unknown,Success,0,0,False,False,False,False,False
TXN0005083,CUST00083,2025-03-06 05:00:00,Transfer,1781.29,Food,UPI,Success,0,0,False,False,False,False,False
TXN0005084,CUST00718,2025-09-28 05:00:00,Credit,4525.03,Rent,UPI,Failed,0,0,False,False,False,False,False
TXN0005085,CUST00604,2026-08-26 12:00:00,Transfer,579.66,Entertainment,Debit Card,Success,0,0,False,False,False,False,False
TXN0005086,CUST00566,2025-03-13 01:00:00,Debit,1011.54,Shopping,UPI,Success,0,0,False,False,False,False,False
TXN0005087,CUST01192,2025-06-07 10:00:00,Debit,11176.75,Rent,UPI,Success,0,0,False,False,False,False,False
TXN0005088,CUST00056,2026-09-17 03:00:00,Debit,964.13,Salary,UPI,Success,0,0,False,False,False,False,False
TXN0005089,CUST00475,2025-09-24 13:00:00,Debit,86.39,Investment,Debit Card,Success,0,2,False,False,False,False,False
TXN0005090,CUST00486,2025-09-04 22:00:00,Debit,2594.12,Entertainment,Debit Card,Success,0,1,False,False,False,False,False
TXN0005091,CUST00729,2026-06-05 03:00:00,Credit,4528.44,Food,Credit Card,Success,0,0,False,False,False,False,False
TXN0005092,CUST00089,2026-01-20 02:00:00,Debit,9122.82,Salary,Credit Card,Success,0,1,False,False,False,False,False
TXN0005093,CUST01071,2025-07-05 16:00:00,Debit,322.71,Food,UPI,Success,0,0,False,False,False,False,False
TXN0005094,CUST00787,2026-03-05 12:00:00,Credit,713.69,Shopping,Debit Card,Success,0,0,False,False,False,False,False
TXN0005095,CUST00083,2025-08-08 00:00:00,Debit,292.26,Travel,ATM,Success,0,0,False,False,False,False,False
TXN0005096,CUST00418,2025-02-07 08:00:00,Debit,980.75,Entertainment,UPI,Success,0,0,False,False,False,False,False
TXN0005097,CUST00429,2025-05-19 23:00:00,Credit,8578.48,Groceries,Credit Card,Success,0,1,False,False,False,False,False
TXN0005098,CUST00893,2025-07-28 06:00:00,Transfer,977.73,Entertainment,UPI,Failed,0,0,False,False,False,False,False
TXN0005099,CUST00306,2025-06-29 17:00:00,Debit,739.39,Food,Debit Card,Success,0,2,False,False,False,False,False
TXN0005100,CUST00075,2025-12-22 17:00:00,Debit,459.06,Utilities,UPI,Success,0,1,False,False,False,False,False
TXN0005101,CUST00157,2026-02-17 11:00:00,Debit,1037.1,Shopping,UPI,Success,0,0,False,False,False,False,False
TXN0005102,CUST00161,2025-07-08 15:00:00,Credit,965.48,Rent,UPI,Success,0,0,False,False,False,False,False
TXN0005103,CUST01022,2025-07-12 01:00:00,Transfer,1357.0,Investment,UPI,Success,0,0,False,False,False,False,False
TXN0005104,CUST00232,2026-07-14 05:00:00,Transfer,1895.2,Entertainment,UPI,Success,0,1,False,False,False,False,False
TXN0005105,CUST01043,2026-03-12 07:00:00,Debit,643.02,Shopping,UPI,Success,0,0,False,False,False,False,False
TXN0005106,CUST00498,2025-06-09 17:00:00,Debit,1318.68,Healthcare,Debit Card,Success,0,0,False,False,False,False,False
TXN0005107,CUST00709,2025-12-27 23:00:00,Debit,9393.4,Food,UPI,Success,0,0,False,False,False,False,False
TXN0005108,CUST00316,2026-05-27 12:00:00,Debit,848.1,Travel,Debit Card,Success,0,0,False,False,False,False,False
TXN0005109,CUST00210,2025-02-21 18:00:00,Debit,302.44,Healthcare,UPI,Success,0,1,False,False,False,False,False
TXN0005110,CUST00730,2025-10-22 22:00:00,Debit,158.5,Shopping,UPI,Pending,0,0,False,False,False,False,False
TXN0005111,CUST00260,2025-04-17 21:00:00,Transfer,1132.42,Rent,Net Banking,Success,0,0,False,False,False,False,False
TXN0005112,CUST00053,2025-09-20 16:00:00,Transfer,627.8,Rent,Debit Card,Success,1,0,False,False,False,False,False
TXN0005113,CUST00414,2026-04-20 18:00:00,Transfer,7252.0,Shopping,UPI,Success,0,0,False,False,False,False,False
TXN0005114,CUST00658,2025-05-24 19:00:00,Transfer,227.99,Utilities,UPI,Success,0,1,False,False,False,False,False
TXN0005115,CUST01189,2025-08-29 16:00:00,Debit,4604.5,Salary,ATM,Success,0,0,False,False,False,False,False
TXN0005116,CUST00744,2025-11-03 02:00:00,Transfer,1630.27,Utilities,Debit Card,Success,1,0,False,False,False,False,False
TXN0005117,CUST00835,2026-05-26 00:00:00,Debit,1775.79,Travel,Debit Card,Failed,0,0,False,False,False,False,False
TXN0005118,CUST01110,2025-01-29 09:00:00,Debit,638.21,Shopping,UPI,Success,0,0,False,False,False,False,False
TXN0005119,CUST01110,2026-08-14 19:00:00,Debit,1270.63,Salary,Unknown,Success,0,0,False,False,False,False,False
TXN0005120,CUST01146,2025-01-06 02:00:00,Debit,309.36,Investment,Debit Card,Success,0,1,False,False,False,False,False
TXN0005121,CUST00815,2026-03-19 19:00:00,Debit,178.86,Healthcare,UPI,Success,0,1,False,False,False,False,False
TXN0005122,CUST00178,2026-01-05 07:00:00,Transfer,212.79,Unknown,UPI,Pending,0,0,False,False,False,False,False
TXN0005123,CUST00173,2026-02-09 20:00:00,Debit,1162.47,Utilities,UPI,Success,0,0,False,False,False,False,False
TXN0005124,CUST01057,2025-12-25 23:00:00,Transfer,664.32,Shopping,UPI,Success,0,0,False,False,False,False,False
TXN0005125,CUST00772,2025-01-26 01:00:00,Credit,2931.72,Groceries,ATM,Success,0,0,False,False,False,False,False
TXN0005126,CUST01089,2026-02-01 12:00:00,Debit,1560.54,Travel,UPI,Success,0,0,False,False,False,False,False
TXN0005127,CUST00987,2025-09-22 01:00:00,Debit,5265.24,Travel,Credit Card,Success,0,1,False,False,False,False,False
TXN0005128,CUST00170,2025-07-26 21:00:00,Debit,468.01,Entertainment,UPI,Success,0,0,False,False,False,False,False
TXN0005129,CUST00200,2026-03-19 15:00:00,Credit,956.9,Travel,Credit Card,Success,0,0,False,False,False,False,False
TXN0005130,CUST00248,2025-08-02 13:00:00,Debit,2408.52,Salary,UPI,Pending,0,1,False,False,False,False,False
TXN0005131,CUST00466,2025-02-14 09:00:00,Credit,1300.77,Entertainment,UPI,Success,0,1,False,False,False,False,False
TXN0005132,CUST00837,2026-08-16 20:00:00,Debit,1292.04,Investment,Unknown,Success,0,0,False,False,False,False,False
TXN0005133,CUST00095,2025-04-29 04:00:00,Debit,336.33,Travel,Net Banking,Success,0,1,False,False,False,False,False
TXN0005134,CUST00764,2026-05-09 07:00:00,Debit,509.91,Rent,UPI,Success,1,0,False,False,False,False,False
TXN0005135,CUST00432,2025-12-28 03:00:00,Credit,2045.31,Salary,UPI,Success,0,1,False,False,False,False,False
TXN0005136,CUST00746,2025-09-16 13:00:00,Credit,406.2,Investment,Net Banking,Success,0,0,False,False,False,False,False
TXN0005137,CUST00901,2026-08-31 19:00:00,Debit,1004.25,Healthcare,Debit Card,Success,0,0,False,False,False,False,False
TXN0005138,CUST00433,2026-03-01 16:00:00,Transfer,622.18,Rent,UPI,Success,0,0,False,False,False,False,False
TXN0005139,CUST00382,2026-02-24 16:00:00,Transfer,1013.53,Shopping,Debit Card,Success,0,0,False,False,False,False,False
TXN0005140,CUST00417,2025-06-23 14:00:00,Transfer,3198.88,Shopping,UPI,Success,0,0,False,False,False,False,False
TXN0005141,CUST00495,2025-01-08 21:00:00,Credit,583.9,Salary,UPI,Success,1,0,False,False,False,False,False
TXN0005142,CUST00168,2025-01-08 23:00:00,Transfer,2359.2,Groceries,UPI,Success,0,0,False,False,False,False,False
TXN0005143,CUST00321,2025-09-29 22:00:00,Debit,750.17,Rent,Net Banking,Success,0,0,False,False,False,False,False
TXN0005144,CUST00382,2025-05-19 19:00:00,Transfer,3075.52,Salary,Debit Card,Failed,0,0,False,False,False,False,False
TXN0005145,CUST00941,2025-11-16 01:00:00,Debit,1383.47,Shopping,UPI,Pending,0,1,False,False,False,False,False
TXN0005146,,2026-05-12 14:00:00,Debit,978.98,Groceries,Debit Card,Success,0,0,False,False,True,False,False
TXN0005147,CUST01041,2025-08-05 23:00:00,Debit,1141.81,Entertainment,UPI,Success,0,0,False,False,False,False,False
TXN0005148,CUST00779,2025-12-26 03:00:00,Debit,331.59,Travel,Debit Card,Success,0,0,False,False,False,False,False
TXN0005149,CUST01146,2026-05-06 04:00:00,Transfer,874.51,Travel,Net Banking,Failed,0,0,False,False,False,False,False
TXN0005150,CUST00501,2025-09-28 12:00:00,Debit,1173.4,Travel,UPI,Success,0,0,False,False,False,False,False
TXN0005151,CUST00771,2026-07-29 11:00:00,Debit,2044.52,Groceries,Net Banking,Success,0,0,False,False,False,False,False
TXN0005152,CUST00018,2025-02-21 09:00:00,Debit,689.09,Salary,UPI,Success,0,0,False,False,False,False,False
TXN0005153,CUST00446,2025-03-18 15:00:00,Transfer,365.35,Salary,Net Banking,Success,0,0,False,False,False,False,False
TXN0005154,CUST00407,2025-01-14 18:00:00,Transfer,1513.18,Entertainment,UPI,Success,0,1,False,False,False,False,False
TXN0005155,CUST00376,2026-09-22 19:00:00,Debit,4233.82,Utilities,UPI,Success,0,0,False,False,False,False,False
TXN0005156,CUST01063,2025-05-25 18:00:00,Transfer,10904.25,Salary,UPI,Success,0,0,False,False,False,False,False
TXN0005157,CUST00223,2026-09-08 12:00:00,Debit,2207.61,Rent,UPI,Success,1,0,False,False,False,False,False
TXN0005158,CUST00781,2025-01-19 08:00:00,Debit,1144.04,Food,Net Banking,Success,0,0,False,False,False,False,False
TXN0005159,CUST00693,2025-07-10 07:00:00,Transfer,829.0,Salary,Credit Card,Success,0,1,False,False,False,False,False
TXN0005160,CUST00279,2026-03-04 04:00:00,Transfer,1276.7,Shopping,UPI,Success,0,0,False,False,False,False,False
TXN0005161,CUST00120,2026-01-13 16:00:00,Debit,903.21,Shopping,UPI,Success,0,0,False,False,False,False,False
TXN0005162,CUST01097,2025-07-07 02:00:00,Debit,2371.67,Shopping,Net Banking,Success,0,1,False,False,False,False,False
TXN0005163,CUST00017,2025-04-17 10:00:00,Debit,4229.72,Salary,UPI,Success,0,0,False,False,False,False,False
TXN0005164,CUST00692,2025-11-16 00:00:00,Debit,1479.04,Food,Debit Card,Success,0,0,False,False,False,False,False
TXN0005165,CUST01113,2026-01-22 13:00:00,Debit,1220.16,Travel,Debit Card,Pending,0,0,False,False,False,False,False
TXN0005166,CUST00387,2025-03-22 03:00:00,Transfer,526.49,Healthcare,UPI,Success,0,1,False,False,False,False,False
TXN0005167,CUST00043,2025-01-25 18:00:00,Transfer,4672.79,Salary,Debit Card,Success,0,1,False,False,False,False,False
TXN0005168,CUST00080,2026-05-19 01:00:00,Debit,165.64,Groceries,Debit Card,Success,0,0,False,False,False,False,False
TXN0005169,CUST00791,2025-12-12 18:00:00,Debit,561.73,Groceries,UPI,Success,0,0,False,False,False,False,False
TXN0005170,CUST00970,2025-03-30 07:00:00,Debit,1997.3,Salary,UPI,Success,0,0,False,False,False,False,False
TXN0005171,CUST00311,2026-06-16 14:00:00,Debit,487.7,Food,UPI,Pending,0,1,False,False,False,False,False
TXN0005172,CUST00021,2026-01-03 11:00:00,Debit,296.58,Utilities,Debit Card,Success,0,0,False,False,False,False,False
TXN0005173,CUST00548,2025-12-05 14:00:00,Debit,693.47,Entertainment,Debit Card,Success,1,1,False,False,False,False,False
TXN0005174,CUST00862,2025-07-17 08:00:00,Debit,232.22,Salary,Net Banking,Success,0,1,False,False,False,False,False
TXN0005175,CUST01028,2025-08-12 05:00:00,Debit,1376.75,Healthcare,UPI,Success,0,0,False,False,False,False,False
TXN0005176,CUST00958,2025-09-28 23:00:00,Debit,704.67,Rent,UPI,Success,1,0,False,False,False,False,False
TXN0005177,CUST00296,2025-12-28 19:00:00,Credit,4729.24,Entertainment,Credit Card,Success,0,0,False,False,False,False,False
TXN0005178,CUST00806,2025-05-01 23:00:00,Debit,510.24,Unknown,UPI,Success,0,1,False,False,False,False,False
TXN0005179,CUST00312,2025-08-26 02:00:00,Debit,1137.52,Entertainment,UPI,Success,0,0,False,False,False,False,False
TXN0005180,CUST00734,2025-01-20 23:00:00,Credit,2918.65,Groceries,Debit Card,Success,0,0,False,False,False,False,False
TXN0005181,CUST00360,2025-01-07 03:00:00,Debit,3071.27,Rent,UPI,Success,0,0,False,False,False,False,False
TXN0005182,CUST00918,2025-12-20 13:00:00,Transfer,489.02,Rent,UPI,Success,0,0,False,False,False,False,False
TXN0005183,CUST00903,2026-09-24 20:00:00,Transfer,2457.39,Travel,Debit Card,Failed,0,1,False,False,False,False,False
TXN0005184,CUST01006,2026-02-21 06:00:00,Debit,2371.85,Healthcare,Debit Card,Success,0,1,False,False,False,False,False
TXN0005185,CUST01084,2025-05-18 01:00:00,Credit,3275.41,Entertainment,Debit Card,Success,0,0,False,False,False,False,False
TXN0005186,,2026-03-03 09:00:00,Debit,666.17,Travel,Net Banking,Success,1,0,False,False,True,False,False
TXN0005187,CUST00421,2026-02-22 04:00:00,Transfer,1915.2,Unknown,UPI,Success,0,1,False,False,False,False,False
TXN0005188,CUST00163,2025-03-12 15:00:00,Transfer,1637.19,Investment,UPI,Pending,0,1,False,False,False,False,False
TXN0005189,CUST00262,2025-09-08 18:00:00,Debit,1277.97,Rent,UPI,Success,0,1,False,False,False,False,False
TXN0005190,CUST01197,2026-03-08 11:00:00,Debit,979.32,Rent,UPI,Success,0,0,False,False,False,False,False
TXN0005191,CUST00564,2026-02-26 07:00:00,Credit,4044.26,Investment,ATM,Success,0,0,False,False,False,False,False
TXN0005192,CUST00458,2025-03-20 23:00:00,Credit,1449.88,Shopping,Debit Card,Success,0,0,False,False,False,False,False
TXN0005193,CUST00081,2025-04-10 05:00:00,Debit,3719.76,Utilities,UPI,Success,0,0,False,False,False,False,False
TXN0005194,CUST00039,2025-09-21 03:00:00,Debit,435.88,Healthcare,UPI,Success,0,0,False,False,False,False,False
TXN0005195,CUST00845,2025-12-30 07:00:00,Credit,376.14,Shopping,ATM,Success,0,1,False,False,False,False,False
TXN0005196,CUST00837,2025-05-03 22:00:00,Debit,518.73,Food,Net Banking,Success,0,0,False,False,False,False,False
TXN0005197,CUST01091,2025-02-12 02:00:00,Debit,1547.74,Travel,ATM,Success,0,0,False,False,False,False,False
TXN0005198,CUST00727,2026-01-22 23:00:00,Debit,245.86,Shopping,Debit Card,Success,0,0,False,False,False,False,False
TXN0005199,CUST00719,2025-05-27 11:00:00,Credit,318.18,Travel,UPI,Success,0,0,False,False,False,False,False
TXN0005200,CUST00428,2025-08-18 12:00:00,Transfer,115.37,Entertainment,Net Banking,Success,0,1,False,False,False,False,False
TXN0005201,,2025-07-21 17:00:00,Debit,1037.96,Utilities,Debit Card,Success,0,0,False,False,True,False,False
TXN0005202,CUST00115,2025-09-17 15:00:00,Credit,2406.51,Food,Debit Card,Success,0,0,False,False,False,False,False
TXN0005203,CUST01117,2026-05-31 00:00:00,Transfer,158.5,Entertainment,Net Banking,Success,0,1,False,False,False,False,False
TXN0005204,CUST00638,2026-06-08 16:00:00,Debit,1235.99,Food,UPI,Success,0,0,False,False,False,False,False
TXN0005205,CUST01000,2026-08-01 23:00:00,Credit,530.08,Utilities,Credit Card,Failed,0,0,False,False,False,False,False
TXN0005206,CUST00267,2025-07-03 08:00:00,Debit,730.6,Utilities,UPI,Success,0,0,False,False,False,False,False
TXN0005207,CUST00001,2026-03-28 16:00:00,Transfer,137.64,Shopping,UPI,Success,0,0,False,False,False,False,False
TXN0005208,CUST00789,2025-11-26 12:00:00,Debit,1230.43,Salary,UPI,Success,0,0,False,False,False,False,False
TXN0005209,CUST01051,2026-05-17 17:00:00,Debit,275.16,Shopping,UPI,Success,0,0,False,False,False,False,False
TXN0005210,CUST01129,2025-07-28 19:00:00,Credit,2617.59,Utilities,UPI,Success,0,0,False,False,False,False,False
TXN0005211,CUST00630,2026-08-12 15:00:00,Debit,3029.17,Entertainment,Credit Card,Success,0,2,False,False,False,False,False
TXN0005212,CUST01144,2025-11-30 05:00:00,Credit,2102.85,Salary,UPI,Success,0,1,False,False,False,False,False
TXN0005213,CUST00149,2026-04-08 02:00:00,Debit,196.79,Unknown,Credit Card,Success,0,0,False,False,False,False,False
TXN0005214,CUST00110,2025-12-05 02:00:00,Debit,2498.22,Utilities,Net Banking,Failed,0,0,False,False,False,False,False
TXN0005215,CUST00225,2026-06-19 17:00:00,Transfer,4415.74,Salary,Net Banking,Failed,0,0,False,False,False,False,False
TXN0005216,CUST01174,2026-05-18 15:00:00,Transfer,867.5,Utilities,UPI,Success,0,0,False,False,False,False,False
TXN0005217,CUST00271,2026-05-12 11:00:00,Debit,4142.63,Groceries,Debit Card,Unknown,0,0,False,False,False,False,False
TXN0005218,CUST00923,2026-06-22 10:00:00,Debit,3290.19,Shopping,ATM,Success,0,0,False,False,False,False,False
TXN0005219,CUST00489,2026-01-18 08:00:00,Transfer,3172.83,Shopping,Debit Card,Success,0,0,False,False,False,False,False
TXN0005220,CUST00220,2025-02-24 04:00:00,Transfer,1228.51,Investment,UPI,Success,0,1,False,False,False,False,False
TXN0005221,CUST01035,2025-11-18 21:00:00,Debit,2829.49,Groceries,UPI,Success,0,1,False,False,False,False,False
TXN0005222,CUST00257,2026-04-18 23:00:00,Transfer,585.1,Investment,UPI,Success,0,1,False,False,False,False,False
TXN0005223,CUST00947,2025-08-21 14:00:00,Transfer,1011.18,Salary,Debit Card,Success,0,1,False,False,False,False,False
TXN0005224,CUST00298,2026-04-24 13:00:00,Debit,509.26,Rent,Debit Card,Success,0,1,False,False,False,False,False
TXN0005225,CUST00193,2025-10-03 00:00:00,Debit,871.58,Utilities,UPI,Pending,0,0,False,False,False,False,False
TXN0005226,CUST01011,2025-11-18 08:00:00,Debit,1879.7,Utilities,Debit Card,Success,0,0,False,False,False,False,False
TXN0005227,CUST00854,2025-03-08 10:00:00,Debit,6959.64,Utilities,UPI,Pending,0,0,False,False,False,False,False
TXN0005228,CUST00477,2025-07-31 20:00:00,Credit,3936.51,Healthcare,Debit Card,Success,0,0,False,False,False,False,False
TXN0005229,CUST00035,2025-09-21 13:00:00,Debit,245.31,Rent,ATM,Success,0,1,False,False,False,False,False
TXN0005230,CUST00417,2025-03-18 21:00:00,Debit,405.51,Travel,Credit Card,Success,0,0,False,False,False,False,False
TXN0005231,CUST00183,2026-01-08 21:00:00,Debit,979.92,Investment,UPI,Success,0,0,False,False,False,False,False
TXN0005232,CUST00494,2025-08-15 05:00:00,Debit,239.13,Rent,UPI,Success,1,0,False,False,False,False,False
TXN0005233,CUST00412,2025-05-26 14:00:00,Transfer,355.66,Healthcare,Net Banking,Success,0,0,False,False,False,False,False
TXN0005234,CUST00316,2026-01-05 23:00:00,Debit,273.27,Utilities,Net Banking,Success,0,0,False,False,False,False,False
TXN0005235,CUST00614,2026-05-22 03:00:00,Debit,845.78,Investment,UPI,Success,1,0,False,False,False,False,False
TXN0005236,CUST00031,2025-09-06 08:00:00,Debit,815.2,Salary,UPI,Failed,0,0,False,False,False,False,False
TXN0005237,CUST00387,2026-07-19 21:00:00,Debit,2507.23,Food,Debit Card,Success,0,0,False,False,False,False,False
TXN0005238,CUST00596,2025-07-07 22:00:00,Debit,781.84,Salary,UPI,Success,0,0,False,False,False,False,False
TXN0005239,CUST00900,2025-08-26 23:00:00,Debit,592.23,Travel,Debit Card,Pending,0,0,False,False,False,False,False
TXN0005240,CUST01189,2025-02-02 10:00:00,Debit,165.52,Travel,Net Banking,Success,0,0,False,False,False,False,False
TXN0005241,CUST00247,2026-07-29 16:00:00,Transfer,2888.88,Groceries,UPI,Success,0,0,False,False,False,False,False
TXN0005242,CUST01192,2026-07-06 15:00:00,Transfer,988.4,Food,Debit Card,Success,0,0,False,False,False,False,False
TXN0005243,CUST00040,2025-05-06 05:00:00,Debit,769.76,Food,Net Banking,Success,0,0,False,False,False,False,False
TXN0005244,CUST00931,2026-01-18 06:00:00,Transfer,1323.21,Groceries,Debit Card,Success,0,1,False,False,False,False,False
TXN0005245,CUST00834,2025-09-08 16:00:00,Transfer,319.17,Food,UPI,Success,0,0,False,False,False,False,False
TXN0005246,CUST00776,2025-02-13 00:00:00,Debit,954.19,Travel,UPI,Success,0,0,False,False,False,False,False
TXN0005247,CUST00327,2026-02-09 05:00:00,Transfer,6046.33,Travel,Debit Card,Success,0,1,False,False,False,False,False
TXN0005248,CUST00809,2025-02-21 21:00:00,Transfer,388.54,Entertainment,ATM,Success,0,2,False,False,False,False,False
TXN0005249,CUST00398,2025-12-25 17:00:00,Debit,1374.33,Entertainment,Credit Card,Success,0,0,False,False,False,False,False
TXN0005250,CUST01080,2025-10-29 19:00:00,Debit,3335.45,Shopping,Net Banking,Success,0,0,False,False,False,False,False
TXN0005251,CUST00569,2026-03-16 11:00:00,Debit,4989.13,Food,UPI,Success,0,1,False,False,False,False,False
TXN0005252,CUST00933,2025-06-09 22:00:00,Transfer,218.87,Salary,UPI,Success,0,0,False,False,False,False,False
TXN0005253,CUST00671,2026-06-13 17:00:00,Credit,1789.73,Investment,UPI,Success,0,1,False,False,False,False,False
TXN0005254,CUST00216,2025-07-13 17:00:00,Transfer,288.62,Travel,Credit Card,Pending,0,0,False,False,False,False,False
TXN0005255,CUST00711,2025-07-13 11:00:00,Debit,2078.32,Rent,Debit Card,Pending,0,0,False,False,False,False,False
TXN0005256,CUST01045,2025-11-12 05:00:00,Transfer,1827.74,Salary,ATM,Success,0,2,False,False,False,False,False
TXN0005257,CUST00090,2025-04-10 18:00:00,Debit,268.32,Investment,UPI,Success,0,0,False,False,False,False,False
TXN0005258,CUST01104,2026-07-06 03:00:00,Transfer,627.44,Investment,UPI,Success,0,0,False,False,False,False,False
TXN0005259,CUST01126,2025-01-27 22:00:00,Debit,169.89,Travel,UPI,Success,0,1,False,False,False,False,False
TXN0005260,CUST00453,2025-12-30 13:00:00,Transfer,5380.88,Travel,UPI,Success,0,0,False,False,False,False,False
TXN0005261,CUST01124,2025-06-08 13:00:00,Debit,1517.59,Food,UPI,Success,0,1,False,False,False,False,False
TXN0005262,CUST00209,2025-08-28 12:00:00,Debit,961.12,Rent,ATM,Success,0,0,False,False,False,False,False
TXN0005263,CUST00709,2026-01-15 08:00:00,Debit,200.08,Investment,Credit Card,Success,0,0,False,False,False,False,False
TXN0005264,CUST00777,2025-02-19 15:00:00,Transfer,853.46,Rent,Net Banking,Success,0,0,False,False,False,False,False
TXN0005265,CUST00925,2025-09-08 12:00:00,Credit,2571.82,Shopping,UPI,Success,0,0,False,False,False,False,False
TXN0005266,CUST00558,2025-02-11 14:00:00,Transfer,728.17,Rent,Net Banking,Success,0,0,False,False,False,False,False
TXN0005267,CUST00227,2026-02-26 19:00:00,Debit,970.31,Travel,Net Banking,Success,0,1,False,False,False,False,False
TXN0005268,CUST00113,2025-08-18 16:00:00,Debit,2546.96,Entertainment,Debit Card,Success,0,0,False,False,False,False,False
TXN0005269,CUST01198,2026-08-25 02:00:00,Debit,127.22,Shopping,UPI,Success,0,0,False,False,False,False,False
TXN0005270,CUST00924,2025-10-04 09:00:00,Debit,2146.57,Healthcare,Net Banking,Failed,0,0,False,False,False,False,False
TXN0005271,CUST00447,2026-02-01 09:00:00,Debit,661.24,Shopping,UPI,Success,0,0,False,False,False,False,False
TXN0005272,CUST00352,2026-01-10 15:00:00,Transfer,1357.32,Rent,ATM,Success,0,0,False,False,False,False,False
TXN0005273,CUST00890,2025-08-02 00:00:00,Credit,905.56,Entertainment,Net Banking,Success,1,0,False,False,False,False,False
TXN0005274,CUST01122,2026-06-19 01:00:00,Debit,1903.69,Utilities,Credit Card,Success,0,1,False,False,False,False,False
TXN0005275,CUST00143,2025-07-02 14:00:00,Debit,426.7,Utilities,UPI,Failed,0,1,False,False,False,False,False
TXN0005276,CUST00558,2026-04-21 03:00:00,Debit,709.96,Rent,Credit Card,Success,0,0,False,False,False,False,False
TXN0005277,CUST00857,2025-09-21 19:00:00,Credit,1502.29,Investment,UPI,Success,0,0,False,False,False,False,False
TXN0005278,CUST00095,2026-04-16 22:00:00,Credit,1026.93,Travel,Net Banking,Success,0,0,False,False,False,False,False
TXN0005279,CUST00100,2026-03-11 00:00:00,Debit,517.88,Entertainment,UPI,Success,0,0,False,False,False,False,False
TXN0005280,CUST00235,2025-11-26 10:00:00,Debit,3453.93,Investment,Debit Card,Success,0,0,False,False,False,False,False
TXN0005281,CUST00393,2025-01-09 07:00:00,Transfer,1258.63,Food,Net Banking,Success,0,0,False,False,False,False,False
TXN0005282,CUST01198,2026-01-01 09:00:00,Credit,105.02,Travel,UPI,Success,0,0,False,False,False,False,False
TXN0005283,CUST00920,2025-05-19 16:00:00,Credit,407.9,Rent,ATM,Success,0,0,False,False,False,False,False
TXN0005284,CUST00351,2026-05-03 20:00:00,Transfer,462.18,Entertainment,ATM,Failed,0,0,False,False,False,False,False
TXN0005285,CUST01019,2026-01-25 12:00:00,Transfer,3810.66,Rent,Debit Card,Success,0,0,False,False,False,False,False
TXN0005286,CUST00222,2025-08-12 10:00:00,Debit,4590.06,Investment,UPI,Success,0,0,False,False,False,False,False
TXN0005287,CUST01187,2025-11-12 09:00:00,Transfer,2691.19,Groceries,UPI,Success,0,0,False,False,False,False,False
TXN0005288,CUST00895,2025-08-14 11:00:00,Debit,687.64,Rent,UPI,Pending,0,0,False,False,False,False,False
TXN0005289,CUST01109,2026-06-05 19:00:00,Debit,1345.07,Groceries,UPI,Success,0,0,False,False,False,False,False
TXN0005290,CUST01039,2025-05-25 01:00:00,Transfer,2234.07,Healthcare,UPI,Success,0,0,False,False,False,False,False
TXN0005291,CUST00387,2026-04-12 08:00:00,Transfer,1141.8,Food,UPI,Success,0,0,False,False,False,False,False
TXN0005292,CUST00131,2025-07-05 17:00:00,Transfer,1519.95,Investment,UPI,Success,0,1,False,False,False,False,False
TXN0005293,CUST00686,2026-01-19 13:00:00,Transfer,1299.62,Shopping,UPI,Success,0,1,False,False,False,False,False
TXN0005294,CUST00670,2025-06-07 17:00:00,Transfer,739.35,Entertainment,Debit Card,Success,0,1,False,False,False,False,False
TXN0005295,CUST00659,2025-07-14 07:00:00,Debit,2194.33,Travel,Credit Card,Success,0,1,False,False,False,False,False
TXN0005296,CUST00599,2025-01-29 22:00:00,Credit,576.71,Healthcare,UPI,Success,0,0,False,False,False,False,False
TXN0005297,CUST00563,2026-08-09 03:00:00,Credit,6859.68,Travel,Debit Card,Success,0,0,False,False,False,False,False
TXN0005298,CUST00306,2026-09-06 12:00:00,Debit,2656.51,Investment,UPI,Success,0,0,False,False,False,False,False
TXN0005299,CUST00584,2026-02-10 09:00:00,Credit,349.44,Food,Debit Card,Success,0,0,False,False,False,False,False
TXN0005300,CUST00565,2026-01-11 23:00:00,Credit,393.92,Food,Debit Card,Failed,0,1,False,False,False,False,False
TXN0005301,CUST00149,2025-03-26 15:00:00,Debit,480.61,Salary,ATM,Success,1,1,False,False,False,False,False
TXN0005302,CUST00329,2025-04-15 14:00:00,Transfer,366.03,Food,Net Banking,Success,0,0,False,False,False,False,False
TXN0005303,CUST00945,2025-08-24 01:00:00,Credit,1964.59,Salary,UPI,Success,0,0,False,False,False,False,False
TXN0005304,CUST01132,2025-12-19 14:00:00,Debit,2303.58,Utilities,ATM,Success,0,0,False,False,False,False,False
TXN0005305,CUST00439,2025-12-06 14:00:00,Debit,1753.84,Healthcare,UPI,Success,0,0,False,False,False,False,False
TXN0005306,CUST00938,2026-04-27 14:00:00,Transfer,299.3,Investment,Credit Card,Success,1,1,False,False,False,False,False
TXN0005307,CUST00517,2026-02-19 17:00:00,Debit,730.27,Entertainment,UPI,Success,0,0,False,False,False,False,False
TXN0005308,CUST00745,2025-02-19 23:00:00,Transfer,522.91,Shopping,Net Banking,Success,0,1,False,False,False,False,False
TXN0005309,CUST00052,2025-12-02 06:00:00,Transfer,7591.83,Entertainment,Net Banking,Success,0,0,False,False,False,False,False
TXN0005310,CUST00412,2025-09-19 06:00:00,Debit,1225.74,Groceries,UPI,Success,0,0,False,False,False,False,False
TXN0005311,CUST00372,2026-07-24 08:00:00,Transfer,975.69,Unknown,Net Banking,Success,0,0,False,False,False,False,False
TXN0005312,CUST00145,2026-06-17 14:00:00,Credit,1361.55,Salary,UPI,Success,0,0,False,False,False,False,False
TXN0005313,CUST00073,2026-01-27 16:00:00,Credit,248.57,Entertainment,Debit Card,Success,0,0,False,False,False,False,False
TXN0005314,CUST00766,2025-06-14 00:00:00,Debit,2666.36,Groceries,UPI,Success,0,0,False,False,False,False,False
TXN0005315,CUST00943,2026-07-04 07:00:00,Debit,258.9,Food,UPI,Success,0,0,False,False,False,False,False
TXN0005316,CUST00067,2025-02-24 10:00:00,Credit,1425.5,Food,UPI,Success,1,0,False,False,False,False,False
TXN0005317,CUST00393,2025-03-01 15:00:00,Credit,619.07,Travel,UPI,Success,0,0,False,False,False,False,False
TXN0005318,CUST00330,2025-12-20 19:00:00,Transfer,503.98,Food,Net Banking,Failed,0,0,False,False,False,False,False
TXN0005319,CUST00809,2025-06-20 07:00:00,Debit,5949.07,Entertainment,UPI,Success,0,0,False,False,False,False,False
TXN0005320,CUST00854,2026-08-05 05:00:00,Credit,618.08,Entertainment,UPI,Success,0,0,False,False,False,False,False
TXN0005321,CUST01021,2026-07-31 21:00:00,Debit,1875.89,Entertainment,Credit Card,Success,0,0,False,False,False,False,False
TXN0005322,CUST01052,2026-05-04 03:00:00,Debit,1043.88,Healthcare,Net Banking,Success,0,0,False,False,False,False,False
TXN0005323,CUST00459,2026-08-22 02:00:00,Debit,4442.13,Shopping,Net Banking,Success,0,0,False,False,False,False,False
TXN0005324,CUST01121,2026-01-16 23:00:00,Debit,1375.69,Shopping,Net Banking,Success,0,0,False,False,False,False,False
TXN0005325,CUST00463,2026-06-15 12:00:00,Debit,1096.265,Shopping,Net Banking,Success,0,1,False,False,False,True,False
TXN0005326,CUST00673,2025-07-29 02:00:00,Credit,18128.37,Salary,Net Banking,Success,0,0,False,False,False,False,True
TXN0005327,CUST00299,2025-06-08 10:00:00,Debit,2368.21,Healthcare,UPI,Success,0,0,False,False,False,False,False
TXN0005328,CUST01040,2025-01-07 12:00:00,Transfer,167.76,Shopping,UPI,Failed,0,0,False,False,False,False,False
TXN0005329,CUST00562,2025-10-07 03:00:00,Debit,2798.21,Rent,UPI,Success,0,0,False,False,False,False,False
TXN0005330,CUST00871,2026-01-12 21:00:00,Debit,948.33,Rent,UPI,Success,0,0,False,False,False,False,False
TXN0005331,CUST00112,2025-08-14 07:00:00,Debit,686.06,Investment,Net Banking,Failed,0,0,False,False,False,False,False
TXN0005332,CUST00669,2025-04-22 20:00:00,Transfer,3141.63,Salary,Credit Card,Success,1,0,False,False,False,False,False
TXN0005333,CUST01098,2026-07-06 11:00:00,Debit,2014.91,Salary,UPI,Success,0,0,False,False,False,False,False
TXN0005334,CUST00309,2026-06-01 23:00:00,Debit,7448.64,Travel,UPI,Success,0,0,False,False,False,False,False
TXN0005335,CUST00048,2026-05-28 12:00:00,Debit,505.13,Investment,UPI,Success,0,0,False,False,False,False,False
TXN0005336,CUST00336,2026-01-17 13:00:00,Debit,3022.33,Food,Debit Card,Success,0,0,False,False,False,False,False
TXN0005337,CUST00165,2025-04-01 13:00:00,Debit,433.76,Salary,Debit Card,Success,0,0,False,False,False,False,False
TXN0005338,CUST00582,2025-02-22 06:00:00,Debit,3417.11,Travel,Debit Card,Success,0,1,False,False,False,False,False
TXN0005339,CUST00537,2025-04-15 08:00:00,Debit,866.78,Travel,Credit Card,Success,1,0,False,False,False,False,False
TXN0005340,CUST00114,2025-06-02 19:00:00,Transfer,339.26,Healthcare,Debit Card,Success,0,0,False,False,False,False,False
TXN0005341,CUST00679,2026-02-14 03:00:00,Transfer,1640.87,Rent,UPI,Success,0,1,False,False,False,False,False
TXN0005342,CUST00132,2025-04-06 12:00:00,Debit,1178.98,Food,Net Banking,Success,0,1,False,False,False,False,False
TXN0005343,CUST00668,2026-07-23 14:00:00,Debit,1334.14,Entertainment,UPI,Success,0,0,False,False,False,False,False
TXN0005344,CUST00695,2025-12-03 01:00:00,Credit,797.17,Utilities,Net Banking,Success,0,0,False,False,False,False,False
TXN0005345,CUST00264,2026-07-03 03:00:00,Debit,670.24,Entertainment,UPI,Failed,0,0,False,False,False,False,False
TXN0005346,CUST01114,2026-05-19 01:00:00,Transfer,6596.19,Investment,ATM,Failed,1,0,False,False,False,False,False
TXN0005347,CUST00666,2025-04-29 06:00:00,Transfer,247.01,Groceries,UPI,Success,0,0,False,False,False,False,False
TXN0005348,CUST01024,2026-01-27 02:00:00,Transfer,520.98,Salary,Debit Card,Unknown,0,0,False,False,False,False,False
TXN0005349,CUST00813,2026-07-24 14:00:00,Debit,1697.08,Entertainment,ATM,Success,0,0,False,False,False,False,False
TXN0005350,CUST01110,2026-07-27 03:00:00,Debit,582.36,Food,UPI,Success,0,0,False,False,False,False,False
TXN0005351,CUST00202,2025-03-07 10:00:00,Debit,775.19,Food,UPI,Success,0,0,False,False,False,False,False
TXN0005352,CUST00701,2025-10-17 14:00:00,Debit,938.11,Investment,ATM,Success,0,1,False,False,False,False,False
TXN0005353,CUST00131,2025-05-03 00:00:00,Debit,201.15,Food,Net Banking,Success,0,0,False,False,False,False,False
TXN0005354,CUST00165,2025-12-03 18:00:00,Transfer,1650.86,Food,UPI,Failed,1,0,False,False,False,False,False
TXN0005355,CUST00797,2026-09-25 10:00:00,Debit,807.1,Shopping,UPI,Failed,0,0,False,False,False,False,False
TXN0005356,CUST01029,2025-07-31 17:00:00,Debit,1441.39,Rent,Debit Card,Success,0,0,False,False,False,False,False
TXN0005357,CUST00367,2025-01-28 00:00:00,Transfer,827.89,Utilities,UPI,Success,0,1,False,False,False,False,False
TXN0005358,CUST00146,2025-08-10 16:00:00,Transfer,37931.12,Investment,Net Banking,Success,0,0,False,False,False,False,True
TXN0005359,CUST00278,2026-07-25 16:00:00,Credit,1593.02,Shopping,Credit Card,Success,0,1,False,False,False,False,False
TXN0005360,CUST00902,2025-06-11 09:00:00,Transfer,927.26,Shopping,Net Banking,Success,1,1,False,False,False,False,False
TXN0005361,CUST01002,2026-02-21 07:00:00,Transfer,938.91,Salary,UPI,Success,0,1,False,False,False,False,False
TXN0005362,CUST01110,2025-02-03 05:00:00,Debit,916.2,Food,UPI,Failed,0,1,False,False,False,False,False
TXN0005363,CUST00395,2025-07-16 01:00:00,Credit,1952.45,Shopping,UPI,Success,0,1,False,False,False,False,False
TXN0005364,CUST00109,2026-08-31 16:00:00,Debit,967.73,Travel,UPI,Success,0,0,False,False,False,False,False
TXN0005365,CUST00443,2026-09-28 10:00:00,Transfer,2679.28,Rent,UPI,Success,0,1,False,False,False,False,False
TXN0005366,CUST00152,2025-04-14 15:00:00,Debit,5609.78,Groceries,UPI,Success,0,0,False,False,False,False,False
TXN0005367,CUST00655,2025-12-17 22:00:00,Credit,518.79,Entertainment,Credit Card,Success,0,0,False,False,False,False,False
TXN0005368,CUST00718,2026-03-20 13:00:00,Debit,4449.2,Investment,UPI,Success,0,0,False,False,False,False,False
TXN0005369,CUST00630,2025-01-24 20:00:00,Credit,3762.76,Investment,UPI,Success,0,0,False,False,False,False,False
TXN0005370,CUST00480,2026-03-04 13:00:00,Debit,4791.49,Rent,Debit Card,Success,0,0,False,False,False,False,False
TXN0005371,CUST00908,2025-12-09 00:00:00,Credit,950.07,Salary,UPI,Success,0,0,False,False,False,False,False
TXN0005372,CUST00203,2026-01-12 18:00:00,Debit,974.17,Rent,Credit Card,Success,0,0,False,False,False,False,False
TXN0005373,CUST00799,2026-08-04 10:00:00,Credit,1846.37,Groceries,UPI,Success,0,0,False,False,False,False,False
TXN0005374,CUST00142,2026-05-13 07:00:00,Transfer,885.06,Utilities,Credit Card,Success,0,0,False,False,False,False,False
TXN0005375,CUST00003,2025-08-08 00:00:00,Debit,2230.83,Shopping,UPI,Success,0,0,False,False,False,False,False
TXN0005376,CUST01141,2025-02-16 18:00:00,Debit,223.72,Food,UPI,Success,0,0,False,False,False,False,False
TXN0005377,CUST00592,2025-06-26 13:00:00,Debit,3353.09,Investment,UPI,Success,0,0,False,False,False,False,False
TXN0005378,CUST01023,2026-07-29 11:00:00,Transfer,1439.81,Investment,Net Banking,Success,0,1,False,False,False,False,False
TXN0005379,CUST00993,2026-05-09 07:00:00,Debit,967.95,Unknown,UPI,Success,0,0,False,False,False,False,False
TXN0005380,CUST00369,2025-02-02 03:00:00,Credit,3449.96,Groceries,Net Banking,Success,0,0,False,False,False,False,False
TXN0005381,CUST00017,2025-07-21 10:00:00,Debit,245.55,Entertainment,UPI,Success,0,1,False,False,False,False,False
TXN0005382,CUST00570,2025-06-08 01:00:00,Transfer,1506.62,Utilities,Credit Card,Success,0,0,False,False,False,False,False
TXN0005383,CUST01169,2025-03-30 16:00:00,Transfer,1301.57,Food,Credit Card,Success,0,1,False,False,False,False,False
TXN0005384,CUST00495,2025-01-03 15:00:00,Debit,1369.55,Salary,Debit Card,Success,0,0,False,False,False,False,False
TXN0005385,CUST00932,2026-04-13 01:00:00,Transfer,397.82,Salary,UPI,Success,0,0,False,False,False,False,False
TXN0005386,CUST01140,2025-10-03 22:00:00,Debit,551.65,Groceries,Credit Card,Success,0,0,False,False,False,False,False
TXN0005387,CUST00950,2025-11-07 03:00:00,Debit,1119.94,Shopping,UPI,Success,0,0,False,False,False,False,False
TXN0005388,CUST00316,2025-04-15 06:00:00,Debit,1687.35,Food,UPI,Success,1,0,False,False,False,False,False
TXN0005389,CUST00455,2025-05-26 00:00:00,Transfer,977.74,Travel,ATM,Success,1,1,False,False,False,False,False
TXN0005390,CUST00567,2026-03-05 15:00:00,Transfer,615.96,Rent,Debit Card,Success,0,1,False,False,False,False,False
TXN0005391,CUST00269,2025-07-19 16:00:00,Transfer,1539.13,Salary,ATM,Success,0,0,False,False,False,False,False
TXN0005392,CUST01136,2025-05-30 21:00:00,Transfer,1349.31,Travel,UPI,Success,0,0,False,False,False,False,False
TXN0005393,CUST00935,2026-04-01 22:00:00,Debit,2451.0,Healthcare,Debit Card,Success,0,0,False,False,False,False,False
TXN0005394,CUST00723,2025-04-01 00:00:00,Transfer,3005.98,Food,Debit Card,Success,0,0,False,False,False,False,False
TXN0005395,CUST00600,2025-01-07 22:00:00,Debit,144.44,Utilities,Net Banking,Success,0,1,False,False,False,False,False
TXN0005396,CUST00007,2026-09-09 17:00:00,Debit,33998.51,Groceries,UPI,Success,0,0,False,False,False,False,True
TXN0005397,CUST00207,2025-08-21 13:00:00,Debit,2420.13,Rent,Debit Card,Success,0,0,False,False,False,False,False
TXN0005398,CUST01007,2025-06-06 04:00:00,Debit,829.41,Shopping,UPI,Failed,0,0,False,False,False,False,False
TXN0005399,CUST00673,2026-08-18 23:00:00,Debit,3692.42,Investment,Net Banking,Success,0,2,False,False,False,False,False
TXN0005400,CUST00913,2025-02-12 23:00:00,Transfer,296.03,Healthcare,UPI,Pending,0,1,False,False,False,False,False
TXN0005401,CUST01107,2026-03-04 12:00:00,Debit,461.88,Utilities,Net Banking,Success,0,0,False,False,False,False,False
TXN0005402,CUST01039,2026-04-28 04:00:00,Debit,447.83,Salary,UPI,Success,0,0,False,False,False,False,False
TXN0005403,CUST01111,2025-08-31 22:00:00,Transfer,79.29,Groceries,Debit Card,Success,1,1,False,False,False,False,False
TXN0005404,CUST00163,2026-04-23 20:00:00,Debit,1096.265,Salary,Net Banking,Success,0,1,False,False,False,True,False
TXN0005405,CUST00346,2026-06-29 03:00:00,Transfer,8044.86,Investment,Credit Card,Success,0,0,False,False,False,False,False
TXN0005406,CUST01154,2025-11-15 06:00:00,Transfer,13498.98,Investment,Net Banking,Success,0,0,False,False,False,False,True
TXN0005407,CUST00750,2025-11-26 04:00:00,Transfer,2926.94,Rent,UPI,Failed,0,1,False,False,False,False,False
TXN0005408,CUST00835,2026-07-04 09:00:00,Transfer,1097.21,Food,UPI,Success,0,0,False,False,False,False,False
TXN0005409,CUST00277,2026-09-07 02:00:00,Debit,1771.89,Investment,Credit Card,Success,0,3,False,False,False,False,False
TXN0005410,CUST00491,2025-02-15 06:00:00,Debit,4190.04,Rent,UPI,Success,0,0,False,False,False,False,False
TXN0005411,CUST00732,2026-03-05 16:00:00,Transfer,516.07,Healthcare,UPI,Success,0,0,False,False,False,False,False
TXN0005412,CUST01098,2026-02-09 03:00:00,Transfer,1135.27,Shopping,UPI,Success,0,1,False,False,False,False,False
TXN0005413,CUST00657,2025-09-10 20:00:00,Debit,432.57,Shopping,ATM,Success,0,0,False,False,False,False,False
TXN0005414,CUST00296,2025-02-25 18:00:00,Credit,2462.63,Rent,UPI,Success,0,0,False,False,False,False,False
TXN0005415,CUST00437,2025-02-12 02:00:00,Credit,1262.14,Rent,UPI,Success,0,0,False,False,False,False,False
TXN0005416,CUST00703,2025-02-14 12:00:00,Debit,4748.3,Salary,UPI,Success,0,1,False,False,False,False,False
TXN0005417,CUST00318,2025-07-05 04:00:00,Debit,730.39,Groceries,UPI,Success,0,0,False,False,False,False,False
TXN0005418,CUST00835,2025-07-01 23:00:00,Debit,845.94,Rent,Debit Card,Success,0,0,False,False,False,False,False
TXN0005419,CUST00844,2025-11-14 13:00:00,Transfer,331.0,Investment,Unknown,Failed,0,0,False,False,False,False,False
TXN0005420,CUST00505,2025-01-18 05:00:00,Debit,1759.69,Healthcare,Credit Card,Success,0,0,False,False,False,False,False
TXN0005421,CUST00805,2025-09-14 05:00:00,Debit,3226.88,Shopping,UPI,Success,0,0,False,False,False,False,False
TXN0005422,CUST00401,2026-07-01 07:00:00,Debit,1293.75,Shopping,UPI,Success,0,0,False,False,False,False,False
TXN0005423,CUST00027,2026-04-08 01:00:00,Credit,336.34,Shopping,UPI,Success,0,1,False,False,False,False,False
TXN0005424,CUST01173,2025-09-24 09:00:00,Debit,646.9,Food,UPI,Success,0,0,False,False,False,False,False
TXN0005425,CUST00201,2025-04-22 12:00:00,Debit,225.71,Groceries,Debit Card,Success,0,0,False,False,False,False,False
TXN0005426,CUST00151,2025-01-10 22:00:00,Credit,2655.91,Utilities,UPI,Success,0,0,False,False,False,False,False
TXN0005427,CUST00509,2026-07-22 02:00:00,Transfer,1204.36,Rent,UPI,Success,0,0,False,False,False,False,False
TXN0005428,CUST00912,2026-05-06 11:00:00,Debit,237.05,Entertainment,UPI,Success,0,0,False,False,False,False,False
TXN0005429,CUST00436,2026-05-14 02:00:00,Debit,851.53,Utilities,UPI,Success,1,0,False,False,False,False,False
TXN0005430,CUST00025,2026-03-02 00:00:00,Debit,510.45,Investment,Credit Card,Success,0,0,False,False,False,False,False
TXN0005431,CUST00532,2026-04-30 01:00:00,Debit,5060.1,Shopping,UPI,Success,0,1,False,False,False,False,False
TXN0005432,CUST00481,2025-08-06 19:00:00,Debit,4202.82,Travel,Debit Card,Success,0,0,False,False,False,False,False
TXN0005433,CUST00909,2026-09-17 05:00:00,Debit,5394.68,Food,UPI,Success,0,1,False,False,False,False,False
TXN0005434,CUST00737,2025-07-22 13:00:00,Transfer,1135.56,Shopping,Net Banking,Success,0,1,False,False,False,False,False
TXN0005435,CUST00258,2025-02-02 04:00:00,Debit,635.93,Investment,UPI,Success,0,0,False,False,False,False,False
TXN0005436,CUST00439,2025-06-24 17:00:00,Credit,1386.34,Salary,Net Banking,Success,0,1,False,False,False,False,False
TXN0005437,CUST00935,2025-11-19 05:00:00,Debit,647.06,Utilities,UPI,Success,0,0,False,False,False,False,False
TXN0005438,CUST00517,2026-08-14 01:00:00,Transfer,257.89,Entertainment,Debit Card,Success,0,1,False,False,False,False,False
TXN0005439,CUST01177,2025-06-03 12:00:00,Debit,257.27,Utilities,Debit Card,Success,0,0,False,False,False,False,False
TXN0005440,CUST01034,2026-07-05 16:00:00,Debit,292.0,Groceries,ATM,Success,0,0,False,False,False,False,False
TXN0005441,CUST00113,2025-04-16 00:00:00,Transfer,1973.46,Salary,Net Banking,Success,0,0,False,False,False,False,False
TXN0005442,CUST00806,2025-04-26 11:00:00,Debit,1096.265,Investment,Debit Card,Success,0,0,False,False,False,True,False
TXN0005443,CUST00335,2026-01-31 18:00:00,Credit,1405.07,Food,ATM,Success,0,0,False,False,False,False,False
TXN0005444,CUST00117,2026-04-22 11:00:00,Transfer,4355.01,Entertainment,UPI,Pending,0,1,False,False,False,False,False
TXN0005445,CUST00714,2025-04-17 22:00:00,Credit,1149.79,Shopping,Debit Card,Failed,0,0,False,False,False,False,False
TXN0005446,CUST00215,2025-08-18 03:00:00,Transfer,796.56,Salary,UPI,Success,0,0,False,False,False,False,False
TXN0005447,CUST00356,2025-05-31 01:00:00,Debit,940.74,Utilities,ATM,Success,0,0,False,False,False,False,False
TXN0005448,CUST00509,2025-07-31 12:00:00,Debit,1701.55,Utilities,UPI,Success,0,0,False,False,False,False,False
TXN0005449,CUST00731,2025-07-05 12:00:00,Transfer,1584.29,Utilities,ATM,Pending,0,0,False,False,False,False,False
TXN0005450,CUST00218,2025-07-26 04:00:00,Credit,4096.18,Healthcare,Net Banking,Pending,0,0,False,False,False,False,False
TXN0005451,CUST00838,2026-04-14 08:00:00,Credit,790.12,Entertainment,UPI,Success,0,0,False,False,False,False,False
TXN0005452,CUST01181,2025-10-05 10:00:00,Transfer,1428.29,Groceries,UPI,Success,1,1,False,False,False,False,False
TXN0005453,CUST00584,2026-06-26 22:00:00,Credit,1612.62,Travel,Net Banking,Success,0,0,False,False,False,False,False
TXN0005454,CUST00332,2026-05-20 04:00:00,Credit,2314.8,Healthcare,UPI,Success,1,0,False,False,False,False,False
TXN0005455,CUST00379,2025-07-03 23:00:00,Debit,386.59,Entertainment,UPI,Success,0,0,False,False,False,False,False
TXN0005456,CUST00582,2025-12-15 12:00:00,Transfer,12133.96,Groceries,UPI,Success,0,0,False,False,False,False,False
TXN0005457,CUST01183,2025-10-21 13:00:00,Debit,264.24,Investment,UPI,Success,0,0,False,False,False,False,False
TXN0005458,CUST00953,2026-04-26 07:00:00,Credit,2408.28,Rent,Debit Card,Success,0,0,False,False,False,False,False
TXN0005459,CUST00010,2026-01-03 03:00:00,Transfer,412.89,Groceries,UPI,Failed,0,1,False,False,False,False,False
TXN0005460,CUST00844,2025-09-24 20:00:00,Debit,3433.5,Rent,Debit Card,Success,1,0,False,False,False,False,False
TXN0005461,CUST00368,2025-12-23 18:00:00,Credit,726.95,Food,UPI,Success,0,0,False,False,False,False,False
TXN0005462,CUST00706,2025-04-05 15:00:00,Debit,1851.07,Investment,Debit Card,Success,0,0,False,False,False,False,False
TXN0005463,CUST00336,2026-03-21 07:00:00,Debit,929.68,Healthcare,ATM,Success,0,0,False,False,False,False,False
TXN0005464,CUST00578,2025-09-20 06:00:00,Credit,1932.63,Healthcare,UPI,Success,1,1,False,False,False,False,False
TXN0005465,CUST00481,2026-01-19 02:00:00,Credit,2078.91,Investment,Debit Card,Success,0,0,False,False,False,False,False
TXN0005466,CUST00223,2026-08-19 20:00:00,Transfer,1175.92,Rent,UPI,Success,0,0,False,False,False,False,False
TXN0005467,CUST00612,2025-07-28 12:00:00,Credit,454.26,Entertainment,Net Banking,Success,0,0,False,False,False,False,False
TXN0005468,CUST00235,2025-12-30 08:00:00,Credit,4341.22,Rent,Net Banking,Success,0,0,False,False,False,False,False
TXN0005469,CUST00028,2025-12-02 23:00:00,Debit,324.59,Groceries,Credit Card,Success,0,0,False,False,False,False,False
TXN0005470,CUST00768,2026-02-19 08:00:00,Debit,2361.43,Food,ATM,Success,0,0,False,False,False,False,False
TXN0005471,CUST00792,2025-08-15 19:00:00,Debit,1043.01,Travel,Credit Card,Success,0,0,False,False,False,False,False
TXN0005472,CUST00866,2025-06-09 03:00:00,Credit,234.15,Food,ATM,Success,0,0,False,False,False,False,False
TXN0005473,CUST00471,2025-11-28 02:00:00,Debit,366.35,Investment,UPI,Success,0,0,False,False,False,False,False
TXN0005474,CUST00406,2025-04-21 22:00:00,Debit,387.91,Food,UPI,Unknown,0,0,False,False,False,False,False
TXN0005475,CUST00035,2025-08-03 07:00:00,Debit,924.55,Rent,UPI,Success,0,0,False,False,False,False,False
TXN0005476,CUST00226,2025-05-17 21:00:00,Transfer,2278.27,Utilities,UPI,Success,0,0,False,False,False,False,False
TXN0005477,CUST00623,2026-09-26 23:00:00,Credit,2334.49,Salary,Debit Card,Success,0,0,False,False,False,False,False
TXN0005478,CUST00040,2026-06-02 18:00:00,Debit,1444.35,Investment,UPI,Success,0,1,False,False,False,False,False
TXN0005479,CUST00341,2025-01-21 07:00:00,Transfer,265.16,Entertainment,ATM,Success,0,1,False,False,False,False,False
TXN0005480,CUST01018,2025-03-16 15:00:00,Credit,8337.94,Salary,Debit Card,Success,0,1,False,False,False,False,False
TXN0005481,CUST01062,2025-11-08 01:00:00,Debit,251.46,Salary,UPI,Success,0,0,False,False,False,False,False
TXN0005482,CUST00232,2025-04-01 01:00:00,Transfer,4855.14,Salary,UPI,Success,0,2,False,False,False,False,False
TXN0005483,CUST00667,2026-03-16 18:00:00,Debit,1720.81,Investment,UPI,Success,0,0,False,False,False,False,False
TXN0005484,CUST00045,2025-09-01 03:00:00,Credit,2183.71,Shopping,UPI,Success,0,0,False,False,False,False,False
TXN0005485,CUST01136,2026-04-15 03:00:00,Transfer,1096.265,Salary,Net Banking,Success,0,1,False,False,False,True,False
TXN0005486,CUST00629,2025-04-08 18:00:00,Debit,4198.03,Shopping,Debit Card,Pending,0,0,False,False,False,False,False
TXN0005487,CUST00675,2025-03-24 00:00:00,Transfer,4703.11,Shopping,Net Banking,Success,0,0,False,False,False,False,False
TXN0005488,CUST00114,2026-01-07 08:00:00,Debit,545.43,Investment,Debit Card,Success,0,0,False,False,False,False,False
TXN0005489,CUST00612,2026-03-19 19:00:00,Credit,1030.72,Utilities,Net Banking,Success,0,1,False,False,False,False,False
TXN0005490,CUST00575,2026-04-30 12:00:00,Transfer,453.12,Salary,UPI,Success,0,0,False,False,False,False,False
TXN0005491,CUST01054,2025-05-10 06:00:00,Transfer,3753.77,Rent,UPI,Success,0,1,False,False,False,False,False
TXN0005492,CUST00735,2025-11-13 13:00:00,Debit,2321.05,Groceries,Credit Card,Success,0,2,False,False,False,False,False
TXN0005493,CUST00515,2025-02-24 05:00:00,Transfer,2588.52,Food,UPI,Failed,0,0,False,False,False,False,False
TXN0005494,CUST00319,2026-05-16 14:00:00,Debit,636.14,Food,UPI,Success,0,0,False,False,False,False,False
TXN0005495,CUST00112,2026-08-03 17:00:00,Credit,994.08,Healthcare,UPI,Success,0,0,False,False,False,False,False
TXN0005496,CUST00837,2025-05-29 21:00:00,Transfer,114.01,Utilities,Credit Card,Success,0,0,False,False,False,False,False
TXN0005497,CUST00876,2025-05-24 10:00:00,Debit,878.62,Rent,UPI,Success,0,0,False,False,False,False,False
TXN0005498,CUST00803,2026-08-30 17:00:00,Credit,216.08,Groceries,UPI,Success,0,2,False,False,False,False,False
TXN0005499,CUST01114,2025-07-11 17:00:00,Transfer,3957.44,Groceries,Debit Card,Success,0,0,False,False,False,False,False
TXN0005500,CUST00343,2026-03-13 05:00:00,Debit,715.98,Groceries,UPI,Success,0,0,False,False,False,False,False
TXN0005501,CUST00612,2026-08-20 10:00:00,Debit,151.86,Food,UPI,Success,0,0,False,False,False,False,False
TXN0005502,CUST00798,2025-09-04 14:00:00,Credit,563.58,Travel,UPI,Success,0,0,False,False,False,False,False
TXN0005503,CUST00035,2026-04-24 23:00:00,Transfer,355.31,Entertainment,Credit Card,Success,0,1,False,False,False,False,False
TXN0005504,CUST00150,2026-04-18 04:00:00,Debit,1162.89,Travel,UPI,Success,0,0,False,False,False,False,False
TXN0005505,CUST00345,2025-03-07 21:00:00,Debit,927.21,Groceries,UPI,Success,0,1,False,False,False,False,False
TXN0005506,CUST00429,2025-02-02 06:00:00,Credit,1755.02,Investment,Debit Card,Success,0,0,False,False,False,False,False
TXN0005507,CUST00033,2026-08-18 07:00:00,Credit,904.28,Salary,UPI,Success,0,0,False,False,False,False,False
TXN0005508,CUST00684,2026-02-27 00:00:00,Transfer,4697.62,Shopping,ATM,Success,0,1,False,False,False,False,False
TXN0005509,CUST00489,2025-11-15 06:00:00,Credit,2471.21,Food,Credit Card,Success,0,0,False,False,False,False,False
TXN0005510,CUST00898,2025-05-18 02:00:00,Debit,93.89,Shopping,Credit Card,Failed,0,0,False,False,False,False,False
TXN0005511,CUST00545,2025-06-11 12:00:00,Credit,5883.45,Travel,Debit Card,Success,0,1,False,False,False,False,False
TXN0005512,CUST00344,2025-01-18 22:00:00,Credit,557.25,Groceries,UPI,Success,0,0,False,False,False,False,False
TXN0005513,CUST00061,2025-04-03 00:00:00,Debit,926.63,Travel,Credit Card,Success,0,0,False,False,False,False,False
TXN0005514,CUST00519,2025-03-06 21:00:00,Debit,221.18,Shopping,Debit Card,Success,0,0,False,False,False,False,False
TXN0005515,CUST00085,2026-02-16 15:00:00,Debit,1992.18,Rent,Debit Card,Success,0,0,False,False,False,False,False
TXN0005516,CUST01024,2025-09-27 15:00:00,Credit,926.15,Food,UPI,Success,0,1,False,False,False,False,False
TXN0005517,CUST00126,2025-07-19 22:00:00,Credit,2090.86,Food,UPI,Success,0,0,False,False,False,False,False
TXN0005518,CUST00244,2026-09-09 17:00:00,Credit,1181.27,Salary,UPI,Success,0,0,False,False,False,False,False
TXN0005519,CUST00463,2025-06-22 05:00:00,Debit,611.89,Groceries,Credit Card,Success,0,0,False,False,False,False,False
TXN0005520,CUST00736,2026-03-19 17:00:00,Debit,552.49,Travel,Debit Card,Failed,0,0,False,False,False,False,False
TXN0005521,CUST00906,2025-09-25 06:00:00,Debit,1147.72,Shopping,Net Banking,Success,0,0,False,False,False,False,False
TXN0005522,CUST00136,2025-03-05 16:00:00,Debit,1218.53,Groceries,Credit Card,Success,0,1,False,False,False,False,False
TXN0005523,CUST00815,2026-07-13 22:00:00,Debit,159.09,Investment,Credit Card,Success,0,0,False,False,False,False,False
TXN0005524,CUST00562,2026-02-01 02:00:00,Debit,861.52,Utilities,Debit Card,Success,0,0,False,False,False,False,False
TXN0005525,CUST00491,2025-10-31 11:00:00,Transfer,996.12,Shopping,UPI,Success,0,0,False,False,False,False,False
TXN0005526,CUST00425,2025-11-13 03:00:00,Credit,2809.26,Healthcare,Debit Card,Success,0,0,False,False,False,False,False
TXN0005527,CUST00947,2025-01-04 09:00:00,Transfer,1456.36,Utilities,Debit Card,Success,0,0,False,False,False,False,False
TXN0005528,CUST01195,2025-10-19 13:00:00,Debit,2071.1,Groceries,Debit Card,Success,0,1,False,False,False,False,False
TXN0005529,CUST00302,2026-03-11 21:00:00,Transfer,2744.46,Shopping,Debit Card,Success,0,0,False,False,False,False,False
TXN0005530,CUST00647,2025-02-27 05:00:00,Debit,330.4,Utilities,Debit Card,Success,0,0,False,False,False,False,False
TXN0005531,CUST00917,2026-09-29 03:00:00,Credit,375.41,Entertainment,Debit Card,Success,0,0,False,False,False,False,False
TXN0005532,CUST00942,2025-05-16 09:00:00,Transfer,372.43,Rent,UPI,Success,0,0,False,False,False,False,False
TXN0005533,CUST00583,2025-02-26 00:00:00,Debit,714.78,Rent,Debit Card,Success,0,0,False,False,False,False,False
TXN0005534,CUST00143,2026-04-11 15:00:00,Credit,1124.16,Healthcare,Credit Card,Success,0,1,False,False,False,False,False
TXN0005535,CUST01081,2025-09-25 21:00:00,Transfer,4530.54,Utilities,Net Banking,Success,0,0,False,False,False,False,False
TXN0005536,CUST00660,2025-04-29 23:00:00,Transfer,2660.95,Groceries,Credit Card,Pending,0,0,False,False,False,False,False
TXN0005537,CUST00731,2026-09-05 12:00:00,Credit,1127.45,Rent,Debit Card,Success,0,0,False,False,False,False,False
TXN0005538,CUST00116,2026-01-24 05:00:00,Transfer,387.9,Investment,ATM,Success,0,0,False,False,False,False,False
TXN0005539,CUST00132,2025-09-27 13:00:00,Transfer,1459.9,Rent,UPI,Success,0,1,False,False,False,False,False
TXN0005540,CUST00990,2025-08-28 18:00:00,Debit,4766.15,Investment,Debit Card,Success,0,1,False,False,False,False,False
TXN0005541,CUST00877,2026-09-15 05:00:00,Debit,670.07,Utilities,UPI,Success,0,0,False,False,False,False,False
TXN0005542,CUST00151,2025-09-21 01:00:00,Debit,448.88,Shopping,UPI,Success,0,0,False,False,False,False,False
TXN0005543,CUST01158,2025-03-22 09:00:00,Transfer,898.37,Groceries,Debit Card,Success,0,0,False,False,False,False,False
TXN0005544,CUST00574,2026-06-25 09:00:00,Debit,2202.47,Entertainment,Debit Card,Success,0,0,False,False,False,False,False
TXN0005545,CUST01012,2025-01-12 23:00:00,Credit,114.78,Food,UPI,Success,0,0,False,False,False,False,False
TXN0005546,CUST00915,2025-03-01 09:00:00,Transfer,519.52,Entertainment,UPI,Success,0,1,False,False,False,False,False
TXN0005547,CUST00265,2026-01-10 03:00:00,Transfer,645.5,Salary,Credit Card,Success,0,0,False,False,False,False,False
TXN0005548,CUST00559,2025-06-23 02:00:00,Debit,1066.28,Entertainment,Credit Card,Success,0,0,False,False,False,False,False
TXN0005549,CUST00793,2025-11-11 06:00:00,Debit,1210.89,Investment,UPI,Success,0,0,False,False,False,False,False
TXN0005550,CUST00378,2025-08-08 23:00:00,Credit,479.85,Shopping,UPI,Success,0,0,False,False,False,False,False
TXN0005551,CUST00210,2025-03-03 17:00:00,Debit,2042.33,Healthcare,Credit Card,Success,0,0,False,False,False,False,False
TXN0005552,CUST00883,2026-06-22 12:00:00,Credit,833.69,Entertainment,ATM,Success,0,0,False,False,False,False,False
TXN0005553,CUST01174,2026-08-13 04:00:00,Debit,2088.87,Travel,UPI,Success,0,0,False,False,False,False,False
TXN0005554,CUST00566,2025-09-17 12:00:00,Credit,1543.45,Utilities,UPI,Success,0,1,False,False,False,False,False
TXN0005555,CUST00880,2026-05-18 18:00:00,Credit,1665.37,Rent,Credit Card,Success,0,0,False,False,False,False,False
TXN0005556,CUST00624,2025-11-22 15:00:00,Debit,832.27,Groceries,Net Banking,Success,0,0,False,False,False,False,False
TXN0005557,CUST00646,2026-02-10 02:00:00,Credit,591.82,Investment,Debit Card,Success,0,1,False,False,False,False,False
TXN0005558,CUST00988,2026-02-04 03:00:00,Credit,1398.9,Groceries,Debit Card,Success,0,0,False,False,False,False,False
TXN0005559,CUST00684,2025-02-15 17:00:00,Debit,1329.31,Travel,Debit Card,Success,1,0,False,False,False,False,False
TXN0005560,CUST00156,2025-04-17 03:00:00,Transfer,619.04,Rent,UPI,Success,0,1,False,False,False,False,False
TXN0005561,CUST00272,2026-02-20 23:00:00,Transfer,374.96,Investment,Debit Card,Success,0,0,False,False,False,False,False
TXN0005562,CUST00140,2025-03-28 20:00:00,Debit,238.87,Salary,ATM,Success,0,0,False,False,False,False,False
TXN0005563,CUST00004,2026-08-11 16:00:00,Transfer,691.97,Shopping,UPI,Success,0,0,False,False,False,False,False
TXN0005564,CUST01199,2025-12-24 17:00:00,Debit,2800.32,Healthcare,UPI,Success,0,0,False,False,False,False,False
TXN0005565,CUST00352,2026-08-02 21:00:00,Debit,322.57,Healthcare,UPI,Failed,0,0,False,False,False,False,False
TXN0005566,CUST01182,2025-02-19 19:00:00,Transfer,1226.99,Salary,Debit Card,Success,0,0,False,False,False,False,False
TXN0005567,CUST00565,2026-08-08 16:00:00,Debit,3111.77,Rent,Net Banking,Success,0,1,False,False,False,False,False
TXN0005568,CUST01040,2025-05-02 10:00:00,Transfer,563.96,Groceries,Credit Card,Success,0,0,False,False,False,False,False
TXN0005569,CUST00430,2025-05-01 13:00:00,Transfer,745.76,Salary,UPI,Failed,0,0,False,False,False,False,False
TXN0005570,CUST00715,2025-04-12 12:00:00,Debit,145.77,Food,Debit Card,Success,0,0,False,False,False,False,False
TXN0005571,CUST00266,2026-07-16 13:00:00,Debit,609.68,Salary,UPI,Success,0,0,False,False,False,False,False
TXN0005572,CUST00091,2026-01-15 12:00:00,Transfer,504.02,Investment,UPI,Success,0,0,False,False,False,False,False
TXN0005573,CUST00180,2025-08-15 15:00:00,Credit,622.11,Travel,ATM,Pending,0,0,False,False,False,False,False
TXN0005574,CUST00208,2026-01-11 15:00:00,Debit,721.22,Travel,Debit Card,Success,0,2,False,False,False,False,False
TXN0005575,CUST00727,2025-10-20 18:00:00,Transfer,224.13,Utilities,UPI,Success,0,0,False,False,False,False,False
TXN0005576,CUST00555,2025-06-15 10:00:00,Debit,2560.33,Rent,ATM,Success,1,0,False,False,False,False,False
TXN0005577,,2025-11-05 09:00:00,Transfer,180.02,Utilities,Credit Card,Success,0,0,False,False,True,False,False
TXN0005578,CUST00727,2025-02-27 07:00:00,Debit,387.12,Groceries,ATM,Success,0,0,False,False,False,False,False
TXN0005579,CUST00460,2025-02-23 02:00:00,Transfer,1714.72,Food,Unknown,Success,0,2,False,False,False,False,False
TXN0005580,CUST00432,2025-01-23 16:00:00,Credit,903.57,Rent,Debit Card,Success,0,0,False,False,False,False,False
TXN0005581,CUST01037,2025-11-03 13:00:00,Credit,327.98,Travel,Net Banking,Success,0,0,False,False,False,False,False
TXN0005582,CUST01114,2025-08-27 07:00:00,Transfer,53.86,Utilities,Debit Card,Success,0,0,False,False,False,False,False
TXN0005583,CUST00330,2026-04-27 05:00:00,Transfer,213.98,Entertainment,Debit Card,Success,0,1,False,False,False,False,False
TXN0005584,CUST00934,2026-02-08 23:00:00,Transfer,1141.02,Salary,Debit Card,Success,0,0,False,False,False,False,False
TXN0005585,CUST00172,2026-03-09 20:00:00,Debit,382.3,Entertainment,Debit Card,Success,0,1,False,False,False,False,False
TXN0005586,CUST00223,2026-01-31 03:00:00,Credit,667.41,Healthcare,Debit Card,Success,0,0,False,False,False,False,False
TXN0005587,CUST01144,2025-04-08 16:00:00,Debit,2605.92,Shopping,UPI,Success,0,0,False,False,False,False,False
TXN0005588,CUST00774,2026-03-31 02:00:00,Transfer,1361.81,Groceries,ATM,Success,0,1,False,False,False,False,False
TXN0005589,CUST00333,2025-07-04 08:00:00,Transfer,614.07,Salary,UPI,Success,1,0,False,False,False,False,False
TXN0005590,CUST00258,2025-09-27 14:00:00,Credit,534.16,Healthcare,Net Banking,Success,0,0,False,False,False,False,False
TXN0005591,CUST00821,2025-11-12 22:00:00,Transfer,321.39,Groceries,ATM,Success,0,0,False,False,False,False,False
TXN0005592,CUST00398,2025-12-04 12:00:00,Debit,1573.2,Food,UPI,Success,0,1,False,False,False,False,False
TXN0005593,CUST00611,2026-05-22 14:00:00,Credit,1137.4,Salary,Net Banking,Success,0,1,False,False,False,False,False
TXN0005594,CUST00199,2025-02-11 23:00:00,Debit,763.84,Healthcare,Credit Card,Success,0,0,False,False,False,False,False
TXN0005595,CUST00630,2025-07-18 08:00:00,Debit,13232.61,Entertainment,Net Banking,Pending,0,0,False,False,False,False,True
TXN0005596,CUST00307,2025-04-04 12:00:00,Debit,381.37,Rent,UPI,Success,0,0,False,False,False,False,False
TXN0005597,CUST00757,2026-06-20 04:00:00,Debit,492.77,Shopping,Debit Card,Success,0,0,False,False,False,False,False
TXN0005598,CUST00496,2025-11-23 07:00:00,Transfer,626.72,Shopping,UPI,Success,0,0,False,False,False,False,False
TXN0005599,CUST01050,2025-08-01 06:00:00,Credit,266.77,Travel,UPI,Success,0,0,False,False,False,False,False
TXN0005600,CUST00786,2025-10-09 03:00:00,Debit,1984.21,Shopping,UPI,Success,0,0,False,False,False,False,False
TXN0005601,CUST01104,2026-02-10 22:00:00,Debit,650.85,Salary,ATM,Failed,0,0,False,False,False,False,False
TXN0005602,CUST01043,2025-05-02 00:00:00,Debit,455.37,Entertainment,UPI,Pending,0,0,False,False,False,False,False
TXN0005603,CUST00056,2026-06-14 00:00:00,Debit,249.58,Entertainment,Credit Card,Success,0,0,False,False,False,False,False
TXN0005604,CUST00198,2025-05-21 01:00:00,Transfer,706.8,Entertainment,Net Banking,Failed,0,0,False,False,False,False,False
TXN0005605,CUST00324,2025-02-22 04:00:00,Debit,3167.75,Healthcare,Unknown,Success,0,0,False,False,False,False,False
TXN0005606,CUST00670,2026-02-20 22:00:00,Debit,3505.6,Utilities,Debit Card,Success,0,0,False,False,False,False,False
TXN0005607,CUST00463,2025-10-24 10:00:00,Debit,281.81,Utilities,Net Banking,Success,0,1,False,False,False,False,False
TXN0005608,CUST01014,2025-09-16 15:00:00,Debit,1123.42,Utilities,UPI,Success,0,0,False,False,False,False,False
TXN0005609,CUST00535,2025-03-23 00:00:00,Transfer,1301.13,Travel,Debit Card,Success,0,2,False,False,False,False,False
TXN0005610,CUST01037,2026-09-08 08:00:00,Debit,820.54,Healthcare,UPI,Success,0,0,False,False,False,False,False
TXN0005611,CUST00619,2025-12-10 20:00:00,Debit,263.82,Groceries,UPI,Success,0,0,False,False,False,False,False
TXN0005612,CUST00790,2025-05-03 00:00:00,Transfer,1047.4,Healthcare,Credit Card,Success,0,0,False,False,False,False,False
TXN0005613,CUST00586,2025-04-16 05:00:00,Debit,526.84,Groceries,UPI,Success,0,0,False,False,False,False,False
TXN0005614,CUST01097,2026-09-21 06:00:00,Transfer,382.9,Groceries,Net Banking,Success,0,0,False,False,False,False,False
TXN0005615,CUST00065,2025-12-11 19:00:00,Debit,1887.14,Groceries,Credit Card,Success,0,0,False,False,False,False,False
TXN0005616,CUST00319,2025-12-10 23:00:00,Debit,3201.9,Groceries,UPI,Success,0,0,False,False,False,False,False
TXN0005617,CUST00535,2026-09-06 23:00:00,Transfer,479.67,Rent,ATM,Success,0,0,False,False,False,False,False
TXN0005618,CUST00934,2026-05-04 20:00:00,Transfer,1558.11,Investment,UPI,Success,0,0,False,False,False,False,False
TXN0005619,CUST00825,2026-02-06 19:00:00,Debit,259.65,Utilities,UPI,Success,0,0,False,False,False,False,False
TXN0005620,CUST00505,2025-07-26 23:00:00,Transfer,285.1,Food,UPI,Success,0,0,False,False,False,False,False
TXN0005621,CUST00422,2026-01-31 18:00:00,Credit,734.05,Travel,ATM,Success,0,0,False,False,False,False,False
TXN0005622,CUST01147,2025-09-16 21:00:00,Transfer,312.4,Food,Debit Card,Pending,0,1,False,False,False,False,False
TXN0005623,CUST00424,2025-10-07 06:00:00,Transfer,645.89,Shopping,ATM,Success,0,0,False,False,False,False,False
TXN0005624,CUST00504,2026-09-20 22:00:00,Debit,5281.65,Entertainment,Debit Card,Success,0,0,False,False,False,False,False
TXN0005625,CUST00534,2025-01-16 14:00:00,Debit,1800.2,Groceries,Debit Card,Success,0,0,False,False,False,False,False
TXN0005626,CUST01119,2025-08-16 14:00:00,Credit,488.66,Groceries,ATM,Pending,0,0,False,False,False,False,False
TXN0005627,CUST01126,2025-06-03 07:00:00,Debit,721.83,Investment,Debit Card,Failed,0,0,False,False,False,False,False
TXN0005628,CUST00325,2026-02-22 19:00:00,Transfer,2749.17,Rent,Debit Card,Failed,0,0,False,False,False,False,False
TXN0005629,CUST00541,2026-02-24 10:00:00,Transfer,9889.13,Entertainment,Credit Card,Success,0,0,False,False,False,False,False
TXN0005630,CUST00929,2025-06-19 09:00:00,Transfer,847.79,Utilities,Debit Card,Success,0,0,False,False,False,False,False
TXN0005631,CUST00139,2025-12-25 10:00:00,Transfer,1952.22,Utilities,UPI,Success,0,0,False,False,False,False,False
TXN0005632,CUST00988,2025-06-27 06:00:00,Debit,1300.71,Rent,UPI,Success,0,0,False,False,False,False,False
TXN0005633,CUST01113,2025-02-04 06:00:00,Debit,1316.04,Rent,UPI,Failed,0,0,False,False,False,False,False
TXN0005634,CUST00922,2026-02-04 15:00:00,Debit,1234.43,Groceries,UPI,Success,0,1,False,False,False,False,False
TXN0005635,CUST01088,2025-07-24 13:00:00,Credit,1159.99,Entertainment,UPI,Success,1,0,False,False,False,False,False
TXN0005636,CUST00907,2025-01-26 14:00:00,Transfer,89.4,Travel,Credit Card,Success,0,0,False,False,False,False,False
TXN0005637,CUST00552,2025-06-20 00:00:00,Debit,1023.98,Groceries,Debit Card,Success,0,0,False,False,False,False,False
TXN0005638,CUST00175,2025-11-29 19:00:00,Debit,290.4,Entertainment,UPI,Success,0,1,False,False,False,False,False
TXN0005639,CUST00561,2026-09-14 16:00:00,Debit,539.61,Investment,ATM,Success,0,0,False,False,False,False,False
TXN0005640,CUST00956,2026-04-30 14:00:00,Debit,537.24,Groceries,Debit Card,Success,0,2,False,False,False,False,False
TXN0005641,CUST00353,2025-10-07 08:00:00,Transfer,2280.12,Healthcare,Net Banking,Success,0,0,False,False,False,False,False
TXN0005642,CUST00101,2025-09-21 04:00:00,Transfer,6830.46,Groceries,UPI,Success,0,0,False,False,False,False,False
TXN0005643,CUST00033,2025-05-11 19:00:00,Transfer,1187.54,Entertainment,UPI,Success,0,0,False,False,False,False,False
TXN0005644,CUST00401,2025-09-27 13:00:00,Debit,1565.23,Investment,Net Banking,Failed,0,0,False,False,False,False,False
TXN0005645,CUST00532,2025-05-10 22:00:00,Credit,624.54,Entertainment,UPI,Success,0,0,False,False,False,False,False
TXN0005646,CUST00254,2025-07-03 21:00:00,Debit,475.52,Rent,Credit Card,Success,0,0,False,False,False,False,False
TXN0005647,CUST00304,2026-06-11 06:00:00,Debit,2054.28,Salary,UPI,Success,0,0,False,False,False,False,False
TXN0005648,CUST00776,2026-05-22 05:00:00,Debit,2810.27,Travel,Net Banking,Failed,0,0,False,False,False,False,False
TXN0005649,CUST00452,2025-12-13 21:00:00,Debit,601.14,Groceries,Debit Card,Success,0,0,False,False,False,False,False
TXN0005650,CUST00792,2026-07-10 03:00:00,Credit,492.48,Healthcare,Debit Card,Failed,0,0,False,False,False,False,False
TXN0005651,CUST01139,2026-02-02 05:00:00,Transfer,904.88,Food,UPI,Success,1,0,False,False,False,False,False
TXN0005652,CUST01179,2026-02-18 21:00:00,Debit,3066.52,Groceries,Net Banking,Success,0,0,False,False,False,False,False
TXN0005653,CUST00929,2026-09-19 05:00:00,Debit,357.42,Entertainment,ATM,Success,0,1,False,False,False,False,False
TXN0005654,CUST00679,2025-06-02 01:00:00,Debit,1648.1,Groceries,Debit Card,Success,0,0,False,False,False,False,False
TXN0005655,CUST01159,2026-06-20 21:00:00,Debit,1071.54,Investment,UPI,Success,0,0,False,False,False,False,False
TXN0005656,CUST00435,2025-06-15 20:00:00,Debit,496.63,Rent,Net Banking,Success,0,0,False,False,False,False,False
TXN0005657,CUST00735,2026-02-26 09:00:00,Debit,973.3,Investment,Debit Card,Success,0,0,False,False,False,False,False
TXN0005658,CUST00317,2026-04-22 04:00:00,Debit,254.33,Entertainment,UPI,Success,0,0,False,False,False,False,False
TXN0005659,CUST00738,2026-08-11 06:00:00,Credit,635.95,Food,Credit Card,Success,0,0,False,False,False,False,False
TXN0005660,CUST00837,2025-12-27 20:00:00,Debit,1643.78,Investment,Debit Card,Success,0,0,False,False,False,False,False
TXN0005661,CUST00291,2026-09-29 05:00:00,Debit,1013.5,Shopping,Net Banking,Failed,0,0,False,False,False,False,False
TXN0005662,CUST00711,2026-01-01 18:00:00,Debit,2230.8,Healthcare,ATM,Failed,0,0,False,False,False,False,False
TXN0005663,CUST00140,2025-02-16 17:00:00,Debit,1254.1,Entertainment,UPI,Pending,0,1,False,False,False,False,False
TXN0005664,CUST00700,2026-05-26 16:00:00,Credit,866.29,Rent,Net Banking,Success,0,0,False,False,False,False,False
TXN0005665,CUST00654,2025-08-23 23:00:00,Debit,2701.25,Groceries,UPI,Success,0,1,False,False,False,False,False
TXN0005666,CUST00087,2026-07-22 16:00:00,Transfer,5047.19,Travel,Credit Card,Success,0,0,False,False,False,False,False
TXN0005667,CUST00718,2025-03-16 01:00:00,Transfer,364.78,Groceries,UPI,Success,0,0,False,False,False,False,False
TXN0005668,CUST01084,2025-08-25 21:00:00,Debit,8250.77,Rent,UPI,Success,0,0,False,False,False,False,False
TXN0005669,CUST00165,2026-05-15 10:00:00,Transfer,1900.97,Salary,Net Banking,Success,0,0,False,False,False,False,False
TXN0005670,CUST00047,2026-02-01 05:00:00,Debit,455.94,Travel,Debit Card,Success,0,0,False,False,False,False,False
TXN0005671,CUST00258,2026-05-13 14:00:00,Transfer,568.13,Healthcare,Credit Card,Success,0,1,False,False,False,False,False
TXN0005672,CUST00400,2025-05-26 08:00:00,Debit,2038.74,Groceries,UPI,Success,0,1,False,False,False,False,False
TXN0005673,CUST00301,2026-09-04 14:00:00,Debit,5155.56,Travel,UPI,Failed,0,1,False,False,False,False,False
TXN0005674,CUST00691,2025-12-01 07:00:00,Transfer,229.13,Travel,Debit Card,Success,0,0,False,False,False,False,False
TXN0005675,CUST00424,2025-06-11 13:00:00,Debit,547.96,Salary,Credit Card,Pending,0,0,False,False,False,False,False
TXN0005676,CUST00725,2025-06-13 01:00:00,Transfer,1278.86,Salary,Debit Card,Success,0,0,False,False,False,False,False
TXN0005677,CUST00062,2025-04-19 16:00:00,Credit,3446.28,Investment,Net Banking,Failed,0,0,False,False,False,False,False
TXN0005678,CUST00771,2026-08-29 04:00:00,Debit,452.92,Travel,UPI,Success,0,1,False,False,False,False,False
TXN0005679,CUST00814,2026-09-16 18:00:00,Transfer,6257.07,Entertainment,Debit Card,Success,0,0,False,False,False,False,False
TXN0005680,CUST00027,2026-09-14 09:00:00,Transfer,1609.22,Healthcare,Debit Card,Success,0,0,False,False,False,False,False
TXN0005681,CUST00002,2025-05-02 15:00:00,Transfer,848.02,Healthcare,Debit Card,Success,0,0,False,False,False,False,False
TXN0005682,CUST00099,2026-03-30 22:00:00,Debit,455.55,Groceries,Credit Card,Success,0,0,False,False,False,False,False
TXN0005683,CUST01191,2026-06-23 00:00:00,Debit,2683.68,Investment,Net Banking,Success,0,1,False,False,False,False,False
TXN0005684,CUST00208,2025-11-19 06:00:00,Credit,1372.97,Utilities,UPI,Success,0,0,False,False,False,False,False
TXN0005685,CUST00251,2026-02-03 02:00:00,Debit,2218.12,Healthcare,Net Banking,Failed,0,0,False,False,False,False,False
TXN0005686,CUST00820,2026-06-20 10:00:00,Credit,3713.33,Salary,UPI,Success,0,0,False,False,False,False,False
TXN0005687,CUST00705,2026-07-01 11:00:00,Credit,142.42,Groceries,ATM,Success,0,0,False,False,False,False,False
TXN0005688,CUST00402,2025-09-08 05:00:00,Debit,1460.95,Rent,UPI,Success,0,0,False,False,False,False,False
TXN0005689,CUST01070,2025-01-03 12:00:00,Transfer,4994.83,Utilities,Debit Card,Success,0,0,False,False,False,False,False
TXN0005690,CUST00842,2025-02-28 07:00:00,Debit,1244.36,Utilities,UPI,Success,0,0,False,False,False,False,False
TXN0005691,CUST00011,2026-06-03 23:00:00,Debit,2633.71,Food,UPI,Success,0,0,False,False,False,False,False
TXN0005692,CUST01007,2025-12-15 05:00:00,Debit,1870.0,Utilities,UPI,Unknown,0,0,False,False,False,False,False
TXN0005693,CUST00143,2026-06-24 16:00:00,Transfer,1584.11,Groceries,UPI,Failed,0,0,False,False,False,False,False
TXN0005694,CUST01037,2025-09-03 14:00:00,Debit,1548.09,Travel,Net Banking,Pending,0,1,False,False,False,False,False
TXN0005695,CUST01166,2025-07-31 14:00:00,Transfer,510.48,Investment,UPI,Success,0,0,False,False,False,False,False
TXN0005696,CUST00631,2026-04-14 14:00:00,Transfer,507.52,Travel,UPI,Success,0,0,False,False,False,False,False
TXN0005697,CUST00414,2025-03-22 01:00:00,Debit,286.06,Groceries,Credit Card,Success,0,1,False,False,False,False,False
TXN0005698,CUST00049,2026-04-08 00:00:00,Transfer,8762.49,Investment,UPI,Success,0,0,False,False,False,False,False
TXN0005699,CUST00884,2026-06-03 10:00:00,Credit,3103.31,Rent,Debit Card,Success,0,0,False,False,False,False,False
TXN0005700,CUST01166,2025-05-25 06:00:00,Credit,728.4,Entertainment,Debit Card,Success,0,0,False,False,False,False,False
TXN0005701,CUST00910,2025-08-21 17:00:00,Debit,2038.08,Healthcare,Net Banking,Success,0,0,False,False,False,False,False
TXN0005702,CUST00404,2025-11-03 12:00:00,Debit,1227.64,Utilities,UPI,Success,0,0,False,False,False,False,False
TXN0005703,CUST00125,2025-12-30 19:00:00,Credit,1117.69,Food,Debit Card,Pending,0,0,False,False,False,False,False
TXN0005704,CUST00428,2026-09-13 01:00:00,Transfer,4707.1,Entertainment,Credit Card,Success,0,0,False,False,False,False,False
TXN0005705,CUST01152,2025-01-20 01:00:00,Debit,5749.6,Utilities,Debit Card,Failed,0,0,False,False,False,False,False
TXN0005706,CUST01074,2025-07-30 07:00:00,Credit,1712.21,Shopping,Net Banking,Success,0,0,False,False,False,False,False
TXN0005707,CUST00147,2026-08-07 13:00:00,Transfer,1376.66,Food,ATM,Success,0,1,False,False,False,False,False
TXN0005708,CUST00055,2025-07-25 23:00:00,Transfer,253.34,Food,Credit Card,Success,0,0,False,False,False,False,False
TXN0005709,CUST00419,2026-08-26 06:00:00,Transfer,2234.5,Rent,Net Banking,Success,0,0,False,False,False,False,False
TXN0005710,CUST00540,2025-10-13 23:00:00,Credit,1357.35,Investment,ATM,Success,0,0,False,False,False,False,False
TXN0005711,CUST00081,2026-01-27 07:00:00,Transfer,2451.98,Investment,UPI,Success,0,0,False,False,False,False,False
TXN0005712,CUST00060,2025-01-17 17:00:00,Transfer,5097.18,Entertainment,ATM,Success,0,0,False,False,False,False,False
TXN0005713,CUST01091,2025-11-21 04:00:00,Transfer,113.34,Investment,UPI,Success,0,1,False,False,False,False,False
TXN0005714,CUST00064,2026-05-27 20:00:00,Debit,1653.29,Salary,Net Banking,Success,0,0,False,False,False,False,False
TXN0005715,CUST00867,2026-09-26 12:00:00,Transfer,170.17,Shopping,UPI,Success,0,0,False,False,False,False,False
TXN0005716,CUST00599,2025-02-07 14:00:00,Debit,734.64,Travel,Debit Card,Success,0,0,False,False,False,False,False
TXN0005717,CUST01075,2025-01-24 01:00:00,Transfer,732.2,Entertainment,ATM,Success,0,0,False,False,False,False,False
TXN0005718,CUST00485,2026-07-07 09:00:00,Transfer,4046.02,Investment,ATM,Success,0,0,False,False,False,False,False
TXN0005719,CUST00985,2025-12-31 07:00:00,Debit,830.09,Food,Credit Card,Success,0,1,False,False,False,False,False
TXN0005720,CUST00332,2025-10-26 11:00:00,Credit,1895.33,Salary,Credit Card,Success,0,1,False,False,False,False,False
TXN0005721,CUST00517,2026-02-13 01:00:00,Debit,1126.3,Salary,UPI,Success,0,0,False,False,False,False,False
TXN0005722,CUST00688,2025-10-15 04:00:00,Transfer,831.29,Shopping,UPI,Success,0,0,False,False,False,False,False
TXN0005723,CUST01134,2025-11-15 08:00:00,Transfer,2833.08,Utilities,ATM,Success,0,0,False,False,False,False,False
TXN0005724,CUST00902,2025-11-14 00:00:00,Transfer,114.39,Salary,Credit Card,Success,0,0,False,False,False,False,False
TXN0005725,CUST00391,2025-11-13 15:00:00,Transfer,1254.53,Rent,UPI,Success,0,0,False,False,False,False,False
TXN0005726,CUST00223,2026-03-20 11:00:00,Debit,221.74,Travel,UPI,Success,0,0,False,False,False,False,False
TXN0005727,CUST00710,2025-11-13 13:00:00,Debit,1824.74,Salary,Credit Card,Success,0,0,False,False,False,False,False
TXN0005728,CUST01084,2026-06-27 06:00:00,Debit,3932.84,Entertainment,ATM,Success,0,3,False,False,False,False,False
TXN0005729,CUST00361,2025-04-10 07:00:00,Credit,1550.35,Rent,UPI,Success,0,0,False,False,False,False,False
TXN0005730,CUST01064,2025-02-11 08:00:00,Transfer,597.01,Utilities,Credit Card,Success,0,1,False,False,False,False,False
TXN0005731,CUST00199,2026-01-01 00:00:00,Debit,290.88,Investment,Net Banking,Success,0,2,False,False,False,False,False
TXN0005732,CUST01032,2025-12-06 21:00:00,Debit,325.51,Travel,ATM,Success,0,0,False,False,False,False,False
TXN0005733,CUST00662,2025-03-26 16:00:00,Debit,1412.51,Utilities,UPI,Success,0,0,False,False,False,False,False
TXN0005734,CUST00617,2026-05-05 09:00:00,Debit,391.1,Utilities,UPI,Failed,0,0,False,False,False,False,False
TXN0005735,CUST00121,2026-05-04 13:00:00,Debit,1795.61,Rent,UPI,Success,0,1,False,False,False,False,False
TXN0005736,CUST00857,2026-08-23 21:00:00,Debit,322.48,Healthcare,Debit Card,Success,0,0,False,False,False,False,False
TXN0005737,CUST00036,2025-05-12 06:00:00,Credit,1064.68,Entertainment,Credit Card,Success,0,0,False,False,False,False,False
TXN0005738,CUST00708,2025-11-15 12:00:00,Credit,117.62,Food,UPI,Success,0,2,False,False,False,False,False
TXN0005739,CUST00186,2026-01-14 11:00:00,Credit,344.4,Shopping,Net Banking,Success,0,0,False,False,False,False,False
TXN0005740,CUST00794,2026-03-31 09:00:00,Debit,2830.21,Shopping,Debit Card,Success,1,0,False,False,False,False,False
TXN0005741,CUST00670,2026-07-28 02:00:00,Debit,925.12,Food,Debit Card,Success,0,0,False,False,False,False,False
TXN0005742,CUST00520,2025-11-21 18:00:00,Transfer,1852.51,Rent,UPI,Failed,0,0,False,False,False,False,False
TXN0005743,CUST00072,2026-09-03 21:00:00,Transfer,319.55,Rent,Debit Card,Success,0,0,False,False,False,False,False
TXN0005744,CUST00290,2025-07-04 15:00:00,Transfer,18802.53,Groceries,Net Banking,Pending,0,0,False,False,False,False,True
TXN0005745,CUST00727,2026-09-29 02:00:00,Debit,351.41,Groceries,Net Banking,Success,0,0,False,False,False,False,False
TXN0005746,CUST00344,2026-04-30 05:00:00,Transfer,422.63,Groceries,UPI,Success,0,0,False,False,False,False,False
TXN0005747,CUST00188,2025-06-01 10:00:00,Debit,1550.03,Travel,Credit Card,Success,0,0,False,False,False,False,False
TXN0005748,CUST00585,2026-09-02 15:00:00,Transfer,2288.55,Rent,UPI,Success,0,0,False,False,False,False,False
TXN0005749,CUST01153,2026-02-03 02:00:00,Debit,10204.49,Investment,UPI,Success,0,0,False,False,False,False,False
TXN0005750,CUST00488,2025-02-01 23:00:00,Transfer,2634.21,Shopping,Net Banking,Success,0,1,False,False,False,False,False
TXN0005751,CUST00896,2026-06-16 13:00:00,Debit,793.2,Travel,Credit Card,Pending,0,0,False,False,False,False,False
TXN0005752,CUST00268,2025-02-04 16:00:00,Credit,1245.61,Rent,ATM,Success,0,0,False,False,False,False,False
TXN0005753,CUST00267,2025-03-15 09:00:00,Debit,2092.41,Shopping,Net Banking,Success,0,0,False,False,False,False,False
TXN0005754,CUST00602,2025-12-19 04:00:00,Debit,1241.96,Healthcare,UPI,Success,0,0,False,False,False,False,False
TXN0005755,CUST01008,2026-09-16 12:00:00,Transfer,674.16,Healthcare,Debit Card,Success,0,1,False,False,False,False,False
TXN0005756,CUST00838,2026-05-01 20:00:00,Transfer,651.59,Healthcare,ATM,Success,0,0,False,False,False,False,False
TXN0005757,CUST00892,2025-09-02 12:00:00,Credit,616.71,Shopping,UPI,Success,0,0,False,False,False,False,False
TXN0005758,CUST00530,2026-01-13 20:00:00,Credit,613.03,Shopping,UPI,Success,0,1,False,False,False,False,False
TXN0005759,CUST00607,2025-10-10 16:00:00,Transfer,896.69,Groceries,ATM,Success,0,1,False,False,False,False,False
TXN0005760,CUST01077,2025-07-04 11:00:00,Transfer,612.25,Shopping,UPI,Success,1,0,False,False,False,False,False
TXN0005761,CUST00388,2026-07-30 19:00:00,Debit,843.22,Salary,UPI,Success,0,1,False,False,False,False,False
TXN0005762,CUST00310,2026-05-01 11:00:00,Transfer,3951.12,Entertainment,UPI,Success,0,2,False,False,False,False,False
TXN0005763,CUST00870,2025-12-07 13:00:00,Transfer,3515.81,Utilities,Net Banking,Success,0,0,False,False,False,False,False
TXN0005764,CUST01182,2026-02-24 12:00:00,Debit,692.74,Groceries,Credit Card,Success,0,0,False,False,False,False,False
TXN0005765,CUST00757,2025-04-10 19:00:00,Credit,693.02,Food,Debit Card,Success,0,0,False,False,False,False,False
TXN0005766,CUST00471,2026-03-15 12:00:00,Debit,139.41,Rent,Debit Card,Failed,0,0,False,False,False,False,False
TXN0005767,CUST00439,2025-09-15 03:00:00,Transfer,1833.76,Healthcare,UPI,Success,0,0,False,False,False,False,False
TXN0005768,CUST00832,2025-09-02 23:00:00,Transfer,1677.29,Healthcare,UPI,Success,0,0,False,False,False,False,False
TXN0005769,CUST00849,2025-09-11 22:00:00,Debit,215.81,Healthcare,Credit Card,Success,0,0,False,False,False,False,False
TXN0005770,CUST00688,2026-04-29 08:00:00,Credit,546.48,Investment,Debit Card,Success,0,0,False,False,False,False,False
TXN0005771,CUST01177,2025-05-23 03:00:00,Transfer,1353.89,Rent,Net Banking,Success,0,0,False,False,False,False,False
TXN0005772,CUST00913,2025-08-30 01:00:00,Debit,614.19,Investment,Debit Card,Failed,0,0,False,False,False,False,False
TXN0005773,CUST00930,2025-04-24 16:00:00,Debit,434.28,Shopping,UPI,Success,0,1,False,False,False,False,False
TXN0005774,CUST00469,2025-02-02 03:00:00,Transfer,92.06,Food,ATM,Success,1,0,False,False,False,False,False
TXN0005775,CUST00439,2025-05-08 01:00:00,Debit,915.75,Investment,UPI,Success,0,0,False,False,False,False,False
TXN0005776,CUST01001,2026-01-16 20:00:00,Debit,1029.2,Groceries,Net Banking,Failed,0,0,False,False,False,False,False
TXN0005777,CUST00590,2025-08-14 05:00:00,Transfer,319.12,Entertainment,ATM,Success,0,0,False,False,False,False,False
TXN0005778,CUST00214,2026-03-22 12:00:00,Transfer,546.77,Food,Credit Card,Success,0,0,False,False,False,False,False
TXN0005779,CUST00439,2025-05-21 02:00:00,Credit,1895.49,Rent,ATM,Success,0,2,False,False,False,False,False
TXN0005780,CUST00364,2026-09-24 18:00:00,Debit,1624.2,Salary,ATM,Success,0,0,False,False,False,False,False
TXN0005781,CUST00128,2026-05-30 03:00:00,Debit,1506.97,Travel,Debit Card,Failed,0,1,False,False,False,False,False
TXN0005782,CUST00007,2026-07-08 04:00:00,Debit,922.91,Rent,Net Banking,Success,0,0,False,False,False,False,False
TXN0005783,CUST00117,2026-03-10 13:00:00,Transfer,2702.32,Travel,UPI,Success,0,1,False,False,False,False,False
TXN0005784,CUST00984,2026-01-10 15:00:00,Debit,1262.79,Salary,Debit Card,Success,0,0,False,False,False,False,False
TXN0005785,CUST00243,2026-05-15 20:00:00,Debit,3700.45,Investment,UPI,Success,0,0,False,False,False,False,False
TXN0005786,CUST00967,2025-04-22 01:00:00,Transfer,811.98,Food,Net Banking,Success,0,0,False,False,False,False,False
TXN0005787,CUST00669,2026-08-15 02:00:00,Credit,774.16,Unknown,Net Banking,Success,0,0,False,False,False,False,False
TXN0005788,CUST00966,2025-11-18 13:00:00,Credit,1382.65,Entertainment,Debit Card,Success,0,0,False,False,False,False,False
TXN0005789,CUST00399,2026-04-22 22:00:00,Transfer,853.71,Groceries,Debit Card,Success,0,2,False,False,False,False,False
TXN0005790,CUST00797,2025-02-13 02:00:00,Credit,1057.82,Travel,UPI,Success,0,0,False,False,False,False,False
TXN0005791,CUST00856,2026-05-03 18:00:00,Debit,1155.74,Groceries,Net Banking,Success,0,0,False,False,False,False,False
TXN0005792,CUST00924,2026-06-27 12:00:00,Debit,1167.39,Utilities,Credit Card,Success,0,0,False,False,False,False,False
TXN0005793,CUST01181,2025-02-12 13:00:00,Transfer,3821.0,Investment,Credit Card,Unknown,0,0,False,False,False,False,False
TXN0005794,CUST00846,2025-08-08 10:00:00,Debit,4739.38,Rent,UPI,Success,0,0,False,False,False,False,False
TXN0005795,CUST00876,2025-07-28 01:00:00,Debit,4940.64,Investment,UPI,Success,0,0,False,False,False,False,False
TXN0005796,CUST00133,2025-04-14 10:00:00,Debit,160.91,Investment,Net Banking,Success,0,0,False,False,False,False,False
TXN0005797,CUST00893,2025-04-24 03:00:00,Transfer,934.34,Travel,UPI,Success,0,1,False,False,False,False,False
TXN0005798,CUST00408,2026-09-29 05:00:00,Credit,543.84,Salary,UPI,Success,0,0,False,False,False,False,False
TXN0005799,CUST01006,2026-08-29 19:00:00,Debit,296.61,Travel,Debit Card,Success,0,0,False,False,False,False,False
TXN0005800,CUST01066,2025-11-20 14:00:00,Debit,1237.9,Groceries,UPI,Success,0,0,False,False,False,False,False
TXN0005801,CUST00864,2026-02-01 09:00:00,Transfer,7937.71,Investment,Debit Card,Success,0,0,False,False,False,False,False
TXN0005802,CUST01103,2025-01-18 10:00:00,Transfer,902.37,Groceries,Net Banking,Success,0,1,False,False,False,False,False
TXN0005803,CUST00746,2025-09-22 15:00:00,Debit,1007.3,Food,ATM,Success,0,0,False,False,False,False,False
TXN0005804,CUST00233,2026-01-05 05:00:00,Debit,172.46,Groceries,Credit Card,Success,0,0,False,False,False,False,False
TXN0005805,CUST01056,2026-08-21 08:00:00,Debit,441.98,Groceries,Credit Card,Success,0,0,False,False,False,False,False
TXN0005806,CUST01022,2026-07-30 16:00:00,Debit,180.03,Travel,UPI,Success,0,0,False,False,False,False,False
TXN0005807,CUST00345,2025-04-10 17:00:00,Debit,790.64,Travel,Debit Card,Success,0,0,False,False,False,False,False
TXN0005808,CUST00175,2026-08-14 16:00:00,Transfer,1152.43,Travel,UPI,Success,0,1,False,False,False,False,False
TXN0005809,CUST00969,2026-02-17 12:00:00,Debit,3538.01,Rent,Unknown,Success,1,0,False,False,False,False,False
TXN0005810,CUST00903,2025-03-04 05:00:00,Transfer,3538.3,Food,Credit Card,Success,0,0,False,False,False,False,False
TXN0005811,CUST00144,2026-05-23 17:00:00,Credit,549.52,Investment,UPI,Success,0,0,False,False,False,False,False
TXN0005812,CUST00481,2026-02-09 13:00:00,Debit,2183.73,Shopping,UPI,Success,0,0,False,False,False,False,False
TXN0005813,CUST00497,2026-05-17 04:00:00,Debit,906.91,Food,UPI,Success,0,0,False,False,False,False,False
TXN0005814,CUST00782,2025-02-26 09:00:00,Credit,592.25,Food,UPI,Success,0,0,False,False,False,False,False
TXN0005815,CUST01155,2025-08-20 03:00:00,Credit,886.74,Travel,UPI,Success,0,0,False,False,False,False,False
TXN0005816,CUST00171,2025-07-06 08:00:00,Transfer,2702.23,Rent,UPI,Success,0,0,False,False,False,False,False
TXN0005817,CUST00703,2025-10-04 20:00:00,Credit,80.95,Utilities,Debit Card,Success,0,0,False,False,False,False,False
TXN0005818,CUST00549,2025-06-09 05:00:00,Debit,1618.84,Healthcare,UPI,Success,0,0,False,False,False,False,False
TXN0005819,CUST00497,2026-01-11 08:00:00,Transfer,1743.35,Rent,Debit Card,Success,0,0,False,False,False,False,False
TXN0005820,CUST00405,2026-08-07 04:00:00,Debit,4390.31,Groceries,Debit Card,Pending,0,0,False,False,False,False,False
TXN0005821,CUST00461,2025-04-04 01:00:00,Debit,382.62,Travel,Net Banking,Success,0,0,False,False,False,False,False
TXN0005822,CUST00367,2025-09-16 14:00:00,Debit,323.25,Entertainment,UPI,Success,0,0,False,False,False,False,False
TXN0005823,CUST00904,2025-05-12 10:00:00,Credit,359.47,Utilities,Debit Card,Success,0,0,False,False,False,False,False
TXN0005824,CUST00229,2026-02-06 18:00:00,Transfer,710.21,Travel,Credit Card,Success,0,0,False,False,False,False,False
TXN0005825,CUST00636,2025-05-16 09:00:00,Credit,5426.87,Shopping,UPI,Success,0,0,False,False,False,False,False
TXN0005826,CUST00522,2026-05-22 05:00:00,Debit,174.49,Entertainment,UPI,Pending,0,0,False,False,False,False,False
TXN0005827,CUST00588,2026-04-24 16:00:00,Debit,948.59,Utilities,UPI,Success,0,1,False,False,False,False,False
TXN0005828,CUST00384,2025-07-02 09:00:00,Debit,365.49,Healthcare,UPI,Success,0,0,False,False,False,False,False
TXN0005829,CUST00682,2025-05-20 02:00:00,Credit,3097.59,Investment,Debit Card,Success,0,0,False,False,False,False,False
TXN0005830,CUST00118,2025-06-09 06:00:00,Debit,617.82,Food,UPI,Success,0,0,False,False,False,False,False
TXN0005831,CUST00395,2026-05-24 15:00:00,Debit,3568.62,Rent,Debit Card,Success,0,0,False,False,False,False,False
TXN0005832,CUST00628,2025-02-20 19:00:00,Credit,2317.28,Rent,Debit Card,Success,1,0,False,False,False,False,False
TXN0005833,CUST00616,2026-04-19 02:00:00,Transfer,220.12,Rent,UPI,Success,0,1,False,False,False,False,False
TXN0005834,CUST00268,2025-01-01 10:00:00,Debit,771.02,Entertainment,ATM,Success,0,0,False,False,False,False,False
TXN0005835,CUST01141,2025-05-17 23:00:00,Debit,956.33,Salary,Net Banking,Success,0,0,False,False,False,False,False
TXN0005836,CUST01118,2026-07-23 03:00:00,Credit,-100.0,Healthcare,UPI,Success,0,2,True,False,False,False,False
TXN0005837,CUST00811,2025-05-03 10:00:00,Debit,7331.15,Entertainment,Debit Card,Pending,0,0,False,False,False,False,False
TXN0005838,CUST00568,2026-05-02 07:00:00,Transfer,1159.6,Travel,Debit Card,Success,0,0,False,False,False,False,False
TXN0005839,CUST00441,2026-05-13 15:00:00,Credit,1725.34,Travel,Credit Card,Success,0,0,False,False,False,False,False
TXN0005840,CUST00779,2026-01-29 06:00:00,Debit,1828.3,Shopping,Credit Card,Success,0,0,False,False,False,False,False
TXN0005841,CUST01026,2026-08-13 04:00:00,Credit,3069.53,Salary,Net Banking,Success,0,0,False,False,False,False,False
TXN0005842,CUST00974,2026-04-23 21:00:00,Debit,5702.07,Salary,Debit Card,Failed,0,0,False,False,False,False,False
TXN0005843,CUST00578,2025-04-18 09:00:00,Debit,147.46,Food,Credit Card,Success,0,1,False,False,False,False,False
TXN0005844,CUST00604,2025-07-17 03:00:00,Debit,473.44,Salary,UPI,Pending,0,0,False,False,False,False,False
TXN0005845,CUST00327,2026-06-24 15:00:00,Debit,94.01,Utilities,ATM,Failed,0,0,False,False,False,False,False
TXN0005846,CUST01089,2025-06-25 11:00:00,Debit,2395.2,Food,UPI,Failed,0,0,False,False,False,False,False
TXN0005847,CUST00336,2025-12-22 10:00:00,Transfer,653.63,Food,UPI,Success,0,0,False,False,False,False,False
TXN0005848,CUST00127,2026-01-20 15:00:00,Debit,427.19,Travel,Debit Card,Success,0,1,False,False,False,False,False
TXN0005849,CUST00934,2026-06-02 21:00:00,Transfer,1014.18,Salary,Net Banking,Success,0,1,False,False,False,False,False
TXN0005850,CUST00643,2025-06-01 09:00:00,Debit,500.16,Rent,Debit Card,Success,0,0,False,False,False,False,False
TXN0005851,CUST00326,2025-05-26 04:00:00,Debit,261.65,Groceries,Unknown,Success,0,0,False,False,False,False,False
TXN0005852,CUST00661,2025-08-20 03:00:00,Debit,6899.95,Travel,ATM,Success,0,0,False,False,False,False,False
TXN0005853,CUST01103,2025-11-22 19:00:00,Credit,1264.77,Groceries,UPI,Success,0,0,False,False,False,False,False
TXN0005854,CUST01167,2025-09-16 00:00:00,Debit,13361.03,Salary,Credit Card,Success,0,1,False,False,False,False,True
TXN0005855,CUST00414,2026-06-28 02:00:00,Credit,1442.61,Groceries,Credit Card,Success,0,0,False,False,False,False,False
TXN0005856,CUST00106,2026-09-06 10:00:00,Debit,870.2,Rent,UPI,Success,0,0,False,False,False,False,False
TXN0005857,CUST00162,2026-03-14 15:00:00,Credit,5940.81,Entertainment,Debit Card,Success,0,1,False,False,False,False,False
TXN0005858,CUST00081,2026-04-25 15:00:00,Credit,1317.32,Entertainment,Debit Card,Success,0,0,False,False,False,False,False
TXN0005859,CUST00977,2025-06-12 11:00:00,Credit,755.59,Entertainment,UPI,Success,1,0,False,False,False,False,False
TXN0005860,CUST01078,2026-06-29 15:00:00,Debit,444.76,Investment,Debit Card,Failed,0,1,False,False,False,False,False
TXN0005861,CUST00412,2026-01-25 19:00:00,Transfer,127.37,Utilities,Net Banking,Success,0,0,False,False,False,False,False
TXN0005862,CUST00686,2025-02-03 18:00:00,Debit,1650.58,Entertainment,Net Banking,Success,0,1,False,False,False,False,False
TXN0005863,CUST00626,2025-05-21 00:00:00,Debit,1183.68,Groceries,UPI,Pending,0,0,False,False,False,False,False
TXN0005864,CUST00496,2025-05-20 12:00:00,Debit,1517.79,Travel,ATM,Failed,0,0,False,False,False,False,False
TXN0005865,CUST00411,2025-10-22 03:00:00,Debit,511.89,Entertainment,UPI,Pending,0,0,False,False,False,False,False
TXN0005866,CUST00381,2025-11-12 11:00:00,Credit,594.03,Groceries,UPI,Success,0,0,False,False,False,False,False
TXN0005867,CUST00257,2026-07-14 11:00:00,Credit,312.55,Entertainment,ATM,Success,0,0,False,False,False,False,False
TXN0005868,CUST00074,2025-11-28 19:00:00,Transfer,908.39,Utilities,Credit Card,Success,0,1,False,False,False,False,False
TXN0005869,CUST00231,2026-02-03 12:00:00,Debit,431.77,Salary,ATM,Success,1,1,False,False,False,False,False
TXN0005870,CUST00845,2025-11-16 06:00:00,Debit,1143.19,Travel,ATM,Success,1,0,False,False,False,False,False
TXN0005871,CUST00870,2025-11-19 15:00:00,Debit,1040.38,Salary,Debit Card,Success,0,0,False,False,False,False,False
TXN0005872,CUST00989,2026-02-15 10:00:00,Debit,2356.11,Entertainment,Debit Card,Success,0,1,False,False,False,False,False
TXN0005873,CUST01093,2026-05-05 14:00:00,Transfer,339.33,Utilities,Debit Card,Failed,0,0,False,False,False,False,False
TXN0005874,CUST00891,2025-10-18 22:00:00,Debit,5296.9,Entertainment,UPI,Success,0,0,False,False,False,False,False
TXN0005875,CUST00315,2025-12-03 12:00:00,Transfer,1103.9,Entertainment,UPI,Success,0,0,False,False,False,False,False
TXN0005876,CUST00623,2025-12-25 21:00:00,Transfer,1672.43,Shopping,ATM,Success,0,0,False,False,False,False,False
TXN0005877,CUST00187,2026-05-16 19:00:00,Credit,1464.31,Shopping,Credit Card,Success,0,0,False,False,False,False,False
TXN0005878,CUST00412,2025-06-23 15:00:00,Credit,267.33,Entertainment,Net Banking,Success,0,0,False,False,False,False,False
TXN0005879,CUST00555,2026-04-13 04:00:00,Credit,3523.09,Salary,UPI,Success,0,0,False,False,False,False,False
TXN0005880,CUST00627,2026-01-16 14:00:00,Debit,922.57,Food,UPI,Success,0,0,False,False,False,False,False
TXN0005881,CUST00047,2026-05-22 05:00:00,Credit,381.0,Healthcare,UPI,Success,0,0,False,False,False,False,False
TXN0005882,CUST00975,2025-11-05 22:00:00,Debit,315.3,Rent,ATM,Success,0,0,False,False,False,False,False
TXN0005883,CUST00502,2025-09-13 21:00:00,Debit,659.38,Shopping,Credit Card,Success,0,0,False,False,False,False,False
TXN0005884,CUST00308,2026-07-30 03:00:00,Debit,261.21,Food,UPI,Success,0,0,False,False,False,False,False
TXN0005885,CUST00816,2026-07-05 20:00:00,Credit,1314.93,Rent,Credit Card,Success,0,0,False,False,False,False,False
TXN0005886,CUST01138,2025-05-19 10:00:00,Transfer,2273.65,Entertainment,ATM,Success,0,1,False,False,False,False,False
TXN0005887,CUST00601,2026-05-20 01:00:00,Transfer,629.88,Groceries,Credit Card,Failed,0,0,False,False,False,False,False
TXN0005888,CUST00060,2025-08-13 21:00:00,Credit,101.68,Entertainment,Debit Card,Success,0,0,False,False,False,False,False
TXN0005889,CUST00302,2025-11-25 14:00:00,Debit,1084.06,Shopping,UPI,Success,0,0,False,False,False,False,False
TXN0005890,CUST00222,2026-08-12 03:00:00,Transfer,1332.98,Food,UPI,Success,0,0,False,False,False,False,False
TXN0005891,CUST01052,2025-09-30 00:00:00,Transfer,876.84,Groceries,UPI,Success,0,0,False,False,False,False,False
TXN0005892,CUST00353,2025-09-24 18:00:00,Debit,1171.84,Food,UPI,Success,0,1,False,False,False,False,False
TXN0005893,CUST01094,2025-08-13 10:00:00,Debit,283.99,Investment,Credit Card,Success,0,1,False,False,False,False,False
TXN0005894,CUST00310,2026-05-17 20:00:00,Transfer,919.98,Entertainment,Credit Card,Success,0,1,False,False,False,False,False
TXN0005895,CUST00264,2025-04-01 08:00:00,Debit,1323.46,Rent,Net Banking,Success,0,0,False,False,False,False,False
TXN0005896,CUST00270,2026-01-19 04:00:00,Debit,173.78,Rent,ATM,Success,0,1,False,False,False,False,False
TXN0005897,CUST00591,2026-06-06 16:00:00,Debit,4218.72,Salary,Credit Card,Success,0,0,False,False,False,False,False
TXN0005898,CUST00822,2026-04-07 06:00:00,Credit,983.29,Shopping,Credit Card,Success,0,0,False,False,False,False,False
TXN0005899,CUST00691,2025-11-27 23:00:00,Debit,1474.19,Shopping,UPI,Success,0,0,False,False,False,False,False
TXN0005900,CUST00922,2025-11-24 06:00:00,Debit,2492.6,Travel,UPI,Pending,0,0,False,False,False,False,False
TXN0005901,CUST00765,2026-08-09 07:00:00,Credit,3594.03,Utilities,ATM,Success,0,0,False,False,False,False,False
TXN0005902,CUST00041,2025-11-09 09:00:00,Debit,847.18,Rent,UPI,Success,0,0,False,False,False,False,False
TXN0005903,CUST00568,2026-02-02 17:00:00,Transfer,434.39,Shopping,UPI,Success,0,0,False,False,False,False,False
TXN0005904,CUST01188,2026-07-26 14:00:00,Transfer,1251.49,Investment,UPI,Success,0,0,False,False,False,False,False
TXN0005905,CUST00559,2025-06-09 06:00:00,Debit,112.93,Rent,UPI,Success,0,0,False,False,False,False,False
TXN0005906,CUST01139,2026-06-03 22:00:00,Credit,2513.02,Groceries,UPI,Success,0,0,False,False,False,False,False
TXN0005907,CUST00036,2026-01-28 19:00:00,Debit,1072.97,Utilities,UPI,Success,0,1,False,False,False,False,False
TXN0005908,CUST01163,2026-07-31 09:00:00,Debit,1097.86,Shopping,UPI,Failed,0,0,False,False,False,False,False
TXN0005909,CUST00898,2025-03-29 07:00:00,Credit,8564.95,Salary,UPI,Success,0,0,False,False,False,False,False
TXN0005910,CUST00283,2025-01-31 18:00:00,Transfer,9954.22,Shopping,Debit Card,Success,1,1,False,False,False,False,False
TXN0005911,CUST00371,2025-10-31 04:00:00,Transfer,1650.78,Food,UPI,Success,0,0,False,False,False,False,False
TXN0005912,CUST00017,2025-06-01 07:00:00,Credit,4897.65,Groceries,ATM,Success,0,1,False,False,False,False,False
TXN0005913,CUST01170,2026-05-20 05:00:00,Transfer,349.5,Food,UPI,Success,0,0,False,False,False,False,False
TXN0005914,CUST00261,2026-07-24 00:00:00,Transfer,2210.68,Shopping,Unknown,Success,0,2,False,False,False,False,False
TXN0005915,CUST00439,2026-04-25 21:00:00,Transfer,4385.05,Investment,UPI,Pending,0,0,False,False,False,False,False
TXN0005916,CUST00621,2025-01-18 23:00:00,Debit,343.02,Utilities,UPI,Success,0,0,False,False,False,False,False
TXN0005917,CUST00843,2025-05-02 07:00:00,Credit,451.78,Healthcare,Net Banking,Success,1,0,False,False,False,False,False
TXN0005918,CUST00741,2025-08-06 11:00:00,Transfer,2286.97,Utilities,UPI,Success,0,0,False,False,False,False,False
TXN0005919,CUST00539,2026-04-09 23:00:00,Transfer,3231.36,Investment,Credit Card,Success,0,1,False,False,False,False,False
TXN0005920,CUST00529,2026-02-19 11:00:00,Debit,2878.54,Rent,UPI,Success,0,0,False,False,False,False,False
TXN0005921,CUST00900,2025-04-05 04:00:00,Debit,4509.14,Entertainment,UPI,Success,0,0,False,False,False,False,False
TXN0005922,CUST00499,2026-02-03 08:00:00,Debit,1762.05,Entertainment,Credit Card,Success,0,0,False,False,False,False,False
TXN0005923,CUST00683,2025-11-05 06:00:00,Debit,1226.4,Rent,UPI,Success,0,0,False,False,False,False,False
TXN0005924,CUST00378,2026-07-23 16:00:00,Debit,2129.44,Salary,Credit Card,Success,0,0,False,False,False,False,False
TXN0005925,CUST00608,2025-04-23 16:00:00,Debit,757.98,Investment,UPI,Failed,0,0,False,False,False,False,False
TXN0005926,CUST00607,2025-07-11 13:00:00,Credit,2255.23,Rent,Credit Card,Success,0,0,False,False,False,False,False
TXN0005927,CUST00399,2025-02-21 19:00:00,Transfer,1851.4,Healthcare,UPI,Success,0,1,False,False,False,False,False
TXN0005928,CUST00574,2025-12-22 05:00:00,Transfer,743.62,Groceries,Debit Card,Failed,0,0,False,False,False,False,False
TXN0005929,CUST00673,2025-09-02 12:00:00,Credit,433.14,Healthcare,UPI,Success,0,1,False,False,False,False,False
TXN0005930,CUST00649,2025-08-22 22:00:00,Debit,2226.62,Food,UPI,Success,0,0,False,False,False,False,False
TXN0005931,CUST00259,2026-02-24 21:00:00,Debit,4082.0,Food,UPI,Success,0,0,False,False,False,False,False
TXN0005932,CUST01015,2025-04-01 17:00:00,Debit,829.29,Healthcare,UPI,Failed,0,0,False,False,False,False,False
TXN0005933,CUST00705,2025-05-22 02:00:00,Debit,2036.69,Utilities,Debit Card,Success,1,0,False,False,False,False,False
TXN0005934,CUST00162,2026-01-14 11:00:00,Debit,1550.49,Entertainment,Debit Card,Pending,0,0,False,False,False,False,False
TXN0005935,CUST00630,2025-05-21 13:00:00,Credit,1223.6,Travel,Debit Card,Success,0,1,False,False,False,False,False
TXN0005936,CUST00968,2025-07-12 03:00:00,Debit,184.2,Travel,UPI,Success,0,0,False,False,False,False,False
TXN0005937,CUST00615,2026-06-07 15:00:00,Transfer,8280.76,Entertainment,UPI,Success,0,0,False,False,False,False,False
TXN0005938,CUST00996,2025-08-31 15:00:00,Credit,1752.54,Investment,Debit Card,Success,0,1,False,False,False,False,False
TXN0005939,CUST00089,2025-01-22 02:00:00,Transfer,144.22,Groceries,UPI,Success,0,0,False,False,False,False,False
TXN0005940,CUST00927,2026-04-07 06:00:00,Debit,18810.96,Travel,UPI,Success,0,1,False,False,False,False,True
TXN0005941,CUST01196,2025-02-12 19:00:00,Debit,1313.67,Food,UPI,Success,1,0,False,False,False,False,False
TXN0005942,CUST00304,2026-04-11 05:00:00,Debit,1797.57,Shopping,UPI,Success,0,0,False,False,False,False,False
TXN0005943,CUST00252,2025-05-18 11:00:00,Credit,1864.57,Entertainment,Credit Card,Success,0,0,False,False,False,False,False
TXN0005944,CUST00158,2025-02-05 00:00:00,Debit,425.32,Groceries,Net Banking,Unknown,0,0,False,False,False,False,False
TXN0005945,CUST00005,2026-05-26 17:00:00,Transfer,774.81,Groceries,Credit Card,Failed,0,0,False,False,False,False,False
TXN0005946,CUST00060,2025-02-20 14:00:00,Transfer,1853.31,Utilities,Credit Card,Unknown,0,2,False,False,False,False,False
TXN0005947,CUST00250,2025-02-17 02:00:00,Debit,1247.29,Travel,Net Banking,Success,0,0,False,False,False,False,False
TXN0005948,CUST00877,2025-04-08 00:00:00,Debit,3347.72,Utilities,Debit Card,Failed,0,0,False,False,False,False,False
TXN0005949,CUST01114,2025-10-13 10:00:00,Credit,146.97,Entertainment,Debit Card,Success,0,2,False,False,False,False,False
TXN0005950,CUST00395,2025-05-17 11:00:00,Debit,79.82,Rent,Net Banking,Success,0,0,False,False,False,False,False
TXN0005951,CUST00837,2025-11-27 00:00:00,Debit,11156.45,Utilities,Debit Card,Success,0,0,False,False,False,False,False
TXN0005952,CUST00203,2026-09-25 16:00:00,Transfer,408.5,Salary,UPI,Success,0,0,False,False,False,False,False
TXN0005953,CUST01141,2026-05-09 18:00:00,Transfer,408.97,Food,UPI,Success,0,0,False,False,False,False,False
TXN0005954,CUST00667,2025-10-14 18:00:00,Debit,6153.09,Salary,Debit Card,Success,0,0,False,False,False,False,False
TXN0005955,CUST01024,2025-08-01 07:00:00,Credit,-500.0,Healthcare,Credit Card,Success,0,1,True,False,False,False,False
TXN0005956,CUST00845,2026-08-10 08:00:00,Debit,642.23,Healthcare,Credit Card,Success,0,0,False,False,False,False,False
TXN0005957,CUST00029,2026-09-25 12:00:00,Transfer,2433.64,Entertainment,UPI,Success,0,0,False,False,False,False,False
TXN0005958,CUST00736,2025-12-20 05:00:00,Transfer,627.27,Salary,Credit Card,Success,0,0,False,False,False,False,False
TXN0005959,CUST00243,2025-02-11 06:00:00,Debit,2703.85,Investment,UPI,Success,0,1,False,False,False,False,False
TXN0005960,CUST00868,2026-05-28 19:00:00,Transfer,4825.17,Investment,Unknown,Success,0,0,False,False,False,False,False
TXN0005961,CUST00980,2026-08-23 05:00:00,Debit,1898.26,Food,UPI,Success,0,0,False,False,False,False,False
TXN0005962,CUST00004,2025-07-19 16:00:00,Debit,226.17,Salary,Net Banking,Success,0,0,False,False,False,False,False
TXN0005963,CUST00321,2026-05-26 21:00:00,Debit,369.62,Entertainment,ATM,Success,0,0,False,False,False,False,False
TXN0005964,CUST00617,2025-05-23 18:00:00,Debit,479.63,Groceries,ATM,Success,0,0,False,False,False,False,False
TXN0005965,CUST00954,2025-01-27 04:00:00,Debit,6286.44,Travel,Net Banking,Success,0,0,False,False,False,False,False
TXN0005966,CUST00959,2026-03-18 02:00:00,Transfer,2096.67,Shopping,Debit Card,Success,0,0,False,False,False,False,False
TXN0005967,CUST00202,2026-02-20 14:00:00,Debit,1428.11,Investment,Net Banking,Success,0,1,False,False,False,False,False
TXN0005968,CUST00743,2026-02-23 23:00:00,Credit,1369.03,Travel,Credit Card,Pending,0,0,False,False,False,False,False
TXN0005969,CUST00196,2026-02-21 02:00:00,Debit,2072.22,Utilities,Debit Card,Success,0,0,False,False,False,False,False
TXN0005970,CUST00847,2025-03-08 07:00:00,Debit,429.24,Food,UPI,Success,0,0,False,False,False,False,False
TXN0005971,CUST00258,2026-04-27 21:00:00,Debit,696.25,Travel,Debit Card,Success,0,0,False,False,False,False,False
TXN0005972,CUST01006,2026-06-19 04:00:00,Transfer,2712.97,Travel,UPI,Success,1,0,False,False,False,False,False
TXN0005973,CUST00376,2026-08-27 22:00:00,Transfer,863.46,Food,UPI,Success,0,0,False,False,False,False,False
TXN0005974,CUST00639,2025-11-13 02:00:00,Transfer,236.0,Investment,UPI,Success,0,0,False,False,False,False,False
TXN0005975,CUST00750,2025-12-20 05:00:00,Transfer,945.44,Groceries,Debit Card,Success,0,0,False,False,False,False,False
TXN0005976,CUST00930,2026-03-29 23:00:00,Debit,2203.94,Entertainment,UPI,Success,0,0,False,False,False,False,False
TXN0005977,CUST00893,2025-06-17 15:00:00,Transfer,2108.88,Utilities,UPI,Success,0,1,False,False,False,False,False
TXN0005978,CUST00447,2026-01-02 17:00:00,Credit,417.15,Rent,UPI,Unknown,0,0,False,False,False,False,False
TXN0005979,CUST00760,2025-03-23 23:00:00,Debit,358.08,Groceries,Debit Card,Success,0,0,False,False,False,False,False
TXN0005980,CUST00200,2026-07-05 23:00:00,Debit,534.21,Groceries,UPI,Success,1,0,False,False,False,False,False
TXN0005981,CUST00190,2026-02-25 12:00:00,Debit,1084.03,Groceries,Credit Card,Success,0,0,False,False,False,False,False
TXN0005982,CUST00167,2026-03-07 02:00:00,Transfer,430.95,Groceries,Debit Card,Success,0,1,False,False,False,False,False
TXN0005983,CUST00827,2025-09-26 22:00:00,Debit,533.29,Investment,UPI,Success,0,0,False,False,False,False,False
TXN0005984,CUST00237,2025-02-26 12:00:00,Transfer,357.99,Healthcare,ATM,Success,0,0,False,False,False,False,False
TXN0005985,CUST00871,2025-03-10 19:00:00,Debit,1045.44,Groceries,ATM,Success,0,0,False,False,False,False,False
TXN0005986,CUST00335,2025-09-11 19:00:00,Credit,1436.95,Shopping,UPI,Success,0,1,False,False,False,False,False
TXN0005987,CUST01166,2026-05-28 04:00:00,Transfer,5619.96,Groceries,UPI,Success,1,0,False,False,False,False,False
TXN0005988,CUST00922,2025-10-04 00:00:00,Transfer,108.55,Salary,UPI,Success,0,0,False,False,False,False,False
TXN0005989,CUST01186,2026-03-16 15:00:00,Debit,501.79,Travel,Net Banking,Success,0,0,False,False,False,False,False
TXN0005990,CUST00402,2025-01-13 19:00:00,Credit,476.19,Salary,ATM,Success,0,0,False,False,False,False,False
TXN0005991,CUST01024,2025-11-13 09:00:00,Debit,1220.84,Entertainment,Debit Card,Success,0,0,False,False,False,False,False
TXN0005992,CUST00741,2025-06-29 18:00:00,Transfer,407.42,Rent,UPI,Success,0,0,False,False,False,False,False
TXN0005993,CUST00527,2025-08-06 06:00:00,Transfer,1566.66,Food,Net Banking,Failed,0,0,False,False,False,False,False
TXN0005994,CUST00663,2025-12-08 10:00:00,Transfer,817.53,Shopping,UPI,Success,0,0,False,False,False,False,False
TXN0005995,CUST00520,2025-07-10 12:00:00,Debit,1302.17,Healthcare,Credit Card,Success,0,1,False,False,False,False,False
TXN0005996,CUST01185,2026-05-04 09:00:00,Debit,483.27,Food,Unknown,Success,0,1,False,False,False,False,False
TXN0005997,CUST00766,2026-07-28 10:00:00,Credit,175.6,Salary,UPI,Success,0,0,False,False,False,False,False
TXN0005998,CUST00667,2025-02-04 09:00:00,Credit,532.86,Groceries,UPI,Success,0,0,False,False,False,False,False
TXN0005999,CUST00633,2026-09-13 16:00:00,Debit,2921.56,Entertainment,UPI,Success,0,0,False,False,False,False,False
TXN0006000,CUST00517,2025-04-24 22:00:00,Transfer,1266.11,Food,Debit Card,Success,0,0,False,False,False,False,False
TXN0006001,CUST01091,2026-05-26 18:00:00,Transfer,216.33,Utilities,Credit Card,Failed,0,0,False,False,False,False,False
TXN0006002,CUST00963,2025-12-12 06:00:00,Credit,313.23,Entertainment,Debit Card,Success,1,0,False,False,False,False,False
TXN0006003,CUST00284,2026-05-04 11:00:00,Debit,5261.29,Rent,ATM,Success,0,1,False,False,False,False,False
TXN0006004,CUST00692,2026-03-09 09:00:00,Credit,1338.81,Salary,UPI,Success,0,1,False,False,False,False,False
TXN0006005,CUST01161,2026-05-09 21:00:00,Transfer,1242.94,Food,Debit Card,Success,0,0,False,False,False,False,False
TXN0006006,CUST00983,2026-07-11 21:00:00,Debit,1054.35,Utilities,Net Banking,Success,0,0,False,False,False,False,False
TXN0006007,CUST00473,2025-05-01 11:00:00,Transfer,361.15,Entertainment,UPI,Failed,0,0,False,False,False,False,False
TXN0006008,CUST00993,2026-09-28 17:00:00,Debit,4233.74,Travel,Net Banking,Success,0,0,False,False,False,False,False
TXN0006009,CUST01113,2026-06-21 10:00:00,Transfer,411.29,Investment,Debit Card,Success,0,1,False,False,False,False,False
TXN0006010,CUST01064,2026-03-10 11:00:00,Debit,1363.38,Healthcare,UPI,Success,0,1,False,False,False,False,False
TXN0006011,CUST00272,2026-05-20 03:00:00,Debit,3482.59,Investment,UPI,Success,0,0,False,False,False,False,False
TXN0006012,CUST00089,2026-06-15 22:00:00,Credit,185.38,Healthcare,ATM,Success,0,0,False,False,False,False,False
TXN0006013,,2025-02-20 07:00:00,Transfer,3962.28,Utilities,UPI,Success,0,0,False,False,True,False,False
TXN0006014,CUST00350,2025-06-05 19:00:00,Debit,6356.23,Travel,UPI,Success,0,1,False,False,False,False,False
TXN0006015,CUST01186,2026-09-09 08:00:00,Debit,2979.23,Travel,UPI,Success,0,0,False,False,False,False,False
TXN0006016,CUST00620,2026-03-28 12:00:00,Credit,898.4,Rent,ATM,Success,0,1,False,False,False,False,False
TXN0006017,CUST01181,2026-05-08 22:00:00,Debit,6422.73,Investment,UPI,Pending,0,1,False,False,False,False,False
TXN0006018,CUST00201,2025-07-01 20:00:00,Debit,5551.52,Utilities,Net Banking,Success,0,2,False,False,False,False,False
TXN0006019,CUST00611,2026-06-01 09:00:00,Transfer,719.25,Rent,UPI,Failed,0,0,False,False,False,False,False
TXN0006020,CUST00308,2026-06-15 10:00:00,Debit,877.2,Salary,Net Banking,Success,0,2,False,False,False,False,False
TXN0006021,CUST00824,2026-02-24 12:00:00,Debit,630.81,Salary,UPI,Success,0,0,False,False,False,False,False
TXN0006022,CUST00198,2026-03-29 21:00:00,Credit,280.04,Utilities,Credit Card,Success,0,0,False,False,False,False,False
TXN0006023,CUST00024,2026-07-10 20:00:00,Debit,875.05,Utilities,UPI,Success,0,0,False,False,False,False,False
TXN0006024,CUST00902,2026-05-19 07:00:00,Credit,634.5,Utilities,Net Banking,Failed,0,0,False,False,False,False,False
TXN0006025,CUST00943,2025-09-15 01:00:00,Transfer,556.14,Travel,UPI,Success,0,1,False,False,False,False,False
TXN0006026,CUST00547,2025-02-15 12:00:00,Debit,811.99,Groceries,UPI,Success,0,0,False,False,False,False,False
TXN0006027,CUST01192,2025-02-19 08:00:00,Debit,402.46,Salary,Credit Card,Success,0,0,False,False,False,False,False
TXN0006028,CUST01063,2025-11-09 02:00:00,Credit,1627.0,Entertainment,Credit Card,Success,1,0,False,False,False,False,False
TXN0006029,CUST00260,2026-03-12 05:00:00,Credit,1577.29,Travel,UPI,Success,0,0,False,False,False,False,False
TXN0006030,CUST00035,2025-05-17 01:00:00,Credit,194.7,Investment,Debit Card,Success,0,0,False,False,False,False,False
TXN0006031,CUST01155,2025-02-21 15:00:00,Credit,2094.96,Groceries,Debit Card,Success,0,0,False,False,False,False,False
TXN0006032,CUST00554,2025-08-22 21:00:00,Transfer,327.13,Investment,Credit Card,Success,0,0,False,False,False,False,False
TXN0006033,CUST00013,2025-03-29 12:00:00,Debit,453.66,Entertainment,UPI,Success,0,0,False,False,False,False,False
TXN0006034,CUST00083,2026-06-02 14:00:00,Transfer,441.34,Salary,Debit Card,Success,1,1,False,False,False,False,False
TXN0006035,CUST00627,2026-09-06 10:00:00,Debit,629.67,Groceries,Debit Card,Pending,0,0,False,False,False,False,False
TXN0006036,CUST00626,2025-08-24 08:00:00,Transfer,3398.48,Unknown,Net Banking,Success,0,0,False,False,False,False,False
TXN0006037,CUST00323,2026-07-07 17:00:00,Debit,819.03,Entertainment,Credit Card,Success,0,0,False,False,False,False,False
TXN0006038,CUST00347,2026-01-12 06:00:00,Transfer,431.54,Healthcare,Credit Card,Success,0,0,False,False,False,False,False
TXN0006039,CUST00211,2025-10-05 15:00:00,Credit,2533.95,Utilities,Debit Card,Success,0,1,False,False,False,False,False
TXN0006040,CUST01120,2025-02-02 10:00:00,Debit,2629.44,Unknown,ATM,Success,0,1,False,False,False,False,False
TXN0006041,CUST00932,2025-07-31 05:00:00,Transfer,294.62,Rent,UPI,Success,0,0,False,False,False,False,False
TXN0006042,CUST00576,2026-04-02 02:00:00,Debit,13806.9,Utilities,ATM,Success,0,0,False,False,False,False,True
TXN0006043,CUST00183,2025-01-03 21:00:00,Debit,5735.19,Travel,UPI,Pending,0,0,False,False,False,False,False
TXN0006044,CUST01053,2026-06-09 11:00:00,Transfer,843.08,Travel,UPI,Pending,0,0,False,False,False,False,False
TXN0006045,CUST00164,2026-02-16 21:00:00,Debit,4983.61,Investment,UPI,Success,0,0,False,False,False,False,False
TXN0006046,CUST00285,2025-08-19 14:00:00,Transfer,1085.31,Groceries,Net Banking,Success,0,0,False,False,False,False,False
TXN0006047,CUST00267,2025-03-11 14:00:00,Debit,376.79,Food,Net Banking,Failed,0,0,False,False,False,False,False
TXN0006048,CUST00472,2026-03-16 12:00:00,Debit,2942.99,Entertainment,Credit Card,Success,0,0,False,False,False,False,False
TXN0006049,CUST00903,2026-02-14 04:00:00,Transfer,5815.16,Groceries,Debit Card,Success,0,0,False,False,False,False,False
TXN0006050,CUST00351,2026-01-18 04:00:00,Transfer,3886.49,Groceries,UPI,Success,0,0,False,False,False,False,False
TXN0006051,CUST00596,2025-01-29 07:00:00,Credit,2331.41,Rent,UPI,Success,0,1,False,False,False,False,False
TXN0006052,CUST00681,2026-01-05 07:00:00,Debit,1246.4,Food,UPI,Pending,0,0,False,False,False,False,False
TXN0006053,CUST00523,2025-03-28 01:00:00,Debit,1745.2,Salary,ATM,Success,0,0,False,False,False,False,False
TXN0006054,CUST00133,2026-06-16 00:00:00,Transfer,1112.51,Travel,Credit Card,Success,0,0,False,False,False,False,False
TXN0006055,CUST00261,2026-06-05 23:00:00,Credit,714.47,Healthcare,UPI,Success,0,0,False,False,False,False,False
TXN0006056,CUST00221,2025-01-17 03:00:00,Debit,1300.38,Shopping,Credit Card,Success,0,1,False,False,False,False,False
TXN0006057,CUST00460,2025-03-13 06:00:00,Debit,593.39,Groceries,Net Banking,Pending,0,0,False,False,False,False,False
TXN0006058,CUST00929,2026-01-21 18:00:00,Credit,6652.36,Food,Debit Card,Success,0,1,False,False,False,False,False
TXN0006059,CUST00279,2025-04-15 10:00:00,Debit,849.11,Investment,Credit Card,Success,0,0,False,False,False,False,False
TXN0006060,CUST00578,2026-04-12 16:00:00,Debit,899.03,Travel,UPI,Failed,0,0,False,False,False,False,False
TXN0006061,CUST00917,2025-05-17 13:00:00,Debit,399.81,Utilities,Credit Card,Success,1,1,False,False,False,False,False
TXN0006062,CUST01116,2026-09-20 02:00:00,Credit,1754.86,Food,UPI,Success,0,0,False,False,False,False,False
TXN0006063,CUST00656,2025-06-27 08:00:00,Transfer,683.92,Rent,Net Banking,Success,0,0,False,False,False,False,False
TXN0006064,CUST00177,2025-09-25 10:00:00,Debit,3003.34,Shopping,Credit Card,Success,0,1,False,False,False,False,False
TXN0006065,CUST00033,2026-04-29 16:00:00,Transfer,2472.19,Utilities,Net Banking,Success,0,0,False,False,False,False,False
TXN0006066,CUST00303,2025-06-05 03:00:00,Transfer,676.77,Salary,Unknown,Success,0,1,False,False,False,False,False
TXN0006067,CUST00798,2026-09-26 06:00:00,Credit,1389.83,Utilities,UPI,Success,0,1,False,False,False,False,False
TXN0006068,CUST00988,2026-07-06 22:00:00,Debit,4450.73,Shopping,Debit Card,Success,0,0,False,False,False,False,False
TXN0006069,CUST00171,2026-04-26 11:00:00,Transfer,1645.72,Healthcare,UPI,Success,0,0,False,False,False,False,False
TXN0006070,CUST01183,2025-03-21 00:00:00,Transfer,3133.88,Food,Net Banking,Success,1,0,False,False,False,False,False
TXN0006071,CUST00454,2025-05-13 17:00:00,Debit,13932.53,Shopping,Credit Card,Pending,0,0,False,False,False,False,True
TXN0006072,CUST01020,2025-12-08 04:00:00,Debit,2126.89,Healthcare,Credit Card,Success,0,0,False,False,False,False,False
TXN0006073,CUST01133,2025-02-10 13:00:00,Transfer,2337.98,Rent,Credit Card,Success,0,0,False,False,False,False,False
TXN0006074,CUST00938,2025-12-25 16:00:00,Credit,1131.69,Utilities,Credit Card,Success,0,2,False,False,False,False,False
TXN0006075,CUST01185,2025-09-20 11:00:00,Debit,387.32,Investment,Credit Card,Success,0,0,False,False,False,False,False
TXN0006076,CUST00511,2026-01-13 19:00:00,Credit,3064.25,Travel,Credit Card,Failed,0,0,False,False,False,False,False
TXN0006077,CUST00734,2025-05-05 13:00:00,Debit,1096.265,Food,Credit Card,Success,0,0,False,False,False,True,False
TXN0006078,CUST00090,2025-10-11 03:00:00,Debit,1712.68,Investment,UPI,Success,0,0,False,False,False,False,False
TXN0006079,CUST01102,2026-09-06 17:00:00,Credit,17378.1,Rent,ATM,Success,0,0,False,False,False,False,True
TXN0006080,CUST00702,2025-09-10 02:00:00,Credit,2917.74,Investment,Credit Card,Success,0,0,False,False,False,False,False
TXN0006081,CUST00542,2025-02-25 15:00:00,Transfer,3333.73,Entertainment,Debit Card,Pending,0,0,False,False,False,False,False
TXN0006082,CUST00150,2025-02-18 20:00:00,Debit,2916.38,Salary,Credit Card,Success,0,0,False,False,False,False,False
TXN0006083,CUST00242,2026-04-06 02:00:00,Transfer,439.57,Travel,Net Banking,Success,0,0,False,False,False,False,False
TXN0006084,CUST00592,2025-12-09 14:00:00,Debit,301.53,Investment,UPI,Unknown,0,1,False,False,False,False,False
TXN0006085,CUST00982,2025-01-02 08:00:00,Transfer,3319.41,Travel,Credit Card,Success,0,0,False,False,False,False,False
TXN0006086,CUST00062,2025-05-23 20:00:00,Credit,5570.99,Rent,UPI,Success,1,0,False,False,False,False,False
TXN0006087,CUST00698,2025-04-04 00:00:00,Credit,3065.27,Investment,UPI,Unknown,0,1,False,False,False,False,False
TXN0006088,CUST00526,2025-03-18 08:00:00,Transfer,3713.38,Investment,Debit Card,Success,0,1,False,False,False,False,False
TXN0006089,CUST00953,2026-09-08 22:00:00,Credit,350.21,Groceries,UPI,Success,0,0,False,False,False,False,False
TXN0006090,CUST00041,2025-03-26 18:00:00,Transfer,651.15,Utilities,UPI,Failed,0,0,False,False,False,False,False
TXN0006091,CUST01055,2025-02-17 07:00:00,Transfer,345.48,Utilities,UPI,Success,0,0,False,False,False,False,False
TXN0006092,CUST00618,2025-09-02 09:00:00,Credit,436.31,Food,Unknown,Success,0,0,False,False,False,False,False
TXN0006093,CUST01144,2026-09-06 04:00:00,Credit,2123.79,Groceries,Debit Card,Success,0,1,False,False,False,False,False
TXN0006094,CUST00227,2025-07-24 21:00:00,Debit,1633.35,Investment,Credit Card,Success,0,0,False,False,False,False,False
TXN0006095,CUST00713,2025-07-19 15:00:00,Debit,140.46,Shopping,UPI,Success,0,0,False,False,False,False,False
TXN0006096,CUST00506,2025-07-07 16:00:00,Debit,1087.62,Investment,Net Banking,Success,0,0,False,False,False,False,False
TXN0006097,CUST00639,2025-08-22 04:00:00,Transfer,498.02,Investment,Credit Card,Success,0,1,False,False,False,False,False
TXN0006098,CUST00287,2025-07-22 02:00:00,Debit,2897.81,Groceries,UPI,Success,0,0,False,False,False,False,False
TXN0006099,CUST00895,2026-09-18 16:00:00,Debit,916.81,Salary,UPI,Success,0,0,False,False,False,False,False
TXN0006100,CUST00870,2025-11-15 03:00:00,Debit,8873.21,Shopping,Credit Card,Success,0,0,False,False,False,False,False
TXN0006101,CUST00548,2025-01-24 09:00:00,Transfer,596.58,Food,UPI,Success,0,0,False,False,False,False,False
TXN0006102,CUST00730,2025-12-25 02:00:00,Transfer,156.61,Salary,Debit Card,Success,0,3,False,False,False,False,False
TXN0006103,CUST00780,2025-05-08 23:00:00,Debit,913.19,Shopping,Net Banking,Success,0,0,False,False,False,False,False
TXN0006104,CUST00038,2025-11-14 07:00:00,Debit,247.77,Salary,Net Banking,Success,0,0,False,False,False,False,False
TXN0006105,CUST00852,2025-10-12 13:00:00,Transfer,188.51,Healthcare,Net Banking,Success,0,0,False,False,False,False,False
TXN0006106,CUST00492,2025-09-18 16:00:00,Credit,431.15,Shopping,UPI,Success,1,0,False,False,False,False,False
TXN0006107,CUST01086,2026-01-25 09:00:00,Transfer,1093.42,Groceries,Debit Card,Success,0,0,False,False,False,False,False
TXN0006108,CUST00225,2025-07-05 20:00:00,Transfer,1989.67,Shopping,UPI,Success,0,0,False,False,False,False,False
TXN0006109,CUST00926,2025-01-07 13:00:00,Debit,449.05,Investment,UPI,Success,0,1,False,False,False,False,False
TXN0006110,CUST00732,2025-08-15 10:00:00,Credit,1096.265,Groceries,UPI,Success,0,0,False,False,False,True,False
TXN0006111,CUST00393,2025-07-25 02:00:00,Transfer,8273.8,Entertainment,UPI,Success,0,0,False,False,False,False,False
TXN0006112,CUST00187,2026-02-20 14:00:00,Debit,3617.56,Salary,Net Banking,Success,1,0,False,False,False,False,False
TXN0006113,CUST01133,2026-08-02 06:00:00,Debit,492.69,Utilities,Credit Card,Pending,0,0,False,False,False,False,False
TXN0006114,CUST00528,2025-09-24 23:00:00,Debit,1238.59,Entertainment,UPI,Success,0,0,False,False,False,False,False
TXN0006115,CUST00190,2025-12-05 11:00:00,Credit,1471.51,Rent,UPI,Success,0,0,False,False,False,False,False
TXN0006116,CUST00634,2026-06-01 15:00:00,Transfer,436.55,Utilities,UPI,Success,0,0,False,False,False,False,False
TXN0006117,CUST00038,2026-06-21 10:00:00,Debit,770.12,Rent,Credit Card,Success,0,1,False,False,False,False,False
TXN0006118,CUST00466,2025-12-11 02:00:00,Debit,3003.51,Travel,UPI,Success,0,0,False,False,False,False,False
TXN0006119,CUST00228,2025-02-05 16:00:00,Transfer,9799.97,Travel,UPI,Success,0,0,False,False,False,False,False
TXN0006120,CUST00976,2026-07-15 19:00:00,Credit,1991.1,Entertainment,Debit Card,Success,1,0,False,False,False,False,False
TXN0006121,CUST00345,2025-02-21 16:00:00,Debit,1375.49,Investment,ATM,Success,0,0,False,False,False,False,False
TXN0006122,CUST00057,2025-10-31 06:00:00,Transfer,7833.27,Salary,ATM,Pending,0,0,False,False,False,False,False
TXN0006123,CUST00607,2025-05-20 20:00:00,Transfer,298.26,Rent,UPI,Success,0,0,False,False,False,False,False
TXN0006124,CUST01193,2025-03-07 11:00:00,Debit,2307.1,Entertainment,UPI,Success,0,1,False,False,False,False,False
TXN0006125,CUST00902,2025-11-06 16:00:00,Credit,731.56,Groceries,UPI,Success,0,0,False,False,False,False,False
TXN0006126,CUST00407,2026-04-23 15:00:00,Transfer,330.52,Entertainment,Net Banking,Success,0,0,False,False,False,False,False
TXN0006127,CUST01133,2025-11-24 06:00:00,Debit,520.32,Shopping,Debit Card,Success,0,0,False,False,False,False,False
TXN0006128,CUST00867,2025-07-16 20:00:00,Credit,843.37,Healthcare,UPI,Success,0,0,False,False,False,False,False
TXN0006129,CUST00317,2026-04-22 14:00:00,Credit,713.65,Food,Debit Card,Success,0,0,False,False,False,False,False
TXN0006130,CUST00001,2026-04-15 02:00:00,Debit,629.81,Salary,UPI,Failed,0,1,False,False,False,False,False
TXN0006131,CUST00755,2025-10-27 15:00:00,Credit,347.04,Travel,UPI,Success,0,0,False,False,False,False,False
TXN0006132,CUST01062,2025-01-28 22:00:00,Transfer,5003.4,Travel,UPI,Success,0,1,False,False,False,False,False
TXN0006133,CUST00222,2026-07-08 14:00:00,Transfer,5062.5,Rent,Debit Card,Success,0,0,False,False,False,False,False
TXN0006134,CUST00773,2025-10-13 22:00:00,Transfer,1505.22,Shopping,Net Banking,Success,0,0,False,False,False,False,False
TXN0006135,CUST00485,2025-12-10 16:00:00,Debit,88.26,Investment,ATM,Success,0,0,False,False,False,False,False
TXN0006136,CUST00149,2025-01-08 22:00:00,Transfer,793.63,Entertainment,Credit Card,Success,0,0,False,False,False,False,False
TXN0006137,CUST00327,2025-06-10 11:00:00,Transfer,831.62,Entertainment,Credit Card,Success,0,0,False,False,False,False,False
TXN0006138,CUST01018,2026-05-10 01:00:00,Transfer,668.2,Food,Unknown,Pending,0,0,False,False,False,False,False
TXN0006139,CUST00614,2025-05-03 17:00:00,Transfer,325.65,Investment,Debit Card,Failed,0,1,False,False,False,False,False
TXN0006140,CUST00353,2025-05-20 00:00:00,Debit,832.76,Food,UPI,Success,0,0,False,False,False,False,False
TXN0006141,CUST00756,2025-12-30 12:00:00,Debit,955.19,Investment,Debit Card,Success,0,0,False,False,False,False,False
TXN0006142,CUST01130,2026-07-10 04:00:00,Debit,437.91,Salary,UPI,Success,0,1,False,False,False,False,False
TXN0006143,CUST01159,2026-09-25 17:00:00,Debit,562.88,Travel,Debit Card,Success,0,1,False,False,False,False,False
TXN0006144,CUST00090,2025-05-11 16:00:00,Transfer,2329.05,Healthcare,UPI,Success,0,0,False,False,False,False,False
TXN0006145,CUST00784,2026-03-07 00:00:00,Debit,3060.98,Healthcare,UPI,Success,0,0,False,False,False,False,False
TXN0006146,CUST00864,2026-08-14 22:00:00,Transfer,4428.65,Healthcare,UPI,Success,0,0,False,False,False,False,False
TXN0006147,CUST00547,2026-02-28 23:00:00,Credit,132.78,Entertainment,Debit Card,Success,0,1,False,False,False,False,False
TXN0006148,CUST00912,2025-11-04 09:00:00,Transfer,532.41,Shopping,UPI,Success,0,0,False,False,False,False,False
TXN0006149,CUST00430,2025-08-09 15:00:00,Transfer,602.97,Salary,ATM,Success,0,0,False,False,False,False,False
TXN0006150,CUST00827,2025-04-16 01:00:00,Debit,4847.59,Groceries,ATM,Success,0,1,False,False,False,False,False
TXN0006151,CUST00286,2026-07-11 09:00:00,Credit,85.5,Investment,UPI,Success,0,1,False,False,False,False,False
TXN0006152,CUST00235,2025-02-03 08:00:00,Debit,915.16,Healthcare,UPI,Success,0,0,False,False,False,False,False
TXN0006153,CUST01131,2026-07-13 14:00:00,Transfer,481.2,Entertainment,ATM,Success,0,0,False,False,False,False,False
TXN0006154,CUST00895,2025-05-25 07:00:00,Credit,1546.72,Groceries,Debit Card,Success,0,0,False,False,False,False,False
TXN0006155,CUST00797,2025-05-20 23:00:00,Debit,1031.0,Investment,UPI,Failed,0,0,False,False,False,False,False
TXN0006156,CUST00792,2025-09-06 11:00:00,Credit,1775.28,Salary,Net Banking,Success,1,1,False,False,False,False,False
TXN0006157,CUST00862,2025-05-31 12:00:00,Debit,626.44,Investment,UPI,Success,0,0,False,False,False,False,False
TXN0006158,CUST00788,2025-03-30 19:00:00,Debit,16169.99,Food,Debit Card,Pending,0,0,False,False,False,False,True
TXN0006159,CUST00054,2025-11-27 11:00:00,Debit,389.8,Travel,ATM,Success,0,1,False,False,False,False,False
TXN0006160,CUST01185,2025-12-12 12:00:00,Debit,4134.57,Utilities,UPI,Success,0,0,False,False,False,False,False
TXN0006161,CUST00683,2026-07-12 02:00:00,Debit,209.96,Healthcare,Net Banking,Success,0,1,False,False,False,False,False
TXN0006162,CUST00829,2026-06-03 18:00:00,Debit,3583.74,Salary,Debit Card,Success,0,0,False,False,False,False,False
TXN0006163,CUST00389,2025-08-24 07:00:00,Debit,1183.99,Shopping,ATM,Success,0,0,False,False,False,False,False
TXN0006164,CUST00274,2025-01-29 03:00:00,Debit,1278.77,Travel,UPI,Success,0,0,False,False,False,False,False
TXN0006165,CUST00046,2025-07-24 18:00:00,Credit,703.93,Travel,UPI,Success,0,0,False,False,False,False,False
TXN0006166,CUST00684,2026-05-25 16:00:00,Debit,136.81,Investment,UPI,Success,0,1,False,False,False,False,False
TXN0006167,CUST01117,2026-07-08 03:00:00,Transfer,5121.86,Travel,UPI,Success,0,2,False,False,False,False,False
TXN0006168,CUST00869,2025-10-16 05:00:00,Transfer,4872.67,Healthcare,Credit Card,Success,0,0,False,False,False,False,False
TXN0006169,CUST00908,2025-03-08 17:00:00,Debit,3411.76,Travel,UPI,Pending,0,0,False,False,False,False,False
TXN0006170,CUST00072,2025-08-18 22:00:00,Debit,248.47,Utilities,Debit Card,Success,0,0,False,False,False,False,False
TXN0006171,CUST01030,2026-05-26 21:00:00,Credit,3491.71,Investment,UPI,Success,0,0,False,False,False,False,False
TXN0006172,CUST00761,2025-09-10 23:00:00,Transfer,2580.97,Rent,ATM,Success,0,1,False,False,False,False,False
TXN0006173,CUST00434,2025-02-06 23:00:00,Debit,5971.13,Investment,UPI,Success,0,0,False,False,False,False,False
TXN0006174,CUST00217,2025-05-29 13:00:00,Debit,198.09,Healthcare,UPI,Success,0,0,False,False,False,False,False
TXN0006175,CUST00197,2026-03-21 20:00:00,Debit,512.34,Groceries,ATM,Success,0,1,False,False,False,False,False
TXN0006176,CUST00487,2025-01-08 02:00:00,Transfer,1079.67,Rent,UPI,Unknown,0,0,False,False,False,False,False
TXN0006177,CUST00816,2026-05-06 03:00:00,Debit,1277.98,Shopping,UPI,Success,0,0,False,False,False,False,False
TXN0006178,CUST01124,2025-04-10 00:00:00,Debit,15318.95,Rent,UPI,Success,0,0,False,False,False,False,True
TXN0006179,CUST00047,2025-02-15 09:00:00,Transfer,573.3,Rent,UPI,Success,0,1,False,False,False,False,False
TXN0006180,CUST00881,2025-06-16 10:00:00,Debit,1047.67,Food,ATM,Success,0,2,False,False,False,False,False
TXN0006181,CUST00605,2025-05-25 04:00:00,Credit,430.93,Salary,ATM,Success,0,0,False,False,False,False,False
TXN0006182,CUST00998,2026-01-14 01:00:00,Debit,540.39,Salary,UPI,Success,0,0,False,False,False,False,False
TXN0006183,CUST00494,2025-05-13 16:00:00,Transfer,984.84,Rent,UPI,Success,0,0,False,False,False,False,False
TXN0006184,CUST00161,2025-05-11 08:00:00,Debit,2521.66,Travel,ATM,Success,0,0,False,False,False,False,False
TXN0006185,CUST00368,2026-01-25 23:00:00,Transfer,814.8,Rent,Net Banking,Pending,0,0,False,False,False,False,False
TXN0006186,CUST00116,2025-04-04 11:00:00,Credit,1580.74,Food,Net Banking,Success,0,0,False,False,False,False,False
TXN0006187,CUST00398,2026-07-26 02:00:00,Credit,522.87,Healthcare,Debit Card,Success,0,0,False,False,False,False,False
TXN0006188,CUST00116,2025-08-28 11:00:00,Credit,928.24,Investment,UPI,Success,0,0,False,False,False,False,False
TXN0006189,CUST01096,2026-07-14 02:00:00,Transfer,278.08,Food,UPI,Success,0,0,False,False,False,False,False
TXN0006190,CUST00986,2026-03-16 19:00:00,Transfer,242.52,Rent,UPI,Success,0,0,False,False,False,False,False
TXN0006191,CUST00584,2025-05-13 20:00:00,Debit,150.97,Travel,Credit Card,Success,0,1,False,False,False,False,False
TXN0006192,CUST00454,2025-09-18 01:00:00,Transfer,845.48,Healthcare,UPI,Success,0,0,False,False,False,False,False
TXN0006193,CUST00582,2026-04-28 00:00:00,Transfer,2984.17,Entertainment,UPI,Success,0,0,False,False,False,False,False
TXN0006194,CUST00097,2025-06-13 17:00:00,Debit,1019.18,Rent,Debit Card,Success,0,1,False,False,False,False,False
TXN0006195,CUST00566,2025-04-08 07:00:00,Debit,1151.13,Utilities,Credit Card,Success,0,2,False,False,False,False,False
TXN0006196,CUST01160,2025-10-03 03:00:00,Credit,348.65,Rent,Net Banking,Success,0,1,False,False,False,False,False
TXN0006197,CUST00006,2026-04-11 15:00:00,Debit,755.65,Entertainment,Credit Card,Success,0,1,False,False,False,False,False
TXN0006198,CUST01150,2025-01-11 02:00:00,Credit,1420.36,Travel,Debit Card,Success,0,0,False,False,False,False,False
TXN0006199,CUST00797,2025-03-14 01:00:00,Debit,443.38,Rent,UPI,Success,0,0,False,False,False,False,False
TXN0006200,CUST00145,2025-01-19 22:00:00,Debit,5485.91,Shopping,ATM,Success,0,0,False,False,False,False,False
TXN0006201,CUST00454,2026-05-21 19:00:00,Credit,514.87,Groceries,ATM,Success,0,0,False,False,False,False,False
TXN0006202,CUST00753,2025-02-26 14:00:00,Transfer,5036.0,Shopping,Credit Card,Failed,0,0,False,False,False,False,False
TXN0006203,CUST00363,2025-12-31 10:00:00,Debit,1155.57,Entertainment,Debit Card,Success,0,0,False,False,False,False,False
TXN0006204,CUST00814,2025-06-18 14:00:00,Debit,114.72,Rent,UPI,Success,0,0,False,False,False,False,False
TXN0006205,CUST00781,2026-02-28 04:00:00,Debit,113.56,Groceries,UPI,Success,0,0,False,False,False,False,False
TXN0006206,CUST00267,2025-05-25 13:00:00,Transfer,970.58,Healthcare,Net Banking,Success,0,1,False,False,False,False,False
TXN0006207,CUST00371,2025-03-22 13:00:00,Transfer,291.6,Salary,Net Banking,Success,0,0,False,False,False,False,False
TXN0006208,CUST00096,2025-07-28 20:00:00,Credit,878.0,Groceries,UPI,Success,0,0,False,False,False,False,False
TXN0006209,CUST00783,2026-02-08 05:00:00,Transfer,1929.06,Food,ATM,Success,0,0,False,False,False,False,False
TXN0006210,CUST00041,2025-06-25 14:00:00,Transfer,1475.19,Shopping,Net Banking,Success,0,0,False,False,False,False,False
TXN0006211,CUST00945,2026-05-01 16:00:00,Debit,1037.47,Shopping,ATM,Success,0,0,False,False,False,False,False
TXN0006212,CUST00554,2026-01-28 00:00:00,Transfer,1316.95,Salary,Credit Card,Success,0,0,False,False,False,False,False
TXN0006213,CUST00358,2026-06-15 08:00:00,Debit,568.95,Travel,UPI,Success,0,0,False,False,False,False,False
TXN0006214,CUST00496,2026-08-24 20:00:00,Debit,1280.64,Investment,Net Banking,Success,0,1,False,False,False,False,False
TXN0006215,CUST00458,2026-05-20 05:00:00,Credit,1580.34,Rent,Net Banking,Success,0,0,False,False,False,False,False
TXN0006216,CUST00120,2026-03-26 23:00:00,Debit,1626.82,Groceries,UPI,Success,0,0,False,False,False,False,False
TXN0006217,CUST01078,2025-03-16 15:00:00,Transfer,1520.22,Food,UPI,Success,0,0,False,False,False,False,False
TXN0006218,CUST00028,2026-09-07 10:00:00,Credit,212.71,Healthcare,UPI,Success,0,0,False,False,False,False,False
TXN0006219,CUST00598,2025-06-21 07:00:00,Transfer,488.14,Shopping,ATM,Success,0,0,False,False,False,False,False
TXN0006220,CUST00889,2026-04-15 14:00:00,Debit,775.43,Utilities,UPI,Success,0,0,False,False,False,False,False
TXN0006221,CUST01092,2025-10-03 20:00:00,Credit,1662.32,Healthcare,ATM,Success,0,0,False,False,False,False,False
TXN0006222,CUST00597,2025-02-20 19:00:00,Debit,10638.73,Healthcare,Debit Card,Success,0,0,False,False,False,False,False
TXN0006223,CUST00064,2025-02-01 11:00:00,Transfer,843.84,Rent,ATM,Success,0,0,False,False,False,False,False
TXN0006224,CUST00574,2026-01-14 15:00:00,Debit,808.08,Shopping,UPI,Pending,0,0,False,False,False,False,False
TXN0006225,CUST00773,2026-05-31 04:00:00,Debit,412.5,Investment,Debit Card,Failed,0,0,False,False,False,False,False
TXN0006226,CUST00603,2026-06-28 15:00:00,Credit,617.89,Entertainment,UPI,Success,0,0,False,False,False,False,False
TXN0006227,CUST00297,2026-04-22 19:00:00,Debit,1085.15,Groceries,ATM,Success,0,0,False,False,False,False,False
TXN0006228,CUST00067,2026-03-04 05:00:00,Transfer,1287.61,Food,UPI,Success,0,0,False,False,False,False,False
TXN0006229,CUST01172,2025-01-14 09:00:00,Transfer,268.19,Travel,Credit Card,Success,0,0,False,False,False,False,False
TXN0006230,CUST00904,2026-04-14 13:00:00,Transfer,1279.23,Healthcare,Unknown,Success,0,0,False,False,False,False,False
TXN0006231,CUST01061,2025-06-04 04:00:00,Debit,361.99,Entertainment,UPI,Success,0,0,False,False,False,False,False
TXN0006232,CUST01151,2025-11-18 12:00:00,Credit,2035.32,Travel,Credit Card,Success,0,0,False,False,False,False,False
TXN0006233,CUST00011,2025-05-21 20:00:00,Transfer,352.27,Shopping,Credit Card,Success,0,0,False,False,False,False,False
TXN0006234,CUST00937,2026-09-12 15:00:00,Transfer,5187.63,Travel,Credit Card,Success,0,0,False,False,False,False,False
TXN0006235,CUST00018,2025-05-31 04:00:00,Debit,842.73,Entertainment,ATM,Success,0,0,False,False,False,False,False
TXN0006236,CUST00617,2026-04-16 03:00:00,Credit,4986.39,Investment,Net Banking,Success,0,0,False,False,False,False,False
TXN0006237,CUST00974,2026-03-24 06:00:00,Debit,234.29,Investment,Credit Card,Success,0,0,False,False,False,False,False
TXN0006238,CUST00448,2026-06-27 20:00:00,Transfer,907.71,Travel,UPI,Failed,0,1,False,False,False,False,False
TXN0006239,CUST00022,2025-02-22 07:00:00,Debit,1672.29,Entertainment,UPI,Success,0,0,False,False,False,False,False
TXN0006240,CUST00885,2025-06-24 02:00:00,Debit,2629.63,Groceries,Net Banking,Success,0,1,False,False,False,False,False
TXN0006241,CUST01140,2026-05-07 01:00:00,Debit,688.32,Salary,Net Banking,Success,0,0,False,False,False,False,False
TXN0006242,CUST00453,2025-02-10 10:00:00,Debit,1155.3,Healthcare,UPI,Success,0,0,False,False,False,False,False
TXN0006243,CUST00173,2025-01-23 19:00:00,Credit,1290.4,Groceries,ATM,Success,0,1,False,False,False,False,False
TXN0006244,CUST00588,2026-03-17 04:00:00,Debit,1263.64,Food,Debit Card,Success,0,0,False,False,False,False,False
TXN0006245,CUST00554,2025-05-08 10:00:00,Debit,21253.25,Salary,Net Banking,Success,0,0,False,False,False,False,True
TXN0006246,CUST00380,2026-05-11 15:00:00,Transfer,1705.86,Healthcare,UPI,Success,0,1,False,False,False,False,False
TXN0006247,CUST01193,2025-10-05 12:00:00,Debit,1559.09,Unknown,UPI,Success,0,0,False,False,False,False,False
TXN0006248,CUST00813,2025-05-14 16:00:00,Debit,672.3,Entertainment,UPI,Success,0,0,False,False,False,False,False
TXN0006249,CUST00039,2026-04-05 06:00:00,Debit,434.54,Rent,UPI,Success,0,2,False,False,False,False,False
TXN0006250,CUST00424,2026-04-28 05:00:00,Transfer,8634.17,Rent,Credit Card,Success,0,0,False,False,False,False,False
TXN0006251,CUST00210,2026-01-29 20:00:00,Credit,2787.62,Investment,ATM,Success,0,0,False,False,False,False,False
TXN0006252,CUST00842,2026-02-16 03:00:00,Credit,3800.09,Salary,Debit Card,Success,0,0,False,False,False,False,False
TXN0006253,CUST01070,2026-09-01 22:00:00,Debit,20733.15,Healthcare,UPI,Success,1,0,False,False,False,False,True
TXN0006254,CUST00533,2025-07-04 07:00:00,Credit,181.68,Utilities,Debit Card,Success,0,0,False,False,False,False,False
TXN0006255,CUST00003,2026-07-30 15:00:00,Credit,117.48,Healthcare,Net Banking,Success,0,1,False,False,False,False,False
TXN0006256,CUST00914,2025-01-10 02:00:00,Credit,2747.59,Shopping,Credit Card,Success,0,0,False,False,False,False,False
TXN0006257,CUST00359,2025-07-20 10:00:00,Debit,3125.32,Shopping,UPI,Success,0,0,False,False,False,False,False
TXN0006258,CUST00907,2026-06-06 20:00:00,Debit,2201.21,Utilities,Debit Card,Success,0,0,False,False,False,False,False
TXN0006259,CUST00076,2026-06-01 18:00:00,Debit,1220.38,Entertainment,UPI,Success,0,0,False,False,False,False,False
TXN0006260,CUST01184,2026-05-05 21:00:00,Debit,2225.85,Entertainment,Credit Card,Success,0,0,False,False,False,False,False
TXN0006261,CUST01075,2025-12-09 05:00:00,Transfer,3211.48,Entertainment,Debit Card,Success,0,1,False,False,False,False,False
TXN0006262,CUST00322,2025-01-12 21:00:00,Credit,390.81,Travel,UPI,Success,0,0,False,False,False,False,False
TXN0006263,CUST00173,2025-11-09 01:00:00,Debit,836.39,Food,ATM,Success,0,0,False,False,False,False,False
TXN0006264,CUST00064,2025-04-23 04:00:00,Debit,1080.93,Shopping,UPI,Success,0,1,False,False,False,False,False
TXN0006265,CUST00094,2025-12-26 14:00:00,Debit,573.05,Entertainment,Debit Card,Success,0,0,False,False,False,False,False
TXN0006266,CUST00271,2025-01-06 14:00:00,Credit,1680.38,Shopping,ATM,Failed,0,0,False,False,False,False,False
TXN0006267,CUST00418,2025-10-05 15:00:00,Debit,3432.59,Salary,Debit Card,Success,0,0,False,False,False,False,False
TXN0006268,CUST01156,2026-09-12 14:00:00,Debit,3120.79,Rent,Debit Card,Success,0,0,False,False,False,False,False
TXN0006269,CUST00673,2025-03-01 16:00:00,Transfer,1096.265,Shopping,UPI,Success,0,0,False,False,False,True,False
TXN0006270,CUST00912,2025-08-29 04:00:00,Transfer,634.87,Healthcare,UPI,Success,0,1,False,False,False,False,False
TXN0006271,CUST00651,2025-04-20 00:00:00,Transfer,3116.16,Groceries,Credit Card,Success,0,0,False,False,False,False,False
TXN0006272,CUST00261,2026-01-25 23:00:00,Transfer,8966.93,Entertainment,Credit Card,Success,0,0,False,False,False,False,False
TXN0006273,CUST00589,2025-04-26 05:00:00,Debit,150.24,Shopping,ATM,Success,0,0,False,False,False,False,False
TXN0006274,CUST01089,2026-07-23 20:00:00,Credit,526.02,Utilities,UPI,Success,0,0,False,False,False,False,False
TXN0006275,CUST00217,2025-08-02 16:00:00,Transfer,469.14,Salary,UPI,Success,0,1,False,False,False,False,False
TXN0006276,CUST00546,2025-12-19 11:00:00,Credit,1289.44,Investment,UPI,Failed,0,0,False,False,False,False,False
TXN0006277,CUST01175,2025-06-13 07:00:00,Credit,742.19,Groceries,UPI,Success,1,0,False,False,False,False,False
TXN0006278,CUST00766,2025-06-23 07:00:00,Debit,3945.66,Entertainment,Credit Card,Success,0,0,False,False,False,False,False
TXN0006279,CUST00820,2025-09-16 01:00:00,Debit,434.63,Healthcare,ATM,Success,0,0,False,False,False,False,False
TXN0006280,CUST00848,2026-05-03 05:00:00,Credit,261.21,Utilities,Net Banking,Failed,0,0,False,False,False,False,False
TXN0006281,CUST00547,2026-07-31 00:00:00,Debit,1459.79,Groceries,UPI,Success,0,0,False,False,False,False,False
TXN0006282,CUST00730,2026-04-25 20:00:00,Transfer,1940.2,Utilities,Net Banking,Success,0,0,False,False,False,False,False
TXN0006283,CUST00043,2026-08-22 13:00:00,Credit,2732.54,Rent,UPI,Success,0,0,False,False,False,False,False
TXN0006284,CUST00669,2025-02-24 00:00:00,Transfer,236.61,Salary,Credit Card,Success,0,0,False,False,False,False,False
TXN0006285,CUST00124,2026-03-26 16:00:00,Transfer,2053.42,Utilities,UPI,Success,0,0,False,False,False,False,False
TXN0006286,CUST01188,2025-11-17 19:00:00,Credit,406.76,Healthcare,UPI,Success,0,0,False,False,False,False,False
TXN0006287,CUST00309,2026-05-02 13:00:00,Transfer,333.35,Healthcare,UPI,Success,0,0,False,False,False,False,False
TXN0006288,CUST00512,2025-07-19 21:00:00,Debit,705.84,Travel,Unknown,Success,0,0,False,False,False,False,False
TXN0006289,CUST00359,2026-04-19 19:00:00,Transfer,2262.5,Salary,Net Banking,Success,0,0,False,False,False,False,False
TXN0006290,CUST00532,2026-01-18 05:00:00,Debit,727.39,Groceries,Debit Card,Success,0,0,False,False,False,False,False
TXN0006291,CUST00131,2025-03-16 09:00:00,Credit,5047.39,Entertainment,ATM,Success,0,0,False,False,False,False,False
TXN0006292,CUST00277,2026-07-18 04:00:00,Debit,554.5,Investment,UPI,Success,1,0,False,False,False,False,False
TXN0006293,CUST00315,2026-08-14 03:00:00,Debit,440.95,Travel,Net Banking,Pending,0,0,False,False,False,False,False
TXN0006294,CUST00476,2025-08-14 10:00:00,Transfer,1072.78,Travel,UPI,Success,0,0,False,False,False,False,False
TXN0006295,CUST00178,2025-01-09 02:00:00,Debit,711.73,Rent,UPI,Success,0,1,False,False,False,False,False
TXN0006296,CUST00420,2026-07-26 07:00:00,Transfer,1026.08,Rent,UPI,Success,0,0,False,False,False,False,False
TXN0006297,CUST00484,2025-03-29 10:00:00,Debit,1776.41,Shopping,Net Banking,Success,0,0,False,False,False,False,False
TXN0006298,CUST00737,2025-02-09 04:00:00,Transfer,830.89,Groceries,Credit Card,Pending,0,0,False,False,False,False,False
TXN0006299,CUST00832,2025-05-26 07:00:00,Transfer,1393.24,Entertainment,Net Banking,Success,0,1,False,False,False,False,False
TXN0006300,CUST00318,2025-08-09 16:00:00,Credit,4169.21,Rent,UPI,Success,0,0,False,False,False,False,False
TXN0006301,CUST00919,2025-02-16 22:00:00,Transfer,490.56,Salary,UPI,Failed,0,0,False,False,False,False,False
TXN0006302,CUST00722,2026-08-05 06:00:00,Transfer,1160.48,Travel,Net Banking,Success,0,0,False,False,False,False,False
TXN0006303,CUST00455,2025-02-10 04:00:00,Debit,1420.23,Travel,Net Banking,Failed,0,0,False,False,False,False,False
TXN0006304,CUST01108,2025-12-17 22:00:00,Transfer,3321.13,Rent,UPI,Success,0,0,False,False,False,False,False
TXN0006305,CUST00146,2025-07-09 15:00:00,Credit,5411.67,Travel,Credit Card,Success,0,0,False,False,False,False,False
TXN0006306,CUST01163,2025-01-20 22:00:00,Debit,290.39,Groceries,UPI,Success,0,1,False,False,False,False,False
TXN0006307,CUST00960,2025-01-25 06:00:00,Transfer,2321.87,Food,Credit Card,Failed,0,0,False,False,False,False,False
TXN0006308,CUST00377,2025-04-16 13:00:00,Credit,914.01,Shopping,Credit Card,Success,1,0,False,False,False,False,False
TXN0006309,CUST00335,2025-08-16 14:00:00,Debit,272.69,Groceries,Debit Card,Success,0,0,False,False,False,False,False
TXN0006310,CUST00546,2025-03-08 17:00:00,Debit,1228.86,Utilities,UPI,Success,0,0,False,False,False,False,False
TXN0006311,CUST00241,2026-06-25 20:00:00,Transfer,828.93,Utilities,ATM,Success,0,0,False,False,False,False,False
TXN0006312,CUST00219,2026-07-29 04:00:00,Credit,849.51,Groceries,Credit Card,Pending,0,0,False,False,False,False,False
TXN0006313,CUST00951,2025-01-01 07:00:00,Credit,784.39,Salary,UPI,Success,0,1,False,False,False,False,False
TXN0006314,CUST00322,2025-03-13 22:00:00,Debit,866.14,Utilities,UPI,Success,1,1,False,False,False,False,False
TXN0006315,CUST01180,2025-08-26 10:00:00,Debit,1364.39,Groceries,Credit Card,Success,0,0,False,False,False,False,False
TXN0006316,CUST00649,2025-10-12 19:00:00,Debit,1222.22,Groceries,Debit Card,Success,0,1,False,False,False,False,False
TXN0006317,CUST01168,2026-07-03 14:00:00,Debit,2209.97,Healthcare,Net Banking,Success,0,0,False,False,False,False,False
TXN0006318,CUST00588,2026-02-25 04:00:00,Credit,2175.34,Travel,Debit Card,Success,0,0,False,False,False,False,False
TXN0006319,CUST00014,2025-01-31 10:00:00,Debit,3187.13,Travel,Net Banking,Success,0,0,False,False,False,False,False
TXN0006320,CUST00689,2025-06-17 00:00:00,Credit,440.73,Salary,UPI,Pending,0,0,False,False,False,False,False
TXN0006321,CUST00292,2025-05-30 12:00:00,Debit,445.49,Utilities,Credit Card,Success,0,0,False,False,False,False,False
TXN0006322,CUST00884,2025-03-22 22:00:00,Debit,10818.61,Travel,UPI,Success,0,0,False,False,False,False,False
TXN0006323,CUST00460,2026-08-05 13:00:00,Debit,5896.47,Investment,Net Banking,Success,0,0,False,False,False,False,False
TXN0006324,CUST00232,2025-07-24 18:00:00,Credit,265.53,Investment,UPI,Success,0,0,False,False,False,False,False
TXN0006325,CUST01143,2026-03-07 22:00:00,Debit,3948.22,Entertainment,UPI,Success,0,0,False,False,False,False,False
TXN0006326,CUST00471,2025-12-25 15:00:00,Transfer,232.42,Shopping,Credit Card,Success,0,0,False,False,False,False,False
TXN0006327,CUST00312,2026-09-11 02:00:00,Debit,738.65,Groceries,UPI,Success,0,0,False,False,False,False,False
TXN0006328,CUST00853,2026-04-14 00:00:00,Debit,6261.42,Salary,Credit Card,Pending,0,0,False,False,False,False,False
TXN0006329,CUST00219,2025-03-06 19:00:00,Credit,3066.49,Travel,ATM,Failed,1,1,False,False,False,False,False
TXN0006330,CUST00175,2026-02-11 22:00:00,Transfer,1498.38,Healthcare,ATM,Success,0,0,False,False,False,False,False
TXN0006331,CUST00483,2025-12-13 06:00:00,Debit,2390.5,Travel,Credit Card,Success,0,0,False,False,False,False,False
TXN0006332,CUST00882,2025-09-04 00:00:00,Debit,2634.81,Investment,UPI,Success,0,1,False,False,False,False,False
TXN0006333,CUST00557,2025-09-02 19:00:00,Debit,544.56,Shopping,UPI,Success,1,0,False,False,False,False,False
TXN0006334,CUST00172,2026-04-14 07:00:00,Transfer,273.62,Investment,Debit Card,Success,0,0,False,False,False,False,False
TXN0006335,CUST00373,2025-04-21 09:00:00,Debit,0.0,Rent,UPI,Success,0,0,False,True,False,False,False
TXN0006336,CUST00554,2026-04-28 17:00:00,Debit,500.71,Salary,UPI,Success,0,0,False,False,False,False,False
TXN0006337,CUST01196,2025-05-25 17:00:00,Debit,1317.41,Rent,UPI,Success,0,0,False,False,False,False,False
TXN0006338,CUST01109,2025-02-21 22:00:00,Credit,1288.22,Food,ATM,Success,0,0,False,False,False,False,False
TXN0006339,CUST00910,2025-07-18 03:00:00,Debit,1961.87,Healthcare,Debit Card,Success,0,0,False,False,False,False,False
TXN0006340,CUST00423,2026-01-25 01:00:00,Credit,1555.55,Entertainment,Credit Card,Success,0,0,False,False,False,False,False
TXN0006341,CUST00182,2025-07-10 08:00:00,Credit,508.72,Travel,UPI,Success,0,0,False,False,False,False,False
TXN0006342,CUST00323,2025-08-13 19:00:00,Debit,2173.07,Salary,Debit Card,Success,0,0,False,False,False,False,False
TXN0006343,CUST01088,2026-06-02 19:00:00,Transfer,1309.46,Entertainment,Net Banking,Success,0,0,False,False,False,False,False
TXN0006344,CUST00193,2026-09-08 00:00:00,Debit,2500.48,Groceries,UPI,Success,0,0,False,False,False,False,False
TXN0006345,CUST00637,2025-12-22 06:00:00,Credit,853.08,Travel,Debit Card,Success,0,0,False,False,False,False,False
TXN0006346,CUST00065,2026-06-12 04:00:00,Credit,2582.07,Travel,Debit Card,Success,0,0,False,False,False,False,False
TXN0006347,CUST01100,2025-07-04 09:00:00,Debit,15927.15,Food,Credit Card,Success,0,0,False,False,False,False,True
TXN0006348,CUST00292,2026-09-13 04:00:00,Debit,657.21,Healthcare,Net Banking,Success,0,0,False,False,False,False,False
TXN0006349,CUST01070,2026-03-24 16:00:00,Credit,1225.12,Utilities,UPI,Success,0,0,False,False,False,False,False
TXN0006350,CUST00134,2025-06-05 11:00:00,Transfer,1658.85,Salary,Debit Card,Success,0,0,False,False,False,False,False
TXN0006351,CUST00136,2025-05-06 13:00:00,Transfer,1755.28,Rent,Net Banking,Success,0,0,False,False,False,False,False
TXN0006352,CUST00709,2025-08-19 23:00:00,Transfer,28803.72,Rent,Net Banking,Success,0,1,False,False,False,False,True
TXN0006353,CUST01179,2025-09-23 10:00:00,Credit,1578.95,Travel,UPI,Pending,0,0,False,False,False,False,False
TXN0006354,CUST01163,2026-08-21 21:00:00,Credit,5190.76,Unknown,UPI,Success,0,1,False,False,False,False,False
TXN0006355,CUST00003,2026-04-16 15:00:00,Transfer,1927.16,Unknown,Credit Card,Success,0,0,False,False,False,False,False
TXN0006356,CUST00441,2025-11-06 01:00:00,Transfer,748.58,Food,Debit Card,Failed,0,1,False,False,False,False,False
TXN0006357,CUST00409,2026-03-03 07:00:00,Debit,982.67,Investment,Debit Card,Failed,0,0,False,False,False,False,False
TXN0006358,CUST00739,2025-11-21 02:00:00,Transfer,1096.265,Travel,Debit Card,Success,1,0,False,False,False,True,False
TXN0006359,CUST01112,2026-09-20 09:00:00,Transfer,1051.62,Groceries,UPI,Success,0,0,False,False,False,False,False
TXN0006360,CUST00366,2026-04-18 05:00:00,Debit,1406.0,Investment,ATM,Success,0,0,False,False,False,False,False
TXN0006361,CUST00067,2025-02-02 15:00:00,Debit,1776.24,Investment,UPI,Success,0,1,False,False,False,False,False
TXN0006362,CUST01045,2026-08-22 11:00:00,Transfer,8973.74,Food,UPI,Success,0,0,False,False,False,False,False
TXN0006363,CUST00462,2025-10-12 08:00:00,Transfer,1891.31,Unknown,Credit Card,Success,1,0,False,False,False,False,False
TXN0006364,CUST00239,2025-01-29 00:00:00,Debit,2470.41,Food,Credit Card,Success,0,0,False,False,False,False,False
TXN0006365,CUST00273,2025-05-08 05:00:00,Debit,2819.4,Groceries,Net Banking,Success,0,0,False,False,False,False,False
TXN0006366,CUST00619,2026-02-04 08:00:00,Transfer,1011.17,Food,Debit Card,Success,0,1,False,False,False,False,False
TXN0006367,CUST00303,2025-07-11 20:00:00,Debit,98.07,Travel,Net Banking,Success,0,0,False,False,False,False,False
TXN0006368,CUST00425,2025-12-20 23:00:00,Transfer,3720.01,Shopping,UPI,Unknown,0,1,False,False,False,False,False
TXN0006369,CUST01091,2026-04-06 22:00:00,Transfer,3002.82,Rent,UPI,Failed,0,0,False,False,False,False,False
TXN0006370,CUST00255,2026-01-15 03:00:00,Debit,738.24,Shopping,Net Banking,Success,0,1,False,False,False,False,False
TXN0006371,CUST00033,2025-09-25 02:00:00,Credit,937.82,Entertainment,Debit Card,Success,0,0,False,False,False,False,False
TXN0006372,CUST00121,2026-04-13 23:00:00,Debit,833.13,Entertainment,ATM,Success,1,0,False,False,False,False,False
TXN0006373,CUST00858,2025-04-21 22:00:00,Credit,9688.31,Utilities,UPI,Failed,0,0,False,False,False,False,False
TXN0006374,CUST00920,2025-04-13 09:00:00,Debit,2266.77,Groceries,Debit Card,Success,0,1,False,False,False,False,False
TXN0006375,CUST00559,2026-03-06 02:00:00,Debit,927.61,Shopping,UPI,Success,0,1,False,False,False,False,False
TXN0006376,CUST00186,2025-07-03 19:00:00,Debit,2151.67,Healthcare,UPI,Success,0,0,False,False,False,False,False
TXN0006377,CUST00505,2025-10-07 04:00:00,Debit,4791.37,Shopping,UPI,Success,0,0,False,False,False,False,False
TXN0006378,CUST00155,2025-12-22 00:00:00,Credit,1313.1,Groceries,UPI,Success,0,1,False,False,False,False,False
TXN0006379,CUST00057,2025-08-17 08:00:00,Transfer,1912.43,Healthcare,UPI,Pending,1,1,False,False,False,False,False
TXN0006380,CUST00018,2025-08-10 14:00:00,Credit,1005.46,Salary,ATM,Success,0,0,False,False,False,False,False
TXN0006381,CUST00762,2025-02-24 00:00:00,Debit,4205.02,Shopping,Debit Card,Success,0,0,False,False,False,False,False
TXN0006382,CUST00447,2026-07-08 19:00:00,Debit,702.42,Investment,UPI,Success,0,0,False,False,False,False,False
TXN0006383,CUST00606,2026-02-09 13:00:00,Credit,897.75,Travel,ATM,Success,0,1,False,False,False,False,False
TXN0006384,CUST00387,2026-02-12 15:00:00,Debit,1387.2,Groceries,Debit Card,Success,0,0,False,False,False,False,False
TXN0006385,CUST00331,2026-02-02 17:00:00,Credit,3766.38,Utilities,UPI,Success,0,0,False,False,False,False,False
TXN0006386,CUST00850,2025-05-14 14:00:00,Debit,4074.39,Salary,UPI,Success,0,1,False,False,False,False,False
TXN0006387,CUST01113,2026-01-18 20:00:00,Debit,1707.98,Healthcare,UPI,Success,1,0,False,False,False,False,False
TXN0006388,CUST00370,2025-05-07 15:00:00,Debit,2522.88,Rent,Credit Card,Success,0,0,False,False,False,False,False
TXN0006389,CUST01006,2025-12-12 06:00:00,Debit,1915.2,Rent,Debit Card,Success,0,0,False,False,False,False,False
TXN0006390,CUST01161,2026-02-11 12:00:00,Debit,1588.91,Healthcare,Net Banking,Success,0,1,False,False,False,False,False
TXN0006391,CUST00653,2025-06-08 04:00:00,Credit,5964.37,Shopping,UPI,Success,0,0,False,False,False,False,False
TXN0006392,CUST00940,2025-07-03 02:00:00,Debit,1091.11,Rent,UPI,Failed,0,0,False,False,False,False,False
TXN0006393,CUST00472,2025-12-06 12:00:00,Transfer,1187.94,Groceries,UPI,Failed,0,0,False,False,False,False,False
TXN0006394,CUST00391,2025-12-05 00:00:00,Debit,811.65,Shopping,UPI,Success,0,1,False,False,False,False,False
TXN0006395,CUST00043,2025-12-02 12:00:00,Debit,1919.8,Rent,Debit Card,Failed,0,0,False,False,False,False,False
TXN0006396,CUST00511,2026-01-12 20:00:00,Credit,919.02,Salary,UPI,Success,0,0,False,False,False,False,False
TXN0006397,CUST00499,2026-06-08 02:00:00,Debit,1711.49,Rent,UPI,Success,0,0,False,False,False,False,False
TXN0006398,CUST01061,2026-01-24 16:00:00,Credit,183.98,Entertainment,Net Banking,Success,0,0,False,False,False,False,False
TXN0006399,CUST00111,2025-02-06 17:00:00,Transfer,767.09,Investment,Credit Card,Success,0,2,False,False,False,False,False
TXN0006400,CUST00195,2026-04-30 20:00:00,Debit,4506.12,Salary,Credit Card,Success,0,0,False,False,False,False,False
TXN0006401,CUST00893,2026-03-30 14:00:00,Debit,700.83,Utilities,Net Banking,Success,0,1,False,False,False,False,False
TXN0006402,CUST00756,2025-12-15 20:00:00,Debit,916.3,Salary,Net Banking,Unknown,0,0,False,False,False,False,False
TXN0006403,CUST00060,2025-07-16 00:00:00,Transfer,300.71,Entertainment,Credit Card,Success,0,1,False,False,False,False,False
TXN0006404,CUST00917,2025-06-03 02:00:00,Transfer,1436.34,Shopping,Debit Card,Success,0,0,False,False,False,False,False
TXN0006405,CUST00041,2026-09-08 13:00:00,Debit,211.32,Entertainment,ATM,Pending,0,0,False,False,False,False,False
TXN0006406,CUST01054,2025-09-23 21:00:00,Credit,2379.25,Investment,Debit Card,Success,0,0,False,False,False,False,False
TXN0006407,CUST00047,2025-08-24 15:00:00,Credit,-1.0,Healthcare,Credit Card,Success,0,0,True,False,False,False,False
TXN0006408,CUST00162,2025-08-06 23:00:00,Transfer,155.32,Salary,ATM,Failed,0,0,False,False,False,False,False
TXN0006409,CUST00201,2026-05-09 22:00:00,Debit,2007.87,Entertainment,UPI,Success,0,0,False,False,False,False,False
TXN0006410,CUST00604,2026-05-06 09:00:00,Debit,3260.42,Food,Debit Card,Failed,1,0,False,False,False,False,False
TXN0006411,CUST01136,2025-02-02 17:00:00,Transfer,227.83,Healthcare,UPI,Success,0,0,False,False,False,False,False
TXN0006412,CUST00294,2025-03-23 16:00:00,Debit,3415.8,Rent,UPI,Failed,0,0,False,False,False,False,False
TXN0006413,CUST00149,2025-04-03 15:00:00,Credit,363.24,Investment,Net Banking,Success,0,1,False,False,False,False,False
TXN0006414,CUST00692,2026-08-14 17:00:00,Credit,2052.71,Utilities,Credit Card,Success,0,0,False,False,False,False,False
TXN0006415,CUST00930,2025-02-23 11:00:00,Transfer,1430.4,Salary,Debit Card,Success,0,0,False,False,False,False,False
TXN0006416,CUST00583,2025-04-27 13:00:00,Debit,2492.69,Shopping,UPI,Success,0,0,False,False,False,False,False
TXN0006417,CUST00829,2026-02-22 22:00:00,Transfer,722.44,Food,Debit Card,Success,0,0,False,False,False,False,False
TXN0006418,CUST00380,2025-05-07 19:00:00,Credit,211.33,Travel,Net Banking,Success,0,0,False,False,False,False,False
TXN0006419,CUST00698,2026-06-28 05:00:00,Debit,61.73,Entertainment,UPI,Success,0,0,False,False,False,False,False
TXN0006420,CUST00398,2025-05-29 19:00:00,Credit,3588.66,Salary,Debit Card,Success,0,2,False,False,False,False,False
TXN0006421,CUST00434,2026-07-24 09:00:00,Debit,3308.34,Utilities,Debit Card,Success,0,2,False,False,False,False,False
TXN0006422,CUST00424,2026-03-30 03:00:00,Debit,1364.54,Investment,Debit Card,Success,0,1,False,False,False,False,False
TXN0006423,CUST00275,2025-07-15 17:00:00,Debit,899.58,Rent,Debit Card,Success,0,2,False,False,False,False,False
TXN0006424,CUST00259,2025-12-07 04:00:00,Debit,462.05,Travel,Debit Card,Success,0,0,False,False,False,False,False
TXN0006425,CUST01025,2025-09-08 22:00:00,Debit,1167.68,Investment,UPI,Success,0,0,False,False,False,False,False
TXN0006426,CUST01044,2026-03-03 10:00:00,Transfer,1458.13,Healthcare,Debit Card,Success,0,0,False,False,False,False,False
TXN0006427,CUST00251,2025-06-09 01:00:00,Credit,3170.88,Entertainment,Unknown,Success,0,0,False,False,False,False,False
TXN0006428,CUST00957,2025-04-04 02:00:00,Debit,277.12,Salary,ATM,Failed,0,0,False,False,False,False,False
TXN0006429,CUST00501,2025-06-07 19:00:00,Debit,499.05,Food,Debit Card,Success,0,3,False,False,False,False,False
TXN0006430,CUST00149,2026-08-18 12:00:00,Transfer,404.65,Entertainment,UPI,Failed,0,2,False,False,False,False,False
TXN0006431,CUST00970,2025-11-23 16:00:00,Transfer,1800.26,Shopping,UPI,Success,0,0,False,False,False,False,False
TXN0006432,CUST00084,2025-04-07 21:00:00,Debit,2673.48,Food,UPI,Pending,1,0,False,False,False,False,False
TXN0006433,CUST01107,2025-10-21 10:00:00,Transfer,1476.42,Rent,UPI,Success,0,1,False,False,False,False,False
TXN0006434,CUST00043,2025-04-28 09:00:00,Debit,1056.96,Travel,UPI,Success,0,0,False,False,False,False,False
TXN0006435,CUST00018,2025-01-26 04:00:00,Debit,435.73,Entertainment,UPI,Success,0,0,False,False,False,False,False
TXN0006436,CUST00567,2026-06-07 19:00:00,Credit,4990.6,Food,Credit Card,Success,0,0,False,False,False,False,False
TXN0006437,CUST00446,2025-10-20 21:00:00,Debit,1021.42,Salary,Debit Card,Success,0,0,False,False,False,False,False
TXN0006438,CUST00495,2025-11-10 03:00:00,Debit,1809.81,Salary,Net Banking,Success,0,0,False,False,False,False,False
TXN0006439,CUST00130,2026-01-13 20:00:00,Transfer,4023.41,Rent,UPI,Success,0,1,False,False,False,False,False
TXN0006440,CUST00228,2025-07-04 04:00:00,Debit,561.32,Groceries,UPI,Success,0,0,False,False,False,False,False
TXN0006441,CUST01182,2026-01-02 11:00:00,Credit,0.0,Healthcare,Debit Card,Success,0,0,False,True,False,False,False
TXN0006442,CUST00117,2026-06-14 02:00:00,Credit,2030.46,Utilities,Debit Card,Success,0,2,False,False,False,False,False
TXN0006443,CUST00032,2025-06-23 23:00:00,Credit,515.54,Salary,Debit Card,Success,0,0,False,False,False,False,False
TXN0006444,CUST00878,2026-01-27 08:00:00,Debit,280.25,Food,UPI,Success,0,0,False,False,False,False,False
TXN0006445,CUST00408,2025-07-15 04:00:00,Transfer,1124.46,Entertainment,Credit Card,Success,0,0,False,False,False,False,False
TXN0006446,CUST00129,2026-04-12 17:00:00,Debit,4265.25,Rent,ATM,Success,0,0,False,False,False,False,False
TXN0006447,CUST01160,2025-09-02 13:00:00,Debit,1027.65,Rent,ATM,Failed,0,0,False,False,False,False,False
TXN0006448,CUST01085,2026-06-01 08:00:00,Transfer,398.9,Food,Debit Card,Success,0,2,False,False,False,False,False
TXN0006449,CUST00480,2026-06-05 05:00:00,Credit,267.15,Entertainment,Debit Card,Success,0,0,False,False,False,False,False
TXN0006450,CUST00799,2025-05-14 21:00:00,Debit,6653.5,Shopping,Net Banking,Success,0,2,False,False,False,False,False
TXN0006451,CUST00473,2025-01-17 13:00:00,Debit,816.22,Salary,ATM,Success,0,0,False,False,False,False,False
TXN0006452,CUST00760,2025-04-07 22:00:00,Debit,531.35,Investment,Debit Card,Success,0,0,False,False,False,False,False
TXN0006453,CUST00328,2026-03-30 11:00:00,Debit,3208.44,Utilities,Credit Card,Success,0,0,False,False,False,False,False
TXN0006454,CUST00932,2025-12-22 21:00:00,Debit,2936.98,Travel,Debit Card,Success,0,0,False,False,False,False,False
TXN0006455,CUST00286,2025-12-03 04:00:00,Debit,2104.94,Rent,ATM,Success,0,0,False,False,False,False,False
TXN0006456,CUST00620,2025-01-30 16:00:00,Debit,1593.43,Investment,Credit Card,Pending,0,1,False,False,False,False,False
TXN0006457,CUST00533,2025-05-30 19:00:00,Transfer,692.26,Salary,Unknown,Success,0,0,False,False,False,False,False
TXN0006458,CUST00446,2025-06-22 15:00:00,Credit,1094.55,Groceries,ATM,Success,0,0,False,False,False,False,False
TXN0006459,CUST00578,2025-05-02 20:00:00,Credit,1918.17,Investment,UPI,Success,0,0,False,False,False,False,False
TXN0006460,CUST00247,2025-09-21 10:00:00,Debit,1369.06,Groceries,Credit Card,Success,0,0,False,False,False,False,False
TXN0006461,CUST00059,2026-03-29 22:00:00,Debit,429.52,Shopping,Credit Card,Success,0,1,False,False,False,False,False
TXN0006462,CUST00162,2026-09-22 21:00:00,Debit,5007.57,Travel,Net Banking,Success,0,0,False,False,False,False,False
TXN0006463,CUST00829,2025-08-28 18:00:00,Debit,530.5,Investment,Credit Card,Success,0,0,False,False,False,False,False
TXN0006464,CUST01026,2025-10-08 08:00:00,Debit,499.8,Investment,UPI,Success,0,0,False,False,False,False,False
TXN0006465,CUST00899,2026-07-24 16:00:00,Credit,824.81,Shopping,Debit Card,Success,1,0,False,False,False,False,False
TXN0006466,CUST01075,2025-09-09 16:00:00,Credit,77.18,Travel,Credit Card,Success,0,3,False,False,False,False,False
TXN0006467,CUST00213,2025-07-30 08:00:00,Credit,370.7,Travel,UPI,Success,0,0,False,False,False,False,False
TXN0006468,CUST00004,2025-04-05 21:00:00,Transfer,1299.31,Investment,UPI,Success,0,0,False,False,False,False,False
TXN0006469,CUST00514,2025-08-31 05:00:00,Debit,3456.02,Groceries,Credit Card,Success,0,0,False,False,False,False,False
TXN0006470,CUST01163,2026-05-24 17:00:00,Debit,1097.62,Groceries,UPI,Success,0,0,False,False,False,False,False
TXN0006471,CUST00027,2025-09-21 01:00:00,Debit,1874.74,Shopping,UPI,Unknown,0,1,False,False,False,False,False
TXN0006472,CUST00214,2026-02-01 13:00:00,Credit,794.51,Travel,UPI,Success,0,0,False,False,False,False,False
TXN0006473,,2025-02-19 06:00:00,Transfer,3360.29,Travel,UPI,Success,0,1,False,False,True,False,False
TXN0006474,CUST00395,2025-06-20 19:00:00,Debit,124.64,Salary,Unknown,Success,0,2,False,False,False,False,False
TXN0006475,CUST00556,2025-02-15 13:00:00,Credit,1134.83,Groceries,Net Banking,Success,0,0,False,False,False,False,False
TXN0006476,CUST00484,2025-05-12 09:00:00,Debit,430.46,Utilities,UPI,Success,0,1,False,False,False,False,False
TXN0006477,CUST00813,2025-07-09 11:00:00,Credit,1431.03,Rent,UPI,Pending,0,1,False,False,False,False,False
TXN0006478,CUST00064,2026-08-31 06:00:00,Transfer,1337.27,Utilities,ATM,Success,0,0,False,False,False,False,False
TXN0006479,CUST01188,2026-01-13 05:00:00,Credit,509.75,Utilities,UPI,Success,0,0,False,False,False,False,False
TXN0006480,CUST00257,2026-09-27 02:00:00,Debit,374.88,Salary,ATM,Failed,0,0,False,False,False,False,False
TXN0006481,CUST00044,2025-02-03 21:00:00,Debit,136.3,Salary,Net Banking,Success,0,0,False,False,False,False,False
TXN0006482,CUST00727,2025-01-31 21:00:00,Credit,3160.16,Healthcare,UPI,Success,0,0,False,False,False,False,False
TXN0006483,CUST00024,2026-01-03 11:00:00,Debit,3518.51,Entertainment,Net Banking,Success,0,0,False,False,False,False,False
TXN0006484,CUST00476,2025-05-09 10:00:00,Transfer,809.42,Entertainment,Credit Card,Pending,0,0,False,False,False,False,False
TXN0006485,CUST00473,2025-07-15 13:00:00,Debit,591.74,Groceries,UPI,Success,0,0,False,False,False,False,False
TXN0006486,CUST00659,2026-05-11 04:00:00,Debit,118.85,Entertainment,UPI,Success,0,0,False,False,False,False,False
TXN0006487,CUST00874,2026-09-18 15:00:00,Credit,1934.03,Investment,UPI,Failed,0,0,False,False,False,False,False
TXN0006488,CUST00163,2025-08-07 00:00:00,Transfer,628.56,Rent,Credit Card,Success,0,0,False,False,False,False,False
TXN0006489,CUST00200,2026-01-12 23:00:00,Transfer,78.2,Salary,UPI,Success,0,0,False,False,False,False,False
TXN0006490,CUST01088,2025-08-06 14:00:00,Debit,5011.74,Shopping,UPI,Success,0,0,False,False,False,False,False
TXN0006491,CUST00717,2025-11-08 06:00:00,Transfer,1425.24,Utilities,Debit Card,Success,0,0,False,False,False,False,False
TXN0006492,CUST01117,2025-02-03 08:00:00,Credit,1720.06,Shopping,Net Banking,Failed,0,0,False,False,False,False,False
TXN0006493,CUST00664,2026-09-05 00:00:00,Debit,149.11,Rent,UPI,Failed,0,0,False,False,False,False,False
TXN0006494,CUST00275,2026-09-03 23:00:00,Debit,665.03,Shopping,UPI,Success,0,0,False,False,False,False,False
TXN0006495,CUST00870,2026-01-08 18:00:00,Transfer,767.89,Salary,UPI,Success,1,0,False,False,False,False,False
TXN0006496,CUST00335,2025-02-04 06:00:00,Transfer,1510.28,Entertainment,Unknown,Success,1,0,False,False,False,False,False
TXN0006497,CUST00392,2025-08-15 12:00:00,Debit,1491.01,Investment,Debit Card,Success,0,0,False,False,False,False,False
TXN0006498,CUST00343,2026-06-23 05:00:00,Transfer,3796.89,Entertainment,Debit Card,Success,0,0,False,False,False,False,False
TXN0006499,CUST00670,2026-09-21 04:00:00,Transfer,754.78,Investment,UPI,Success,0,0,False,False,False,False,False
TXN0006500,CUST00687,2025-01-31 04:00:00,Debit,1923.99,Entertainment,UPI,Success,0,0,False,False,False,False,False
TXN0006501,CUST00436,2025-06-08 12:00:00,Credit,5034.56,Groceries,Net Banking,Success,0,0,False,False,False,False,False
TXN0006502,CUST00527,2025-10-19 00:00:00,Debit,1689.12,Healthcare,Debit Card,Unknown,0,0,False,False,False,False,False
TXN0006503,CUST00030,2026-02-09 17:00:00,Debit,290.26,Utilities,Credit Card,Success,0,0,False,False,False,False,False
TXN0006504,CUST00871,2026-02-11 00:00:00,Debit,421.13,Food,Debit Card,Success,1,0,False,False,False,False,False
TXN0006505,CUST00671,2026-04-09 23:00:00,Debit,1847.34,Investment,ATM,Success,0,1,False,False,False,False,False
TXN0006506,CUST00828,2025-12-15 00:00:00,Credit,5195.62,Food,UPI,Success,0,0,False,False,False,False,False
TXN0006507,CUST00723,2026-09-02 11:00:00,Debit,1088.39,Travel,ATM,Success,0,0,False,False,False,False,False
TXN0006508,CUST00241,2025-11-17 04:00:00,Debit,1465.31,Salary,UPI,Success,0,0,False,False,False,False,False
TXN0006509,CUST00576,2025-03-11 18:00:00,Debit,282.04,Investment,ATM,Success,0,0,False,False,False,False,False
TXN0006510,CUST00366,2026-09-25 11:00:00,Debit,379.48,Rent,UPI,Pending,0,1,False,False,False,False,False
TXN0006511,CUST01114,2026-04-14 00:00:00,Transfer,8333.97,Investment,Credit Card,Success,0,0,False,False,False,False,False
TXN0006512,CUST00540,2025-09-24 00:00:00,Debit,1331.82,Rent,UPI,Success,0,1,False,False,False,False,False
TXN0006513,CUST00663,2025-12-15 18:00:00,Transfer,3298.52,Entertainment,UPI,Pending,0,0,False,False,False,False,False
TXN0006514,CUST00786,2025-08-18 22:00:00,Credit,3820.68,Utilities,UPI,Success,0,0,False,False,False,False,False
TXN0006515,CUST00613,2026-01-28 17:00:00,Transfer,3769.17,Investment,UPI,Success,0,0,False,False,False,False,False
TXN0006516,CUST00121,2025-02-09 21:00:00,Transfer,1436.64,Food,Net Banking,Success,0,0,False,False,False,False,False
TXN0006517,CUST00925,2026-02-22 07:00:00,Transfer,4007.8,Shopping,Net Banking,Success,0,0,False,False,False,False,False
TXN0006518,CUST00745,2025-12-12 16:00:00,Transfer,1051.27,Healthcare,UPI,Success,0,0,False,False,False,False,False
TXN0006519,CUST00783,2026-03-12 18:00:00,Transfer,5846.71,Salary,UPI,Success,0,0,False,False,False,False,False
TXN0006520,CUST00615,2025-02-23 22:00:00,Transfer,238.05,Salary,UPI,Success,0,1,False,False,False,False,False
TXN0006521,CUST01012,2026-02-19 19:00:00,Debit,1649.27,Entertainment,Debit Card,Success,0,1,False,False,False,False,False
TXN0006522,CUST00267,2025-01-13 19:00:00,Transfer,574.48,Shopping,UPI,Success,0,1,False,False,False,False,False
TXN0006523,CUST00752,2025-04-27 22:00:00,Credit,1545.26,Food,UPI,Success,0,1,False,False,False,False,False
TXN0006524,CUST01015,2025-05-28 03:00:00,Debit,157.39,Food,UPI,Failed,0,1,False,False,False,False,False
TXN0006525,CUST00611,2025-12-29 13:00:00,Debit,1615.27,Travel,Debit Card,Success,0,0,False,False,False,False,False
TXN0006526,CUST00366,2026-05-19 22:00:00,Transfer,1701.65,Groceries,ATM,Success,0,0,False,False,False,False,False
TXN0006527,CUST00103,2025-01-06 23:00:00,Debit,1112.96,Investment,Debit Card,Success,0,0,False,False,False,False,False
TXN0006528,CUST00098,2025-01-26 20:00:00,Credit,271.07,Travel,Net Banking,Success,0,0,False,False,False,False,False
TXN0006529,CUST00956,2026-07-23 14:00:00,Credit,437.52,Travel,Credit Card,Success,0,0,False,False,False,False,False
TXN0006530,CUST00486,2025-04-04 08:00:00,Debit,765.19,Shopping,Debit Card,Success,0,1,False,False,False,False,False
TXN0006531,CUST00196,2025-05-13 12:00:00,Debit,875.68,Healthcare,Credit Card,Success,0,0,False,False,False,False,False
TXN0006532,CUST00433,2025-08-21 14:00:00,Transfer,1861.47,Rent,UPI,Success,0,0,False,False,False,False,False
TXN0006533,CUST00427,2025-04-11 02:00:00,Debit,1617.94,Utilities,UPI,Success,0,0,False,False,False,False,False
TXN0006534,CUST00187,2025-05-14 09:00:00,Credit,664.47,Salary,Debit Card,Success,0,1,False,False,False,False,False
TXN0006535,CUST00881,2026-06-17 02:00:00,Transfer,1217.68,Shopping,Credit Card,Success,0,0,False,False,False,False,False
TXN0006536,CUST00649,2026-09-18 12:00:00,Debit,1140.11,Food,Credit Card,Success,0,0,False,False,False,False,False
TXN0006537,CUST00560,2026-09-28 12:00:00,Credit,1938.24,Food,UPI,Success,0,0,False,False,False,False,False
TXN0006538,CUST01121,2026-02-08 14:00:00,Transfer,699.93,Food,UPI,Success,0,1,False,False,False,False,False
TXN0006539,CUST00198,2025-07-07 17:00:00,Transfer,2820.99,Healthcare,Debit Card,Success,0,0,False,False,False,False,False
TXN0006540,CUST00727,2026-07-26 01:00:00,Debit,539.7,Travel,UPI,Success,0,0,False,False,False,False,False
TXN0006541,CUST00655,2026-07-25 09:00:00,Transfer,26628.01,Shopping,Net Banking,Success,1,0,False,False,False,False,True
TXN0006542,CUST00129,2025-04-01 18:00:00,Debit,303.59,Salary,ATM,Success,0,0,False,False,False,False,False
TXN0006543,CUST00109,2025-01-17 05:00:00,Debit,1627.69,Groceries,UPI,Success,0,1,False,False,False,False,False
TXN0006544,CUST00960,2026-09-04 14:00:00,Transfer,1195.53,Salary,Debit Card,Success,0,0,False,False,False,False,False
TXN0006545,CUST00862,2026-07-18 01:00:00,Debit,509.49,Investment,UPI,Success,0,0,False,False,False,False,False
TXN0006546,CUST00063,2026-03-27 05:00:00,Transfer,542.02,Shopping,UPI,Success,0,0,False,False,False,False,False
TXN0006547,CUST00408,2026-02-10 11:00:00,Debit,2974.83,Travel,UPI,Success,0,1,False,False,False,False,False
TXN0006548,CUST00455,2025-07-03 04:00:00,Credit,1529.83,Investment,UPI,Success,0,0,False,False,False,False,False
TXN0006549,CUST00053,2026-08-27 06:00:00,Debit,4205.47,Food,UPI,Failed,0,0,False,False,False,False,False
TXN0006550,CUST00425,2026-08-30 04:00:00,Credit,905.18,Groceries,Net Banking,Success,0,1,False,False,False,False,False
TXN0006551,CUST01033,2025-04-04 07:00:00,Transfer,2069.06,Travel,Debit Card,Success,0,0,False,False,False,False,False
TXN0006552,CUST00025,2025-03-21 03:00:00,Credit,1632.62,Rent,UPI,Success,0,0,False,False,False,False,False
TXN0006553,CUST00040,2026-03-01 23:00:00,Debit,1247.4,Investment,Debit Card,Success,0,0,False,False,False,False,False
TXN0006554,CUST00920,2026-08-12 10:00:00,Debit,895.41,Healthcare,UPI,Success,0,0,False,False,False,False,False
TXN0006555,CUST00237,2025-11-28 23:00:00,Debit,211.11,Utilities,Net Banking,Success,0,0,False,False,False,False,False
TXN0006556,CUST01025,2025-08-09 16:00:00,Debit,4231.88,Travel,UPI,Success,0,0,False,False,False,False,False
TXN0006557,CUST00393,2025-04-06 19:00:00,Transfer,562.38,Utilities,UPI,Success,0,1,False,False,False,False,False
TXN0006558,CUST00624,2025-03-21 03:00:00,Debit,193.52,Healthcare,Net Banking,Success,0,0,False,False,False,False,False
TXN0006559,CUST01068,2026-06-15 04:00:00,Debit,336.7,Groceries,Debit Card,Success,0,2,False,False,False,False,False
TXN0006560,CUST01088,2025-03-12 18:00:00,Debit,4438.87,Travel,Debit Card,Success,0,0,False,False,False,False,False
TXN0006561,CUST00228,2026-09-18 13:00:00,Debit,4802.53,Shopping,UPI,Success,0,0,False,False,False,False,False
TXN0006562,CUST01032,2026-08-26 09:00:00,Debit,256.21,Travel,Net Banking,Success,0,0,False,False,False,False,False
TXN0006563,CUST00204,2026-06-01 16:00:00,Transfer,4322.7,Food,Debit Card,Success,0,1,False,False,False,False,False
TXN0006564,CUST00991,2025-08-05 17:00:00,Transfer,1753.69,Shopping,UPI,Success,0,0,False,False,False,False,False
TXN0006565,CUST00756,2026-03-15 23:00:00,Debit,1571.79,Travel,UPI,Success,0,0,False,False,False,False,False
TXN0006566,CUST00414,2025-12-05 01:00:00,Credit,1825.1,Salary,UPI,Failed,0,0,False,False,False,False,False
TXN0006567,CUST01129,2025-09-03 02:00:00,Credit,-1.0,Food,Credit Card,Pending,0,0,True,False,False,False,False
TXN0006568,CUST00124,2026-01-11 22:00:00,Credit,1008.49,Investment,UPI,Success,1,0,False,False,False,False,False
TXN0006569,CUST00184,2026-09-16 02:00:00,Credit,697.34,Healthcare,Debit Card,Failed,0,0,False,False,False,False,False
TXN0006570,CUST00041,2026-05-28 06:00:00,Debit,246.28,Salary,Net Banking,Success,0,0,False,False,False,False,False
TXN0006571,CUST00751,2025-03-01 12:00:00,Debit,1073.75,Food,UPI,Success,1,1,False,False,False,False,False
TXN0006572,CUST01113,2025-02-03 12:00:00,Debit,633.35,Salary,UPI,Failed,0,0,False,False,False,False,False
TXN0006573,CUST01026,2026-03-18 00:00:00,Credit,530.32,Utilities,Net Banking,Success,0,0,False,False,False,False,False
TXN0006574,CUST00674,2025-07-05 05:00:00,Transfer,3002.65,Entertainment,UPI,Success,0,0,False,False,False,False,False
TXN0006575,CUST00116,2025-11-18 06:00:00,Credit,751.46,Shopping,UPI,Success,0,0,False,False,False,False,False
TXN0006576,CUST01063,2026-03-05 09:00:00,Debit,3416.19,Salary,Net Banking,Success,0,1,False,False,False,False,False
TXN0006577,CUST00850,2026-04-16 22:00:00,Credit,865.56,Shopping,UPI,Success,0,2,False,False,False,False,False
TXN0006578,CUST00564,2025-02-22 13:00:00,Transfer,8484.61,Groceries,UPI,Success,0,1,False,False,False,False,False
TXN0006579,CUST00501,2025-08-03 16:00:00,Transfer,864.2,Shopping,UPI,Success,0,0,False,False,False,False,False
TXN0006580,CUST00441,2026-01-04 12:00:00,Credit,117.55,Rent,ATM,Success,0,1,False,False,False,False,False
TXN0006581,CUST00968,2026-08-14 22:00:00,Credit,974.47,Rent,UPI,Success,0,0,False,False,False,False,False
TXN0006582,CUST00281,2026-07-16 00:00:00,Transfer,653.89,Food,Credit Card,Success,0,0,False,False,False,False,False
TXN0006583,CUST00581,2026-03-21 15:00:00,Transfer,2345.47,Food,UPI,Success,0,1,False,False,False,False,False
TXN0006584,CUST01002,2025-06-11 08:00:00,Transfer,3868.59,Healthcare,UPI,Success,0,0,False,False,False,False,False
TXN0006585,CUST00508,2025-03-29 15:00:00,Credit,602.07,Salary,Net Banking,Pending,0,0,False,False,False,False,False
TXN0006586,CUST00786,2025-11-09 03:00:00,Credit,984.75,Entertainment,UPI,Failed,0,1,False,False,False,False,False
TXN0006587,CUST00144,2025-01-14 19:00:00,Debit,1192.03,Entertainment,ATM,Success,0,0,False,False,False,False,False
TXN0006588,CUST00941,2026-08-13 05:00:00,Credit,953.58,Shopping,Debit Card,Success,0,1,False,False,False,False,False
TXN0006589,CUST00308,2026-09-02 15:00:00,Transfer,1880.39,Food,Net Banking,Success,0,0,False,False,False,False,False
TXN0006590,CUST00350,2026-08-13 05:00:00,Transfer,373.27,Shopping,UPI,Success,0,2,False,False,False,False,False
TXN0006591,CUST01060,2025-03-11 01:00:00,Transfer,731.5,Shopping,UPI,Success,1,0,False,False,False,False,False
TXN0006592,CUST00475,2025-05-07 21:00:00,Credit,134.2,Utilities,Net Banking,Success,0,0,False,False,False,False,False
TXN0006593,CUST00626,2025-02-11 09:00:00,Transfer,2471.7,Healthcare,Net Banking,Success,0,0,False,False,False,False,False
TXN0006594,CUST00575,2025-07-27 14:00:00,Debit,185.53,Rent,UPI,Success,0,0,False,False,False,False,False
TXN0006595,CUST00445,2026-07-15 01:00:00,Credit,496.01,Entertainment,UPI,Success,0,0,False,False,False,False,False
TXN0006596,CUST00752,2025-04-11 03:00:00,Transfer,1486.12,Food,UPI,Success,0,1,False,False,False,False,False
TXN0006597,CUST00876,2026-08-17 22:00:00,Transfer,997.45,Entertainment,UPI,Success,1,0,False,False,False,False,False
TXN0006598,CUST01073,2025-06-15 20:00:00,Transfer,2393.96,Entertainment,UPI,Success,0,0,False,False,False,False,False
TXN0006599,CUST00928,2025-02-14 14:00:00,Transfer,1716.1,Utilities,Credit Card,Success,1,1,False,False,False,False,False
TXN0006600,CUST01006,2026-03-16 06:00:00,Credit,236.63,Groceries,Debit Card,Success,0,0,False,False,False,False,False
TXN0006601,CUST00895,2026-03-02 07:00:00,Debit,2643.01,Healthcare,ATM,Success,0,0,False,False,False,False,False
TXN0006602,CUST00217,2026-03-18 13:00:00,Debit,1096.265,Groceries,UPI,Success,0,0,False,False,False,True,False
TXN0006603,CUST00037,2025-03-09 14:00:00,Credit,4248.99,Rent,Unknown,Success,0,2,False,False,False,False,False
TXN0006604,CUST00097,2025-10-12 06:00:00,Debit,514.29,Shopping,UPI,Success,0,0,False,False,False,False,False
TXN0006605,CUST00651,2025-11-21 13:00:00,Debit,1807.28,Groceries,UPI,Success,1,0,False,False,False,False,False
TXN0006606,CUST00670,2025-04-29 02:00:00,Debit,1547.21,Travel,Unknown,Success,0,1,False,False,False,False,False
TXN0006607,CUST00270,2026-02-23 21:00:00,Credit,220.18,Travel,UPI,Success,0,0,False,False,False,False,False
TXN0006608,CUST00909,2025-07-11 21:00:00,Debit,100.4,Food,Net Banking,Success,0,0,False,False,False,False,False
TXN0006609,CUST00696,2025-06-19 00:00:00,Debit,4938.89,Shopping,Debit Card,Success,0,0,False,False,False,False,False
TXN0006610,CUST00208,2026-01-12 16:00:00,Debit,618.74,Salary,Credit Card,Pending,0,0,False,False,False,False,False
TXN0006611,,2025-10-27 23:00:00,Credit,486.45,Shopping,Debit Card,Success,0,1,False,False,True,False,False
TXN0006612,CUST00680,2025-04-23 03:00:00,Credit,334.54,Healthcare,UPI,Success,0,0,False,False,False,False,False
TXN0006613,CUST00193,2025-12-08 06:00:00,Debit,2403.14,Shopping,Net Banking,Success,0,0,False,False,False,False,False
TXN0006614,CUST00003,2026-06-04 00:00:00,Transfer,1047.01,Healthcare,ATM,Success,0,0,False,False,False,False,False
TXN0006615,CUST00680,2025-12-23 11:00:00,Debit,-100.0,Utilities,UPI,Success,0,1,True,False,False,False,False
TXN0006616,CUST00824,2026-09-11 12:00:00,Debit,1526.22,Groceries,UPI,Success,0,0,False,False,False,False,False
TXN0006617,CUST00350,2026-01-18 09:00:00,Transfer,2746.84,Salary,UPI,Success,0,0,False,False,False,False,False
TXN0006618,CUST00459,2026-07-21 13:00:00,Credit,964.77,Healthcare,UPI,Success,0,1,False,False,False,False,False
TXN0006619,CUST00607,2025-03-29 20:00:00,Debit,1207.12,Investment,Debit Card,Success,0,1,False,False,False,False,False
TXN0006620,CUST00500,2025-01-09 09:00:00,Debit,3383.09,Shopping,ATM,Success,0,0,False,False,False,False,False
TXN0006621,CUST00054,2026-01-12 13:00:00,Transfer,573.19,Shopping,UPI,Success,0,0,False,False,False,False,False
TXN0006622,CUST00643,2025-04-03 05:00:00,Debit,1351.42,Healthcare,Net Banking,Failed,0,1,False,False,False,False,False
TXN0006623,CUST00407,2025-11-06 13:00:00,Debit,732.4,Healthcare,ATM,Pending,0,0,False,False,False,False,False
TXN0006624,CUST00495,2025-10-04 11:00:00,Debit,3237.38,Salary,UPI,Success,0,0,False,False,False,False,False
TXN0006625,CUST00413,2025-10-02 16:00:00,Transfer,1268.46,Healthcare,Debit Card,Success,0,1,False,False,False,False,False
TXN0006626,CUST00967,2025-03-12 14:00:00,Credit,1047.45,Utilities,UPI,Pending,0,0,False,False,False,False,False
TXN0006627,CUST00440,2025-09-28 12:00:00,Debit,7677.04,Investment,UPI,Success,0,0,False,False,False,False,False
TXN0006628,CUST00733,2026-03-13 02:00:00,Transfer,5592.46,Salary,Credit Card,Success,0,0,False,False,False,False,False
TXN0006629,CUST00075,2025-02-14 20:00:00,Transfer,165.88,Shopping,UPI,Success,0,0,False,False,False,False,False
TXN0006630,CUST01062,2025-10-17 09:00:00,Credit,856.5,Healthcare,ATM,Success,0,0,False,False,False,False,False
TXN0006631,CUST00542,2025-01-12 15:00:00,Debit,850.84,Travel,UPI,Success,0,1,False,False,False,False,False
TXN0006632,CUST00669,2026-06-26 02:00:00,Debit,765.06,Travel,UPI,Success,0,2,False,False,False,False,False
TXN0006633,CUST00123,2025-04-04 05:00:00,Credit,207.95,Entertainment,Net Banking,Success,0,0,False,False,False,False,False
TXN0006634,CUST00178,2025-07-29 06:00:00,Transfer,717.04,Salary,Debit Card,Success,0,0,False,False,False,False,False
TXN0006635,CUST00184,2025-07-03 00:00:00,Transfer,2240.18,Rent,UPI,Success,0,0,False,False,False,False,False
TXN0006636,CUST00133,2025-04-08 16:00:00,Credit,585.02,Travel,UPI,Success,0,0,False,False,False,False,False
TXN0006637,CUST00366,2025-06-27 12:00:00,Transfer,5955.9,Utilities,UPI,Success,1,0,False,False,False,False,False
TXN0006638,CUST00710,2025-05-09 10:00:00,Debit,4239.72,Rent,UPI,Success,0,0,False,False,False,False,False
TXN0006639,CUST00993,2025-11-30 02:00:00,Credit,1722.92,Entertainment,Credit Card,Success,0,0,False,False,False,False,False
TXN0006640,CUST00094,2025-07-25 06:00:00,Debit,2119.85,Investment,UPI,Success,1,1,False,False,False,False,False
TXN0006641,CUST00428,2025-07-19 10:00:00,Transfer,514.56,Food,Credit Card,Pending,0,0,False,False,False,False,False
TXN0006642,CUST00150,2025-03-12 12:00:00,Debit,1096.24,Groceries,Debit Card,Success,1,0,False,False,False,False,False
TXN0006643,CUST01194,2026-07-29 07:00:00,Transfer,715.4,Groceries,Debit Card,Success,0,2,False,False,False,False,False
TXN0006644,CUST00603,2026-05-21 00:00:00,Debit,6210.49,Travel,UPI,Success,0,0,False,False,False,False,False
TXN0006645,CUST00312,2025-04-25 06:00:00,Credit,902.66,Travel,Net Banking,Success,0,1,False,False,False,False,False
TXN0006646,CUST00818,2025-10-17 19:00:00,Debit,5939.71,Utilities,Net Banking,Success,0,0,False,False,False,False,False
TXN0006647,CUST00307,2025-03-21 08:00:00,Debit,2860.25,Rent,Debit Card,Success,0,0,False,False,False,False,False
TXN0006648,CUST00727,2026-07-09 12:00:00,Transfer,1384.47,Entertainment,UPI,Success,0,0,False,False,False,False,False
TXN0006649,CUST00558,2026-04-24 19:00:00,Credit,960.25,Rent,ATM,Success,0,0,False,False,False,False,False
TXN0006650,CUST00728,2025-10-31 14:00:00,Credit,434.57,Food,Debit Card,Success,0,0,False,False,False,False,False
TXN0006651,CUST00046,2026-03-14 13:00:00,Debit,2422.11,Salary,Credit Card,Unknown,0,1,False,False,False,False,False
TXN0006652,CUST00085,2025-11-30 17:00:00,Transfer,4539.67,Travel,ATM,Success,1,0,False,False,False,False,False
TXN0006653,CUST01119,2026-04-19 01:00:00,Transfer,353.37,Healthcare,Net Banking,Success,0,0,False,False,False,False,False
TXN0006654,CUST00888,2025-11-15 18:00:00,Credit,1522.18,Entertainment,UPI,Pending,0,1,False,False,False,False,False
TXN0006655,CUST00299,2025-09-05 09:00:00,Debit,1823.42,Investment,Credit Card,Failed,0,1,False,False,False,False,False
TXN0006656,CUST00475,2026-03-27 09:00:00,Debit,448.53,Food,ATM,Success,0,0,False,False,False,False,False
TXN0006657,CUST00156,2026-07-07 07:00:00,Debit,2690.74,Groceries,UPI,Success,1,1,False,False,False,False,False
TXN0006658,CUST01138,2025-12-14 11:00:00,Debit,996.81,Healthcare,UPI,Failed,0,0,False,False,False,False,False
TXN0006659,CUST00437,2026-02-15 16:00:00,Debit,291.79,Groceries,UPI,Success,0,1,False,False,False,False,False
TXN0006660,CUST00917,2026-05-08 15:00:00,Transfer,5467.4,Food,UPI,Success,0,0,False,False,False,False,False
TXN0006661,CUST01181,2025-02-04 09:00:00,Debit,1362.37,Food,Net Banking,Success,0,0,False,False,False,False,False
TXN0006662,CUST00490,2025-08-07 21:00:00,Transfer,1257.28,Investment,Debit Card,Success,0,0,False,False,False,False,False
TXN0006663,CUST01055,2025-04-28 13:00:00,Debit,1978.35,Healthcare,ATM,Success,0,2,False,False,False,False,False
TXN0006664,CUST00036,2026-03-06 06:00:00,Debit,439.25,Shopping,ATM,Success,0,1,False,False,False,False,False
TXN0006665,CUST00380,2025-01-26 13:00:00,Debit,403.74,Food,Credit Card,Success,0,0,False,False,False,False,False
TXN0006666,CUST00920,2026-08-14 04:00:00,Debit,4284.31,Shopping,Debit Card,Success,0,0,False,False,False,False,False
TXN0006667,CUST00787,2025-01-24 19:00:00,Transfer,1321.48,Entertainment,UPI,Success,0,0,False,False,False,False,False
TXN0006668,CUST00049,2025-05-03 13:00:00,Debit,1172.0,Groceries,Debit Card,Success,0,0,False,False,False,False,False
TXN0006669,CUST00610,2025-08-05 00:00:00,Debit,239.85,Groceries,UPI,Pending,0,0,False,False,False,False,False
TXN0006670,CUST01076,2025-09-28 23:00:00,Transfer,699.29,Investment,ATM,Success,0,0,False,False,False,False,False
TXN0006671,CUST00853,2025-05-14 21:00:00,Credit,1145.78,Entertainment,UPI,Success,0,1,False,False,False,False,False
TXN0006672,CUST00534,2025-06-03 16:00:00,Transfer,1206.03,Entertainment,Debit Card,Success,0,0,False,False,False,False,False
TXN0006673,CUST00940,2025-03-23 07:00:00,Transfer,1024.86,Investment,Debit Card,Success,0,0,False,False,False,False,False
TXN0006674,CUST00413,2025-04-27 04:00:00,Credit,1096.265,Rent,ATM,Failed,1,0,False,False,False,True,False
TXN0006675,CUST01125,2025-08-28 06:00:00,Transfer,4637.16,Groceries,ATM,Success,0,1,False,False,False,False,False
TXN0006676,CUST00621,2025-10-11 16:00:00,Credit,3068.41,Food,UPI,Success,0,0,False,False,False,False,False
TXN0006677,CUST00483,2025-09-06 07:00:00,Transfer,474.43,Entertainment,Debit Card,Success,0,0,False,False,False,False,False
TXN0006678,CUST00603,2026-05-18 02:00:00,Debit,10825.84,Entertainment,Debit Card,Success,0,1,False,False,False,False,False
TXN0006679,CUST00396,2026-07-28 19:00:00,Transfer,2211.33,Utilities,UPI,Success,0,1,False,False,False,False,False
TXN0006680,CUST00445,2025-04-21 15:00:00,Debit,869.04,Travel,Credit Card,Pending,0,0,False,False,False,False,False
TXN0006681,CUST00870,2025-12-08 04:00:00,Transfer,326.21,Travel,UPI,Success,0,0,False,False,False,False,False
TXN0006682,CUST00491,2025-09-04 20:00:00,Debit,102.62,Investment,Debit Card,Failed,0,1,False,False,False,False,False
TXN0006683,CUST01167,2025-08-04 20:00:00,Debit,3089.89,Travel,UPI,Success,0,0,False,False,False,False,False
TXN0006684,CUST01027,2025-02-04 14:00:00,Transfer,1096.265,Utilities,UPI,Success,0,0,False,False,False,True,False
TXN0006685,CUST00269,2025-09-14 19:00:00,Debit,350.45,Investment,Debit Card,Success,0,0,False,False,False,False,False
TXN0006686,CUST00634,2025-03-16 19:00:00,Debit,2500.05,Investment,Debit Card,Success,0,0,False,False,False,False,False
TXN0006687,CUST00340,2026-09-05 07:00:00,Debit,3306.12,Shopping,Debit Card,Success,0,0,False,False,False,False,False
TXN0006688,CUST00735,2025-06-26 23:00:00,Credit,798.71,Travel,ATM,Success,0,1,False,False,False,False,False
TXN0006689,CUST01186,2025-05-16 07:00:00,Debit,505.9,Shopping,Credit Card,Success,0,1,False,False,False,False,False
TXN0006690,CUST00972,2025-08-27 15:00:00,Debit,1819.35,Travel,UPI,Success,0,1,False,False,False,False,False
TXN0006691,CUST00140,2025-12-21 00:00:00,Debit,492.78,Rent,Debit Card,Success,0,1,False,False,False,False,False
TXN0006692,CUST01200,2026-05-30 22:00:00,Transfer,431.81,Travel,ATM,Success,0,0,False,False,False,False,False
TXN0006693,CUST01044,2025-08-01 16:00:00,Transfer,833.47,Utilities,ATM,Success,0,0,False,False,False,False,False
TXN0006694,CUST00315,2025-04-06 15:00:00,Transfer,823.52,Healthcare,Net Banking,Failed,0,0,False,False,False,False,False
TXN0006695,CUST00839,2026-01-12 13:00:00,Transfer,4024.09,Shopping,Net Banking,Success,0,1,False,False,False,False,False
TXN0006696,CUST00577,2026-05-28 05:00:00,Transfer,452.97,Shopping,Debit Card,Success,0,0,False,False,False,False,False
TXN0006697,CUST01121,2025-01-31 09:00:00,Transfer,3137.65,Shopping,UPI,Success,0,0,False,False,False,False,False
TXN0006698,CUST00434,2025-08-13 06:00:00,Debit,565.68,Food,UPI,Success,1,2,False,False,False,False,False
TXN0006699,CUST00092,2026-08-24 01:00:00,Credit,2877.33,Healthcare,UPI,Success,1,0,False,False,False,False,False
TXN0006700,CUST01013,2025-08-25 09:00:00,Credit,681.02,Shopping,Net Banking,Success,1,0,False,False,False,False,False
TXN0006701,CUST00814,2026-01-17 10:00:00,Debit,785.97,Utilities,UPI,Success,1,2,False,False,False,False,False
TXN0006702,CUST00716,2025-08-07 22:00:00,Debit,1110.97,Utilities,UPI,Success,0,1,False,False,False,False,False
TXN0006703,CUST00320,2025-11-18 23:00:00,Debit,928.02,Shopping,Debit Card,Failed,0,0,False,False,False,False,False
TXN0006704,CUST00004,2025-09-05 03:00:00,Transfer,10427.13,Entertainment,Net Banking,Success,0,0,False,False,False,False,False
TXN0006705,CUST00751,2026-07-16 12:00:00,Transfer,1051.83,Shopping,UPI,Success,0,0,False,False,False,False,False
TXN0006706,CUST00847,2025-12-04 03:00:00,Debit,393.29,Groceries,UPI,Success,1,1,False,False,False,False,False
TXN0006707,CUST00409,2025-08-02 18:00:00,Debit,454.73,Healthcare,Unknown,Success,0,0,False,False,False,False,False
TXN0006708,CUST00657,2026-06-28 05:00:00,Credit,972.83,Food,UPI,Success,0,0,False,False,False,False,False
TXN0006709,CUST00369,2026-03-01 02:00:00,Debit,744.7,Investment,UPI,Success,0,0,False,False,False,False,False
TXN0006710,CUST00984,2025-12-25 02:00:00,Debit,372.35,Groceries,Credit Card,Success,0,1,False,False,False,False,False
TXN0006711,CUST00055,2025-07-19 15:00:00,Credit,2308.09,Rent,ATM,Success,0,1,False,False,False,False,False
TXN0006712,CUST00847,2025-10-01 20:00:00,Transfer,1114.26,Salary,Debit Card,Success,0,0,False,False,False,False,False
TXN0006713,CUST01072,2025-02-23 09:00:00,Debit,364.77,Salary,UPI,Success,1,0,False,False,False,False,False
TXN0006714,CUST00230,2026-08-12 11:00:00,Debit,762.79,Entertainment,UPI,Failed,0,0,False,False,False,False,False
TXN0006715,CUST00007,2026-01-11 16:00:00,Transfer,15429.45,Healthcare,Credit Card,Success,0,0,False,False,False,False,True
TXN0006716,CUST00741,2026-05-16 15:00:00,Transfer,1718.43,Shopping,Debit Card,Success,0,1,False,False,False,False,False
TXN0006717,CUST00391,2026-07-29 14:00:00,Credit,1612.27,Groceries,Net Banking,Success,0,0,False,False,False,False,False
TXN0006718,CUST00530,2026-03-28 14:00:00,Debit,687.18,Entertainment,UPI,Success,0,0,False,False,False,False,False
TXN0006719,CUST00937,2025-02-27 06:00:00,Debit,821.38,Entertainment,UPI,Success,0,0,False,False,False,False,False
TXN0006720,CUST01098,2025-10-17 23:00:00,Debit,588.08,Investment,Net Banking,Success,0,0,False,False,False,False,False
TXN0006721,CUST00800,2026-09-09 23:00:00,Transfer,502.41,Entertainment,UPI,Success,0,1,False,False,False,False,False
TXN0006722,CUST00527,2026-09-07 22:00:00,Debit,277.71,Rent,Net Banking,Success,0,1,False,False,False,False,False
TXN0006723,CUST00750,2025-02-15 00:00:00,Debit,2756.63,Investment,Debit Card,Success,0,0,False,False,False,False,False
TXN0006724,CUST00471,2025-02-11 00:00:00,Debit,3419.17,Shopping,Net Banking,Success,0,0,False,False,False,False,False
TXN0006725,CUST01091,2025-03-24 02:00:00,Credit,1400.2,Healthcare,Net Banking,Success,0,1,False,False,False,False,False
TXN0006726,CUST00420,2026-04-26 11:00:00,Debit,13108.07,Shopping,UPI,Success,0,2,False,False,False,False,True
TXN0006727,CUST01012,2026-08-22 17:00:00,Debit,427.24,Healthcare,UPI,Success,0,0,False,False,False,False,False
TXN0006728,CUST00311,2025-10-22 11:00:00,Credit,1894.11,Entertainment,UPI,Success,0,0,False,False,False,False,False
TXN0006729,CUST00909,2026-04-30 08:00:00,Debit,3539.96,Groceries,UPI,Success,0,1,False,False,False,False,False
TXN0006730,CUST01105,2025-09-23 12:00:00,Debit,1420.26,Utilities,UPI,Success,0,1,False,False,False,False,False
TXN0006731,CUST01184,2025-03-29 16:00:00,Transfer,2997.07,Food,UPI,Success,0,0,False,False,False,False,False
TXN0006732,CUST00514,2026-09-17 19:00:00,Debit,3554.03,Entertainment,UPI,Success,0,0,False,False,False,False,False
TXN0006733,CUST00829,2025-12-03 16:00:00,Debit,3198.58,Salary,Debit Card,Success,0,0,False,False,False,False,False
TXN0006734,CUST00039,2026-09-16 02:00:00,Transfer,297.87,Groceries,Credit Card,Success,0,1,False,False,False,False,False
TXN0006735,CUST00047,2026-03-20 14:00:00,Transfer,956.78,Food,UPI,Success,0,0,False,False,False,False,False
TXN0006736,CUST00601,2026-07-27 06:00:00,Debit,1271.81,Travel,Debit Card,Success,1,1,False,False,False,False,False
TXN0006737,CUST00303,2025-09-08 23:00:00,Transfer,1952.9,Unknown,ATM,Success,0,0,False,False,False,False,False
TXN0006738,CUST01116,2025-11-21 22:00:00,Debit,1498.59,Salary,ATM,Success,0,0,False,False,False,False,False
TXN0006739,CUST00534,2026-01-14 14:00:00,Debit,3080.04,Healthcare,UPI,Success,0,0,False,False,False,False,False
TXN0006740,CUST00333,2025-10-28 22:00:00,Transfer,244.64,Food,UPI,Success,0,1,False,False,False,False,False
TXN0006741,CUST00906,2025-07-19 05:00:00,Transfer,1948.05,Healthcare,UPI,Success,0,1,False,False,False,False,False
TXN0006742,CUST01154,2025-03-29 00:00:00,Transfer,753.91,Food,UPI,Success,0,1,False,False,False,False,False
TXN0006743,CUST00880,2025-10-24 10:00:00,Transfer,1247.54,Travel,Credit Card,Success,0,0,False,False,False,False,False
TXN0006744,CUST00348,2025-07-30 23:00:00,Credit,1980.07,Rent,UPI,Failed,1,0,False,False,False,False,False
TXN0006745,CUST00530,2025-04-04 03:00:00,Debit,490.35,Entertainment,UPI,Success,0,0,False,False,False,False,False
TXN0006746,CUST00181,2025-06-15 14:00:00,Debit,2203.12,Healthcare,UPI,Success,0,0,False,False,False,False,False
TXN0006747,CUST00996,2026-02-18 11:00:00,Debit,3473.68,Entertainment,UPI,Failed,0,0,False,False,False,False,False
TXN0006748,CUST00258,2026-01-12 19:00:00,Debit,3063.58,Investment,UPI,Success,0,1,False,False,False,False,False
TXN0006749,CUST00557,2026-05-01 18:00:00,Debit,791.73,Healthcare,Debit Card,Success,0,0,False,False,False,False,False
TXN0006750,CUST00018,2025-04-30 10:00:00,Transfer,721.11,Travel,Net Banking,Success,0,0,False,False,False,False,False
TXN0006751,CUST00211,2025-02-24 11:00:00,Debit,3997.25,Salary,UPI,Success,0,0,False,False,False,False,False
TXN0006752,CUST00689,2025-07-31 09:00:00,Credit,2210.81,Unknown,UPI,Failed,0,0,False,False,False,False,False
TXN0006753,CUST01138,2025-01-07 02:00:00,Transfer,881.43,Utilities,Net Banking,Pending,0,0,False,False,False,False,False
TXN0006754,CUST00675,2026-05-21 15:00:00,Debit,338.79,Travel,ATM,Failed,0,0,False,False,False,False,False
TXN0006755,CUST00765,2026-01-24 19:00:00,Debit,1840.79,Rent,Credit Card,Unknown,0,0,False,False,False,False,False
TXN0006756,CUST00758,2026-03-20 11:00:00,Debit,10345.66,Rent,UPI,Success,0,0,False,False,False,False,False
TXN0006757,CUST00360,2025-10-10 13:00:00,Debit,1213.96,Travel,UPI,Failed,0,0,False,False,False,False,False
TXN0006758,CUST00919,2025-12-11 01:00:00,Debit,129.81,Entertainment,Net Banking,Success,0,0,False,False,False,False,False
TXN0006759,CUST00184,2025-08-07 01:00:00,Credit,934.74,Food,Debit Card,Failed,0,1,False,False,False,False,False
TXN0006760,CUST01037,2025-02-12 23:00:00,Transfer,502.12,Investment,Debit Card,Success,0,0,False,False,False,False,False
TXN0006761,CUST00019,2026-08-21 06:00:00,Credit,2121.56,Food,Debit Card,Success,0,0,False,False,False,False,False
TXN0006762,CUST00675,2026-08-21 14:00:00,Debit,369.52,Groceries,Net Banking,Success,0,0,False,False,False,False,False
TXN0006763,CUST00980,2026-05-09 17:00:00,Credit,2102.89,Shopping,UPI,Success,0,0,False,False,False,False,False
TXN0006764,CUST01200,2025-10-23 00:00:00,Transfer,872.51,Entertainment,UPI,Success,0,0,False,False,False,False,False
TXN0006765,CUST00092,2025-02-06 19:00:00,Debit,827.95,Rent,ATM,Success,0,0,False,False,False,False,False
TXN0006766,CUST00094,2026-01-27 17:00:00,Debit,2058.48,Investment,Debit Card,Success,0,1,False,False,False,False,False
TXN0006767,CUST00874,2025-05-17 23:00:00,Credit,577.34,Investment,Debit Card,Success,0,0,False,False,False,False,False
TXN0006768,CUST01043,2026-05-06 06:00:00,Debit,11414.29,Shopping,UPI,Success,0,0,False,False,False,False,False
TXN0006769,CUST00766,2025-03-20 12:00:00,Debit,3539.57,Entertainment,UPI,Success,0,0,False,False,False,False,False
TXN0006770,CUST01097,2025-05-28 19:00:00,Debit,1662.14,Groceries,UPI,Success,0,0,False,False,False,False,False
TXN0006771,CUST00345,2026-03-22 16:00:00,Debit,809.22,Entertainment,ATM,Success,0,0,False,False,False,False,False
TXN0006772,CUST00190,2026-01-10 11:00:00,Transfer,1283.91,Utilities,UPI,Unknown,0,1,False,False,False,False,False
TXN0006773,CUST00331,2025-02-02 03:00:00,Transfer,1231.48,Travel,UPI,Success,0,0,False,False,False,False,False
TXN0006774,CUST00175,2025-07-10 19:00:00,Debit,2860.55,Groceries,UPI,Success,0,0,False,False,False,False,False
TXN0006775,,2026-05-15 19:00:00,Debit,2373.26,Healthcare,UPI,Success,0,1,False,False,True,False,False
TXN0006776,CUST00401,2026-02-07 01:00:00,Debit,1120.28,Travel,ATM,Success,0,0,False,False,False,False,False
TXN0006777,CUST00729,2025-11-16 06:00:00,Debit,1096.265,Salary,Debit Card,Failed,0,1,False,False,False,True,False
TXN0006778,CUST00515,2025-10-12 15:00:00,Credit,2938.19,Food,UPI,Failed,0,0,False,False,False,False,False
TXN0006779,CUST00006,2026-06-17 06:00:00,Transfer,5298.81,Groceries,UPI,Success,0,0,False,False,False,False,False
TXN0006780,CUST00284,2026-09-07 20:00:00,Transfer,2903.24,Investment,UPI,Success,0,0,False,False,False,False,False
TXN0006781,CUST00949,2026-09-27 09:00:00,Debit,8024.49,Travel,Credit Card,Success,0,0,False,False,False,False,False
TXN0006782,CUST00392,2026-09-17 03:00:00,Credit,1608.35,Healthcare,Credit Card,Failed,1,0,False,False,False,False,False
TXN0006783,CUST00335,2026-06-16 16:00:00,Credit,2091.24,Groceries,Credit Card,Success,0,0,False,False,False,False,False
TXN0006784,CUST00224,2026-07-27 15:00:00,Debit,808.69,Rent,Debit Card,Failed,0,0,False,False,False,False,False
TXN0006785,CUST00463,2025-06-16 19:00:00,Credit,499.91,Groceries,UPI,Success,0,1,False,False,False,False,False
TXN0006786,CUST00112,2026-08-29 22:00:00,Debit,1648.08,Entertainment,Net Banking,Success,0,1,False,False,False,False,False
TXN0006787,CUST01108,2026-03-17 07:00:00,Debit,373.49,Food,UPI,Success,0,1,False,False,False,False,False
TXN0006788,CUST00874,2026-07-14 00:00:00,Debit,1316.7,Investment,Debit Card,Success,0,1,False,False,False,False,False
TXN0006789,CUST00548,2026-07-08 14:00:00,Credit,1058.82,Rent,UPI,Success,0,1,False,False,False,False,False
TXN0006790,CUST01155,2025-10-06 11:00:00,Debit,910.08,Entertainment,Net Banking,Success,0,0,False,False,False,False,False
TXN0006791,CUST00217,2026-04-28 19:00:00,Transfer,183.78,Salary,UPI,Success,0,0,False,False,False,False,False
TXN0006792,CUST00456,2025-04-10 05:00:00,Debit,2678.01,Food,Debit Card,Success,0,0,False,False,False,False,False
TXN0006793,CUST00754,2026-04-12 07:00:00,Credit,2489.09,Food,UPI,Unknown,0,0,False,False,False,False,False
TXN0006794,CUST00122,2025-10-03 11:00:00,Credit,2469.42,Groceries,Debit Card,Success,0,0,False,False,False,False,False
TXN0006795,CUST00488,2026-09-23 13:00:00,Transfer,341.14,Travel,Debit Card,Success,0,0,False,False,False,False,False
TXN0006796,CUST00253,2025-02-21 06:00:00,Transfer,1746.27,Groceries,Debit Card,Success,0,0,False,False,False,False,False
TXN0006797,CUST00707,2025-06-30 15:00:00,Credit,50.76,Salary,ATM,Success,0,0,False,False,False,False,False
TXN0006798,CUST00104,2025-09-15 06:00:00,Credit,3421.03,Food,Debit Card,Failed,0,0,False,False,False,False,False
TXN0006799,CUST00530,2025-07-18 02:00:00,Debit,1229.99,Shopping,ATM,Success,0,0,False,False,False,False,False
TXN0006800,CUST00635,2026-06-28 15:00:00,Debit,713.83,Investment,Credit Card,Success,0,0,False,False,False,False,False
TXN0006801,CUST00973,2025-02-22 09:00:00,Debit,695.29,Travel,Debit Card,Success,0,0,False,False,False,False,False
TXN0006802,CUST00136,2026-09-24 15:00:00,Debit,1730.09,Healthcare,Debit Card,Success,0,0,False,False,False,False,False
TXN0006803,CUST00613,2025-03-22 06:00:00,Transfer,912.92,Food,ATM,Success,0,0,False,False,False,False,False
TXN0006804,CUST00078,2025-07-11 19:00:00,Debit,5282.21,Salary,UPI,Success,0,1,False,False,False,False,False
TXN0006805,CUST00080,2025-11-13 11:00:00,Debit,2402.35,Food,Debit Card,Success,0,1,False,False,False,False,False
TXN0006806,CUST01171,2026-01-16 10:00:00,Debit,1395.74,Food,UPI,Success,0,0,False,False,False,False,False
TXN0006807,CUST00887,2026-03-11 23:00:00,Transfer,619.47,Salary,UPI,Success,0,0,False,False,False,False,False
TXN0006808,CUST00382,2025-12-06 13:00:00,Debit,946.01,Utilities,Debit Card,Success,0,0,False,False,False,False,False
TXN0006809,CUST00713,2025-10-29 21:00:00,Credit,2511.31,Salary,UPI,Success,0,0,False,False,False,False,False
TXN0006810,CUST00223,2025-05-06 21:00:00,Debit,1407.77,Groceries,Credit Card,Success,0,1,False,False,False,False,False
TXN0006811,CUST00082,2025-12-27 15:00:00,Debit,2219.49,Investment,UPI,Success,0,0,False,False,False,False,False
TXN0006812,CUST00017,2026-03-08 01:00:00,Transfer,1869.93,Shopping,Credit Card,Success,1,1,False,False,False,False,False
TXN0006813,CUST01048,2025-06-04 14:00:00,Debit,7080.05,Healthcare,UPI,Pending,0,0,False,False,False,False,False
TXN0006814,CUST00105,2025-05-14 21:00:00,Debit,11761.84,Food,UPI,Success,0,1,False,False,False,False,False
TXN0006815,CUST00427,2025-03-18 18:00:00,Debit,479.83,Rent,Debit Card,Success,0,0,False,False,False,False,False
TXN0006816,CUST01020,2025-07-17 15:00:00,Debit,4950.7,Healthcare,Credit Card,Success,0,1,False,False,False,False,False
TXN0006817,CUST01178,2025-08-19 15:00:00,Debit,2536.26,Utilities,Net Banking,Success,0,0,False,False,False,False,False
TXN0006818,CUST00632,2026-03-07 05:00:00,Credit,269.39,Healthcare,UPI,Success,0,0,False,False,False,False,False
TXN0006819,CUST00938,2025-07-29 02:00:00,Credit,606.6,Salary,UPI,Success,1,1,False,False,False,False,False
TXN0006820,CUST00303,2026-08-03 12:00:00,Credit,534.38,Travel,UPI,Pending,0,0,False,False,False,False,False
TXN0006821,CUST00998,2026-07-09 23:00:00,Transfer,1502.02,Rent,Net Banking,Success,0,1,False,False,False,False,False
TXN0006822,CUST00974,2026-08-12 20:00:00,Credit,4833.95,Groceries,Credit Card,Pending,0,0,False,False,False,False,False
TXN0006823,CUST00971,2025-02-17 04:00:00,Transfer,2576.04,Groceries,UPI,Success,0,1,False,False,False,False,False
TXN0006824,CUST00715,2025-05-13 05:00:00,Transfer,2319.05,Travel,ATM,Success,0,0,False,False,False,False,False
TXN0006825,CUST00020,2026-03-23 04:00:00,Debit,6161.85,Rent,UPI,Success,0,1,False,False,False,False,False
TXN0006826,CUST00892,2026-02-04 12:00:00,Debit,1292.02,Rent,Net Banking,Success,0,0,False,False,False,False,False
TXN0006827,CUST01153,2025-04-14 21:00:00,Debit,240.5,Travel,Debit Card,Success,0,0,False,False,False,False,False
TXN0006828,CUST00963,2025-06-05 17:00:00,Credit,1814.67,Investment,Net Banking,Success,0,0,False,False,False,False,False
TXN0006829,CUST00363,2025-11-25 12:00:00,Debit,4307.32,Entertainment,UPI,Success,0,0,False,False,False,False,False
TXN0006830,CUST00340,2025-09-06 00:00:00,Debit,1087.69,Groceries,Debit Card,Success,0,1,False,False,False,False,False
TXN0006831,CUST00010,2025-03-07 06:00:00,Debit,1655.56,Unknown,UPI,Success,0,0,False,False,False,False,False
TXN0006832,,2026-08-09 01:00:00,Debit,118.42,Food,Credit Card,Success,0,0,False,False,True,False,False
TXN0006833,CUST00988,2025-04-25 08:00:00,Transfer,554.01,Utilities,UPI,Success,0,0,False,False,False,False,False
TXN0006834,CUST01027,2025-05-11 03:00:00,Transfer,662.1,Entertainment,UPI,Success,0,0,False,False,False,False,False
TXN0006835,CUST00299,2026-09-19 17:00:00,Debit,7191.8,Salary,Credit Card,Success,0,0,False,False,False,False,False
TXN0006836,CUST00842,2026-05-12 15:00:00,Credit,835.34,Investment,Net Banking,Success,0,1,False,False,False,False,False
TXN0006837,CUST00029,2026-05-24 19:00:00,Debit,293.8,Groceries,UPI,Success,0,0,False,False,False,False,False
TXN0006838,CUST00673,2026-01-18 22:00:00,Debit,1012.32,Healthcare,Credit Card,Success,1,1,False,False,False,False,False
TXN0006839,CUST00832,2025-01-17 01:00:00,Debit,182.04,Salary,Debit Card,Success,0,0,False,False,False,False,False
TXN0006840,CUST00324,2025-02-15 17:00:00,Transfer,658.53,Travel,UPI,Unknown,0,0,False,False,False,False,False
TXN0006841,CUST00595,2026-06-13 23:00:00,Debit,2329.16,Rent,Credit Card,Success,0,0,False,False,False,False,False
TXN0006842,CUST01169,2025-09-15 18:00:00,Debit,2902.37,Investment,Credit Card,Success,0,0,False,False,False,False,False
TXN0006843,CUST00617,2025-10-08 14:00:00,Debit,3435.31,Travel,UPI,Success,0,0,False,False,False,False,False
TXN0006844,CUST00074,2026-08-06 22:00:00,Transfer,997.41,Travel,Net Banking,Pending,0,0,False,False,False,False,False
TXN0006845,CUST00625,2025-04-09 13:00:00,Debit,14738.27,Healthcare,Net Banking,Success,0,0,False,False,False,False,True
TXN0006846,CUST00153,2026-04-12 18:00:00,Transfer,547.67,Food,Debit Card,Success,0,0,False,False,False,False,False
TXN0006847,CUST01198,2026-07-21 12:00:00,Transfer,24108.99,Food,UPI,Success,0,0,False,False,False,False,True
TXN0006848,CUST01099,2025-01-09 05:00:00,Debit,1084.93,Travel,ATM,Success,0,0,False,False,False,False,False
TXN0006849,CUST01062,2025-01-09 05:00:00,Debit,546.07,Entertainment,Debit Card,Success,0,0,False,False,False,False,False
TXN0006850,CUST00348,2026-07-31 18:00:00,Transfer,3656.92,Shopping,Debit Card,Success,0,0,False,False,False,False,False
TXN0006851,CUST01020,2026-03-12 18:00:00,Debit,474.71,Entertainment,ATM,Success,0,0,False,False,False,False,False
TXN0006852,CUST00535,2025-04-21 17:00:00,Credit,307.5,Healthcare,ATM,Success,0,0,False,False,False,False,False
TXN0006853,CUST00991,2025-04-21 19:00:00,Credit,906.76,Salary,Debit Card,Success,0,0,False,False,False,False,False
TXN0006854,CUST00577,2025-02-28 21:00:00,Debit,433.74,Rent,ATM,Success,0,1,False,False,False,False,False
TXN0006855,CUST00820,2025-02-23 10:00:00,Debit,4994.58,Shopping,UPI,Success,0,0,False,False,False,False,False
TXN0006856,CUST00749,2026-08-06 17:00:00,Debit,1553.33,Investment,ATM,Success,0,1,False,False,False,False,False
TXN0006857,CUST00692,2026-06-23 22:00:00,Credit,239.57,Shopping,Credit Card,Success,0,0,False,False,False,False,False
TXN0006858,CUST00549,2026-05-24 06:00:00,Transfer,1081.65,Entertainment,ATM,Success,0,0,False,False,False,False,False
TXN0006859,CUST00108,2025-08-11 01:00:00,Transfer,100.98,Entertainment,Debit Card,Success,0,0,False,False,False,False,False
TXN0006860,CUST00829,2026-04-02 11:00:00,Debit,434.65,Salary,Net Banking,Success,0,0,False,False,False,False,False
TXN0006861,CUST00341,2026-07-22 17:00:00,Debit,352.31,Unknown,UPI,Pending,0,1,False,False,False,False,False
TXN0006862,CUST01051,2025-06-17 21:00:00,Transfer,438.44,Utilities,Net Banking,Success,0,1,False,False,False,False,False
TXN0006863,CUST00606,2025-05-01 20:00:00,Debit,2522.46,Shopping,UPI,Success,0,0,False,False,False,False,False
TXN0006864,CUST00063,2025-11-22 20:00:00,Transfer,1184.38,Rent,Credit Card,Success,0,0,False,False,False,False,False
TXN0006865,CUST00362,2025-12-20 06:00:00,Debit,720.21,Healthcare,UPI,Success,0,0,False,False,False,False,False
TXN0006866,CUST00496,2025-04-13 04:00:00,Transfer,674.45,Rent,Debit Card,Success,0,0,False,False,False,False,False
TXN0006867,CUST00776,2025-06-28 01:00:00,Transfer,1935.68,Travel,UPI,Success,0,0,False,False,False,False,False
TXN0006868,CUST00759,2025-02-03 08:00:00,Debit,308.18,Food,UPI,Success,0,0,False,False,False,False,False
TXN0006869,CUST00815,2025-03-13 13:00:00,Debit,3306.45,Entertainment,UPI,Success,0,0,False,False,False,False,False
TXN0006870,CUST00469,2026-04-21 05:00:00,Transfer,899.32,Salary,Credit Card,Success,0,0,False,False,False,False,False
TXN0006871,CUST00096,2025-08-06 01:00:00,Transfer,3621.03,Salary,UPI,Failed,0,0,False,False,False,False,False
TXN0006872,CUST00255,2025-12-09 13:00:00,Debit,950.51,Travel,UPI,Success,0,0,False,False,False,False,False
TXN0006873,CUST00753,2026-07-27 15:00:00,Credit,2019.25,Shopping,UPI,Success,0,0,False,False,False,False,False
TXN0006874,CUST00805,2025-03-06 08:00:00,Debit,2373.75,Food,UPI,Success,0,0,False,False,False,False,False
TXN0006875,CUST00394,2025-12-24 21:00:00,Debit,816.23,Entertainment,UPI,Success,0,0,False,False,False,False,False
TXN0006876,CUST00225,2025-02-26 02:00:00,Transfer,619.83,Rent,UPI,Success,0,0,False,False,False,False,False
TXN0006877,CUST00978,2026-09-09 05:00:00,Debit,10494.95,Travel,UPI,Success,0,0,False,False,False,False,False
TXN0006878,CUST00247,2026-04-05 23:00:00,Debit,956.44,Groceries,Debit Card,Failed,0,0,False,False,False,False,False
TXN0006879,CUST00404,2025-12-20 21:00:00,Credit,714.7,Entertainment,Net Banking,Success,0,1,False,False,False,False,False
TXN0006880,CUST00499,2025-11-17 11:00:00,Debit,2478.38,Entertainment,UPI,Success,0,0,False,False,False,False,False
TXN0006881,CUST00765,2026-09-20 18:00:00,Transfer,131.34,Groceries,UPI,Success,0,0,False,False,False,False,False
TXN0006882,CUST00708,2025-05-16 15:00:00,Credit,146.32,Healthcare,UPI,Success,0,0,False,False,False,False,False
TXN0006883,CUST00295,2025-03-08 18:00:00,Transfer,9047.06,Entertainment,ATM,Pending,0,1,False,False,False,False,False
TXN0006884,CUST00377,2026-08-23 20:00:00,Credit,4495.42,Food,Debit Card,Success,0,0,False,False,False,False,False
TXN0006885,CUST00380,2025-03-27 07:00:00,Transfer,1597.1,Healthcare,UPI,Success,0,0,False,False,False,False,False
TXN0006886,CUST00175,2026-02-25 20:00:00,Transfer,259.5,Groceries,UPI,Success,0,0,False,False,False,False,False
TXN0006887,CUST00657,2025-01-13 03:00:00,Transfer,1192.74,Entertainment,UPI,Success,0,1,False,False,False,False,False
TXN0006888,CUST00471,2026-02-09 01:00:00,Debit,4357.63,Food,Debit Card,Success,0,2,False,False,False,False,False
TXN0006889,CUST00394,2025-11-26 21:00:00,Debit,1495.5,Utilities,Debit Card,Success,1,0,False,False,False,False,False
TXN0006890,CUST00658,2025-03-06 22:00:00,Debit,2144.42,Investment,Net Banking,Success,0,0,False,False,False,False,False
TXN0006891,CUST00586,2026-04-01 23:00:00,Transfer,1986.72,Travel,UPI,Success,0,0,False,False,False,False,False
TXN0006892,CUST00360,2026-07-16 17:00:00,Transfer,386.05,Food,UPI,Success,0,0,False,False,False,False,False
TXN0006893,CUST00729,2026-03-07 21:00:00,Debit,672.15,Food,UPI,Success,0,0,False,False,False,False,False
TXN0006894,CUST00937,2025-10-14 23:00:00,Transfer,270.12,Shopping,Debit Card,Success,0,0,False,False,False,False,False
TXN0006895,CUST00311,2025-07-07 03:00:00,Credit,386.12,Entertainment,ATM,Failed,0,0,False,False,False,False,False
TXN0006896,CUST01090,2026-04-02 16:00:00,Credit,526.7,Groceries,ATM,Success,0,0,False,False,False,False,False
TXN0006897,CUST00633,2025-09-05 14:00:00,Debit,225.94,Salary,Net Banking,Success,0,0,False,False,False,False,False
TXN0006898,,2025-12-09 14:00:00,Debit,287.35,Travel,Debit Card,Pending,0,0,False,False,True,False,False
TXN0006899,CUST00741,2026-01-14 22:00:00,Transfer,142.02,Food,Credit Card,Failed,0,0,False,False,False,False,False
TXN0006900,CUST00983,2025-12-05 14:00:00,Transfer,719.15,Healthcare,Net Banking,Failed,0,1,False,False,False,False,False
TXN0006901,CUST01020,2025-05-26 23:00:00,Credit,385.36,Rent,ATM,Success,0,0,False,False,False,False,False
TXN0006902,CUST00338,2025-06-10 01:00:00,Debit,278.73,Shopping,Net Banking,Success,0,0,False,False,False,False,False
TXN0006903,CUST00648,2026-08-14 01:00:00,Transfer,4701.74,Travel,UPI,Success,0,0,False,False,False,False,False
TXN0006904,CUST00692,2026-08-06 03:00:00,Credit,5002.11,Rent,UPI,Success,0,0,False,False,False,False,False
TXN0006905,CUST00461,2026-01-24 08:00:00,Transfer,799.52,Shopping,Debit Card,Success,0,1,False,False,False,False,False
TXN0006906,CUST00106,2025-03-10 08:00:00,Debit,2377.81,Food,Credit Card,Success,0,0,False,False,False,False,False
TXN0006907,CUST00836,2026-04-07 04:00:00,Debit,1859.11,Entertainment,Debit Card,Failed,0,0,False,False,False,False,False
TXN0006908,CUST01096,2026-06-07 17:00:00,Transfer,534.43,Entertainment,UPI,Success,0,0,False,False,False,False,False
TXN0006909,CUST00167,2026-05-25 23:00:00,Transfer,2191.15,Shopping,Debit Card,Success,0,0,False,False,False,False,False
TXN0006910,CUST00040,2026-03-06 08:00:00,Debit,597.95,Rent,Credit Card,Success,0,0,False,False,False,False,False
TXN0006911,CUST00515,2026-03-14 00:00:00,Debit,9050.48,Shopping,ATM,Success,0,0,False,False,False,False,False
TXN0006912,CUST01062,2025-01-17 05:00:00,Debit,3592.89,Salary,UPI,Success,0,1,False,False,False,False,False
TXN0006913,CUST00056,2026-02-23 06:00:00,Debit,2065.47,Utilities,Debit Card,Success,0,0,False,False,False,False,False
TXN0006914,CUST00804,2025-01-27 02:00:00,Debit,420.53,Utilities,Net Banking,Success,1,0,False,False,False,False,False
TXN0006915,CUST01095,2025-03-15 01:00:00,Credit,2877.04,Entertainment,UPI,Success,0,0,False,False,False,False,False
TXN0006916,CUST00174,2026-05-15 20:00:00,Credit,686.7,Healthcare,Net Banking,Success,0,0,False,False,False,False,False
TXN0006917,CUST01030,2025-01-02 19:00:00,Credit,350.44,Investment,Credit Card,Success,0,0,False,False,False,False,False
TXN0006918,CUST00444,2025-09-19 03:00:00,Debit,1209.81,Investment,ATM,Success,0,1,False,False,False,False,False
TXN0006919,CUST00383,2025-09-13 12:00:00,Transfer,222.93,Groceries,UPI,Success,0,0,False,False,False,False,False
TXN0006920,CUST00495,2025-09-30 01:00:00,Transfer,1476.07,Travel,UPI,Pending,0,0,False,False,False,False,False
TXN0006921,CUST01115,2025-01-17 18:00:00,Transfer,1893.8,Food,UPI,Success,0,0,False,False,False,False,False
TXN0006922,CUST00742,2025-02-05 06:00:00,Transfer,2143.64,Utilities,Net Banking,Success,0,0,False,False,False,False,False
TXN0006923,CUST00442,2025-02-17 00:00:00,Debit,105.85,Utilities,UPI,Success,0,1,False,False,False,False,False
TXN0006924,CUST00009,2026-05-26 14:00:00,Credit,32102.52,Entertainment,UPI,Pending,1,0,False,False,False,False,True
TXN0006925,CUST01079,2026-01-10 14:00:00,Debit,303.95,Utilities,UPI,Success,0,0,False,False,False,False,False
TXN0006926,CUST00235,2025-03-17 02:00:00,Credit,798.99,Groceries,Net Banking,Success,0,0,False,False,False,False,False
TXN0006927,CUST00725,2025-11-09 16:00:00,Debit,1000.49,Entertainment,UPI,Success,0,0,False,False,False,False,False
TXN0006928,CUST01066,2025-10-05 12:00:00,Debit,2135.52,Salary,ATM,Success,0,1,False,False,False,False,False
TXN0006929,,2026-03-19 00:00:00,Debit,1083.76,Rent,Net Banking,Unknown,0,0,False,False,True,False,False
TXN0006930,CUST00396,2026-06-24 22:00:00,Credit,3239.16,Unknown,ATM,Success,0,0,False,False,False,False,False
TXN0006931,CUST00240,2025-04-27 11:00:00,Debit,350.9,Shopping,Debit Card,Pending,0,2,False,False,False,False,False
TXN0006932,CUST00304,2025-09-27 00:00:00,Transfer,370.26,Shopping,Debit Card,Success,1,1,False,False,False,False,False
TXN0006933,CUST00944,2025-08-23 09:00:00,Debit,1968.58,Entertainment,Credit Card,Success,0,0,False,False,False,False,False
TXN0006934,CUST00800,2025-06-18 17:00:00,Transfer,216.0,Healthcare,ATM,Failed,0,0,False,False,False,False,False
TXN0006935,CUST00653,2025-04-11 02:00:00,Credit,19721.08,Entertainment,Credit Card,Failed,0,1,False,False,False,False,True
TXN0006936,CUST00706,2025-03-10 18:00:00,Debit,960.67,Rent,Net Banking,Success,0,0,False,False,False,False,False
TXN0006937,CUST00310,2025-07-15 14:00:00,Transfer,1831.91,Groceries,UPI,Success,0,0,False,False,False,False,False
TXN0006938,CUST00850,2025-06-01 17:00:00,Credit,3126.03,Food,Debit Card,Success,0,0,False,False,False,False,False
TXN0006939,CUST01061,2025-11-15 16:00:00,Debit,276.52,Salary,ATM,Success,0,0,False,False,False,False,False
TXN0006940,CUST00444,2025-11-17 20:00:00,Credit,1355.99,Shopping,UPI,Success,0,0,False,False,False,False,False
TXN0006941,CUST00402,2026-08-13 04:00:00,Debit,1191.34,Groceries,UPI,Success,0,0,False,False,False,False,False
TXN0006942,CUST00090,2025-03-27 23:00:00,Transfer,20688.64,Healthcare,Debit Card,Success,0,2,False,False,False,False,True
TXN0006943,CUST00911,2026-06-08 19:00:00,Debit,854.19,Utilities,UPI,Pending,0,0,False,False,False,False,False
TXN0006944,CUST00156,2025-06-28 20:00:00,Transfer,980.34,Salary,UPI,Success,1,0,False,False,False,False,False
TXN0006945,CUST00721,2026-03-12 05:00:00,Debit,1134.31,Utilities,UPI,Pending,0,0,False,False,False,False,False
TXN0006946,CUST00228,2025-10-17 03:00:00,Debit,12942.07,Food,Debit Card,Success,0,0,False,False,False,False,True
TXN0006947,CUST00513,2025-02-16 05:00:00,Credit,520.55,Healthcare,UPI,Success,0,2,False,False,False,False,False
TXN0006948,CUST00268,2026-02-12 17:00:00,Credit,214.27,Salary,Credit Card,Success,0,0,False,False,False,False,False
TXN0006949,CUST00834,2026-04-15 17:00:00,Transfer,990.35,Entertainment,Debit Card,Failed,0,1,False,False,False,False,False
TXN0006950,CUST00811,2025-10-28 09:00:00,Credit,467.78,Salary,Credit Card,Success,0,1,False,False,False,False,False
TXN0006951,CUST00372,2026-05-02 02:00:00,Transfer,354.48,Food,UPI,Success,0,0,False,False,False,False,False
TXN0006952,CUST00569,2026-04-08 11:00:00,Debit,359.43,Shopping,ATM,Success,0,1,False,False,False,False,False
TXN0006953,CUST00936,2026-05-24 17:00:00,Credit,1081.41,Groceries,Credit Card,Success,0,0,False,False,False,False,False
TXN0006954,CUST01070,2026-07-31 08:00:00,Transfer,4103.9,Groceries,UPI,Failed,0,0,False,False,False,False,False
TXN0006955,CUST00306,2026-02-15 16:00:00,Credit,2796.14,Investment,UPI,Success,1,1,False,False,False,False,False
TXN0006956,CUST00505,2025-12-27 07:00:00,Transfer,1457.1,Food,ATM,Success,0,1,False,False,False,False,False
TXN0006957,CUST00749,2026-05-11 09:00:00,Debit,838.11,Entertainment,Debit Card,Success,0,1,False,False,False,False,False
TXN0006958,CUST00892,2025-06-11 00:00:00,Credit,6538.87,Salary,Net Banking,Success,0,1,False,False,False,False,False
TXN0006959,CUST00808,2025-09-08 09:00:00,Credit,190.46,Entertainment,UPI,Failed,0,0,False,False,False,False,False
TXN0006960,CUST00231,2025-09-12 23:00:00,Debit,839.58,Groceries,UPI,Success,0,2,False,False,False,False,False
TXN0006961,CUST00921,2026-04-26 04:00:00,Transfer,514.25,Shopping,UPI,Success,0,1,False,False,False,False,False
TXN0006962,CUST00084,2026-07-16 06:00:00,Transfer,4375.39,Utilities,UPI,Success,0,0,False,False,False,False,False
TXN0006963,CUST00537,2026-02-13 11:00:00,Transfer,273.73,Entertainment,Debit Card,Success,0,0,False,False,False,False,False
TXN0006964,CUST01191,2025-07-17 09:00:00,Credit,2618.33,Food,ATM,Success,0,0,False,False,False,False,False
TXN0006965,CUST00629,2025-07-05 03:00:00,Debit,332.92,Shopping,Debit Card,Success,0,0,False,False,False,False,False
TXN0006966,CUST00160,2026-07-08 06:00:00,Debit,905.4,Entertainment,UPI,Success,0,0,False,False,False,False,False
TXN0006967,CUST00693,2025-05-25 00:00:00,Transfer,486.84,Utilities,Debit Card,Pending,0,0,False,False,False,False,False
TXN0006968,CUST00874,2025-01-16 06:00:00,Credit,519.49,Healthcare,UPI,Success,0,0,False,False,False,False,False
TXN0006969,CUST00703,2025-10-18 22:00:00,Debit,437.25,Healthcare,Net Banking,Success,0,0,False,False,False,False,False
TXN0006970,CUST01078,2025-07-22 23:00:00,Debit,4830.07,Travel,Credit Card,Pending,0,2,False,False,False,False,False
TXN0006971,CUST00714,2026-08-21 07:00:00,Transfer,522.67,Travel,Debit Card,Pending,0,0,False,False,False,False,False
TXN0006972,CUST01082,2026-04-02 16:00:00,Debit,1178.02,Shopping,UPI,Success,0,0,False,False,False,False,False
TXN0006973,CUST00806,2025-07-14 23:00:00,Debit,4302.22,Food,Credit Card,Success,0,0,False,False,False,False,False
TXN0006974,CUST01118,2026-07-05 14:00:00,Credit,998.16,Salary,ATM,Success,0,0,False,False,False,False,False
TXN0006975,CUST00523,2026-03-19 01:00:00,Transfer,6587.28,Rent,UPI,Success,0,1,False,False,False,False,False
TXN0006976,CUST01119,2025-11-04 02:00:00,Debit,2119.49,Travel,Net Banking,Success,0,0,False,False,False,False,False
TXN0006977,CUST00406,2025-11-05 09:00:00,Debit,592.96,Entertainment,Debit Card,Success,0,1,False,False,False,False,False
TXN0006978,CUST00933,2026-02-21 02:00:00,Transfer,296.45,Entertainment,UPI,Success,0,0,False,False,False,False,False
TXN0006979,,2025-10-11 05:00:00,Credit,1249.28,Food,Credit Card,Success,0,1,False,False,True,False,False
TXN0006980,CUST00017,2026-05-14 12:00:00,Credit,2208.88,Rent,Debit Card,Success,0,1,False,False,False,False,False
TXN0006981,CUST00310,2026-08-31 06:00:00,Debit,440.22,Entertainment,UPI,Failed,0,1,False,False,False,False,False
TXN0006982,CUST00231,2025-04-12 02:00:00,Credit,100.27,Utilities,UPI,Success,0,0,False,False,False,False,False
TXN0006983,CUST01013,2025-01-04 18:00:00,Transfer,435.55,Entertainment,Debit Card,Success,0,1,False,False,False,False,False
TXN0006984,CUST01010,2026-08-13 11:00:00,Debit,1033.75,Shopping,UPI,Pending,0,0,False,False,False,False,False
TXN0006985,CUST00439,2026-09-17 23:00:00,Credit,1169.41,Food,UPI,Success,0,1,False,False,False,False,False
TXN0006986,CUST00942,2026-06-19 09:00:00,Transfer,105.32,Investment,UPI,Success,0,0,False,False,False,False,False
TXN0006987,CUST00308,2025-02-20 10:00:00,Credit,1613.98,Investment,UPI,Success,0,1,False,False,False,False,False
TXN0006988,CUST00809,2025-09-17 23:00:00,Debit,1607.48,Food,UPI,Success,0,0,False,False,False,False,False
TXN0006989,CUST00836,2026-07-25 08:00:00,Debit,90.2,Utilities,Credit Card,Failed,0,1,False,False,False,False,False
TXN0006990,CUST00847,2026-07-17 22:00:00,Debit,150.2,Healthcare,Net Banking,Success,0,0,False,False,False,False,False
TXN0006991,CUST00048,2025-04-13 13:00:00,Debit,1162.59,Shopping,Net Banking,Success,0,0,False,False,False,False,False
TXN0006992,CUST00642,2026-02-07 08:00:00,Credit,677.96,Travel,Debit Card,Success,0,0,False,False,False,False,False
TXN0006993,CUST00107,2026-05-08 04:00:00,Debit,932.34,Utilities,Debit Card,Failed,0,1,False,False,False,False,False
TXN0006994,CUST00203,2026-02-12 08:00:00,Transfer,583.84,Healthcare,UPI,Success,0,0,False,False,False,False,False
TXN0006995,CUST00440,2025-04-16 11:00:00,Transfer,481.94,Entertainment,ATM,Success,0,0,False,False,False,False,False
TXN0006996,,2025-05-09 09:00:00,Transfer,5155.94,Travel,ATM,Success,0,0,False,False,True,False,False
TXN0006997,CUST00140,2026-04-03 20:00:00,Transfer,585.09,Groceries,Credit Card,Success,0,0,False,False,False,False,False
TXN0006998,CUST01187,2025-09-13 14:00:00,Credit,1591.36,Healthcare,Net Banking,Success,0,0,False,False,False,False,False
TXN0006999,CUST00371,2025-09-03 17:00:00,Credit,737.78,Salary,Net Banking,Success,0,0,False,False,False,False,False
TXN0007000,CUST00979,2025-05-01 16:00:00,Credit,1653.67,Rent,Debit Card,Success,0,0,False,False,False,False,False
